periode_codi,any,mes,tipus_periode,codi_municipi,municipi,illa,ocupacio_apartaments_pct,ocupacio_places_pct,ocupacio_apartaments_cap_setmana_pct,ocupacio_places_cap_setmana_pct,qualitat
2008,2008,,anual,07003,Alcúdia,Mallorca,79.09,73.84,77.12,73.97,A
2008,2008,,anual,07011,Calvià,Mallorca,60.79,51.83,61.52,52.36,A
2008,2008,,anual,07015,Ciutadella de Menorca,Menorca,61.42,53.4,61.33,53.2,A
2008,2008,,anual,07022,Felanitx,Mallorca,62.28,51.3,61.66,50.55,A
2008,2008,,anual,07024,Formentera,Formentera,52.14,42.52,53.33,43.38,A
2008,2008,,anual,07026,Eivissa,Eivissa,62.46,50.32,63.86,51.46,A
2008,2008,,anual,07040,Palma,Mallorca,66.06,55.34,65.98,56.18,A
2008,2008,,anual,07042,Pollença,Mallorca,71.74,65.67,72.01,66.12,A
2008,2008,,anual,07046,Sant Antoni de Portmany,Eivissa,54.96,54.0,56.63,55.38,A
2008,2008,,anual,07048,Sant Josep de sa Talaia,Eivissa,59.86,49.86,60.5,50.36,A
2008,2008,,anual,07051,Sant Llorenç des Cardassar,Mallorca,65.31,59.28,65.95,59.59,A
2008,2008,,anual,07052,Sant Lluís,Menorca,48.29,36.64,50.83,38.36,A
2008,2008,,anual,07054,Santa Eulària des Riu,Eivissa,50.37,41.93,50.78,41.98,A
2008,2008,,anual,07057,Santanyí,Mallorca,72.76,66.7,72.21,66.23,A
2008,2008,,anual,07062,Son Servera,Mallorca,57.39,50.01,56.97,49.55,A
2008-M01,2008,1,mensual,07003,Alcúdia,Mallorca,,,,,U
2008-M01,2008,1,mensual,07011,Calvià,Mallorca,55.92,26.09,54.36,25.02,A
2008-M01,2008,1,mensual,07015,Ciutadella de Menorca,Menorca,,,,,U
2008-M01,2008,1,mensual,07022,Felanitx,Mallorca,,,,,U
2008-M01,2008,1,mensual,07024,Formentera,Formentera,,,,,U
2008-M01,2008,1,mensual,07026,Eivissa,Eivissa,,,,,U
2008-M01,2008,1,mensual,07040,Palma,Mallorca,49.57,36.45,48.37,36.13,A
2008-M01,2008,1,mensual,07042,Pollença,Mallorca,,,,,U
2008-M01,2008,1,mensual,07046,Sant Antoni de Portmany,Eivissa,,,,,U
2008-M01,2008,1,mensual,07048,Sant Josep de sa Talaia,Eivissa,,,,,U
2008-M01,2008,1,mensual,07051,Sant Llorenç des Cardassar,Mallorca,,,,,U
2008-M01,2008,1,mensual,07052,Sant Lluís,Menorca,,,,,U
2008-M01,2008,1,mensual,07054,Santa Eulària des Riu,Eivissa,,,,,U
2008-M01,2008,1,mensual,07057,Santanyí,Mallorca,,,,,U
2008-M01,2008,1,mensual,07062,Son Servera,Mallorca,,,,,U
2008-M02,2008,2,mensual,07003,Alcúdia,Mallorca,,,,,U
2008-M02,2008,2,mensual,07011,Calvià,Mallorca,72.68,46.02,61.58,38.48,A
2008-M02,2008,2,mensual,07015,Ciutadella de Menorca,Menorca,,,,,U
2008-M02,2008,2,mensual,07022,Felanitx,Mallorca,,,,,U
2008-M02,2008,2,mensual,07024,Formentera,Formentera,,,,,U
2008-M02,2008,2,mensual,07026,Eivissa,Eivissa,,,,,U
2008-M02,2008,2,mensual,07040,Palma,Mallorca,63.77,55.06,64.11,55.21,A
2008-M02,2008,2,mensual,07042,Pollença,Mallorca,,,,,U
2008-M02,2008,2,mensual,07046,Sant Antoni de Portmany,Eivissa,,,,,U
2008-M02,2008,2,mensual,07048,Sant Josep de sa Talaia,Eivissa,,,,,U
2008-M02,2008,2,mensual,07051,Sant Llorenç des Cardassar,Mallorca,,,,,U
2008-M02,2008,2,mensual,07052,Sant Lluís,Menorca,,,,,U
2008-M02,2008,2,mensual,07054,Santa Eulària des Riu,Eivissa,,,,,U
2008-M02,2008,2,mensual,07057,Santanyí,Mallorca,,,,,U
2008-M02,2008,2,mensual,07062,Son Servera,Mallorca,,,,,U
2008-M03,2008,3,mensual,07003,Alcúdia,Mallorca,,,,,U
2008-M03,2008,3,mensual,07011,Calvià,Mallorca,79.08,54.73,80.78,55.97,A
2008-M03,2008,3,mensual,07015,Ciutadella de Menorca,Menorca,,,,,U
2008-M03,2008,3,mensual,07022,Felanitx,Mallorca,,,,,U
2008-M03,2008,3,mensual,07024,Formentera,Formentera,,,,,U
2008-M03,2008,3,mensual,07026,Eivissa,Eivissa,,,,,U
2008-M03,2008,3,mensual,07040,Palma,Mallorca,70.93,52.65,70.82,54.4,A
2008-M03,2008,3,mensual,07042,Pollença,Mallorca,,,,,U
2008-M03,2008,3,mensual,07046,Sant Antoni de Portmany,Eivissa,,,,,U
2008-M03,2008,3,mensual,07048,Sant Josep de sa Talaia,Eivissa,,,,,U
2008-M03,2008,3,mensual,07051,Sant Llorenç des Cardassar,Mallorca,,,,,U
2008-M03,2008,3,mensual,07052,Sant Lluís,Menorca,,,,,U
2008-M03,2008,3,mensual,07054,Santa Eulària des Riu,Eivissa,,,,,U
2008-M03,2008,3,mensual,07057,Santanyí,Mallorca,,,,,U
2008-M03,2008,3,mensual,07062,Son Servera,Mallorca,,,,,U
2008-M04,2008,4,mensual,07003,Alcúdia,Mallorca,,,,,U
2008-M04,2008,4,mensual,07011,Calvià,Mallorca,62.95,48.72,65.46,50.42,A
2008-M04,2008,4,mensual,07015,Ciutadella de Menorca,Menorca,,,,,U
2008-M04,2008,4,mensual,07022,Felanitx,Mallorca,,,,,U
2008-M04,2008,4,mensual,07024,Formentera,Formentera,,,,,U
2008-M04,2008,4,mensual,07026,Eivissa,Eivissa,,,,,U
2008-M04,2008,4,mensual,07040,Palma,Mallorca,,,,,U
2008-M04,2008,4,mensual,07042,Pollença,Mallorca,,,,,U
2008-M04,2008,4,mensual,07046,Sant Antoni de Portmany,Eivissa,,,,,U
2008-M04,2008,4,mensual,07048,Sant Josep de sa Talaia,Eivissa,,,,,U
2008-M04,2008,4,mensual,07051,Sant Llorenç des Cardassar,Mallorca,,,,,U
2008-M04,2008,4,mensual,07052,Sant Lluís,Menorca,,,,,U
2008-M04,2008,4,mensual,07054,Santa Eulària des Riu,Eivissa,,,,,U
2008-M04,2008,4,mensual,07057,Santanyí,Mallorca,34.73,27.65,34.98,27.89,A
2008-M04,2008,4,mensual,07062,Son Servera,Mallorca,,,,,U
2008-M05,2008,5,mensual,07003,Alcúdia,Mallorca,75.82,64.68,71.85,62.79,A
2008-M05,2008,5,mensual,07011,Calvià,Mallorca,46.69,41.12,46.41,40.96,A
2008-M05,2008,5,mensual,07015,Ciutadella de Menorca,Menorca,36.93,31.41,36.94,31.21,A
2008-M05,2008,5,mensual,07022,Felanitx,Mallorca,55.63,46.77,54.81,45.4,A
2008-M05,2008,5,mensual,07024,Formentera,Formentera,18.52,13.51,21.55,16.33,A
2008-M05,2008,5,mensual,07026,Eivissa,Eivissa,46.22,38.55,45.24,38.78,A
2008-M05,2008,5,mensual,07040,Palma,Mallorca,54.87,43.23,52.56,43.72,A
2008-M05,2008,5,mensual,07042,Pollença,Mallorca,54.97,47.49,53.52,47.63,A
2008-M05,2008,5,mensual,07046,Sant Antoni de Portmany,Eivissa,48.59,48.73,47.92,47.64,A
2008-M05,2008,5,mensual,07048,Sant Josep de sa Talaia,Eivissa,29.41,22.58,28.6,21.89,A
2008-M05,2008,5,mensual,07051,Sant Llorenç des Cardassar,Mallorca,37.64,28.24,36.49,27.06,A
2008-M05,2008,5,mensual,07052,Sant Lluís,Menorca,25.37,16.13,26.23,17.39,A
2008-M05,2008,5,mensual,07054,Santa Eulària des Riu,Eivissa,32.15,27.59,31.85,27.47,A
2008-M05,2008,5,mensual,07057,Santanyí,Mallorca,49.77,44.92,45.07,40.64,A
2008-M05,2008,5,mensual,07062,Son Servera,Mallorca,46.82,35.17,42.18,32.72,A
2008-M06,2008,6,mensual,07003,Alcúdia,Mallorca,91.69,90.1,91.83,89.87,A
2008-M06,2008,6,mensual,07011,Calvià,Mallorca,82.2,69.6,83.74,71.12,A
2008-M06,2008,6,mensual,07015,Ciutadella de Menorca,Menorca,64.39,54.61,64.08,53.89,A
2008-M06,2008,6,mensual,07022,Felanitx,Mallorca,46.55,38.99,45.59,38.44,A
2008-M06,2008,6,mensual,07024,Formentera,Formentera,63.05,50.04,66.4,52.04,A
2008-M06,2008,6,mensual,07026,Eivissa,Eivissa,65.44,52.59,66.18,52.7,A
2008-M06,2008,6,mensual,07040,Palma,Mallorca,77.82,77.57,73.74,74.89,A
2008-M06,2008,6,mensual,07042,Pollença,Mallorca,72.17,65.13,73.32,66.18,A
2008-M06,2008,6,mensual,07046,Sant Antoni de Portmany,Eivissa,45.45,38.18,46.77,39.02,A
2008-M06,2008,6,mensual,07048,Sant Josep de sa Talaia,Eivissa,66.82,49.72,67.48,50.15,A
2008-M06,2008,6,mensual,07051,Sant Llorenç des Cardassar,Mallorca,65.98,57.18,67.23,58.44,A
2008-M06,2008,6,mensual,07052,Sant Lluís,Menorca,55.92,37.94,60.11,41.67,A
2008-M06,2008,6,mensual,07054,Santa Eulària des Riu,Eivissa,40.77,30.36,41.25,30.33,A
2008-M06,2008,6,mensual,07057,Santanyí,Mallorca,68.26,66.15,68.57,66.69,A
2008-M06,2008,6,mensual,07062,Son Servera,Mallorca,60.65,55.14,60.08,55.21,A
2008-M07,2008,7,mensual,07003,Alcúdia,Mallorca,96.81,95.09,94.04,96.35,A
2008-M07,2008,7,mensual,07011,Calvià,Mallorca,64.8,64.64,64.68,64.53,A
2008-M07,2008,7,mensual,07015,Ciutadella de Menorca,Menorca,76.58,68.73,76.8,69.44,A
2008-M07,2008,7,mensual,07022,Felanitx,Mallorca,86.46,72.75,86.4,72.84,A
2008-M07,2008,7,mensual,07024,Formentera,Formentera,66.21,60.8,65.57,60.82,A
2008-M07,2008,7,mensual,07026,Eivissa,Eivissa,68.29,53.38,69.87,54.31,A
2008-M07,2008,7,mensual,07040,Palma,Mallorca,80.77,73.64,77.63,70.28,A
2008-M07,2008,7,mensual,07042,Pollença,Mallorca,92.07,80.54,91.57,80.22,A
2008-M07,2008,7,mensual,07046,Sant Antoni de Portmany,Eivissa,68.02,75.21,69.89,76.27,A
2008-M07,2008,7,mensual,07048,Sant Josep de sa Talaia,Eivissa,77.12,60.66,78.1,61.55,A
2008-M07,2008,7,mensual,07051,Sant Llorenç des Cardassar,Mallorca,87.1,80.97,87.18,81.15,A
2008-M07,2008,7,mensual,07052,Sant Lluís,Menorca,60.9,45.37,65.38,48.39,A
2008-M07,2008,7,mensual,07054,Santa Eulària des Riu,Eivissa,60.46,53.61,60.49,53.24,A
2008-M07,2008,7,mensual,07057,Santanyí,Mallorca,88.38,83.49,88.42,83.9,A
2008-M07,2008,7,mensual,07062,Son Servera,Mallorca,68.81,64.81,70.09,65.28,A
2008-M08,2008,8,mensual,07003,Alcúdia,Mallorca,94.17,91.62,94.72,92.02,A
2008-M08,2008,8,mensual,07011,Calvià,Mallorca,61.8,57.23,62.05,56.99,A
2008-M08,2008,8,mensual,07015,Ciutadella de Menorca,Menorca,83.2,73.12,82.18,71.96,A
2008-M08,2008,8,mensual,07022,Felanitx,Mallorca,78.17,71.38,76.8,69.42,A
2008-M08,2008,8,mensual,07024,Formentera,Formentera,84.43,68.75,83.41,67.79,A
2008-M08,2008,8,mensual,07026,Eivissa,Eivissa,75.33,64.6,75.92,65.62,A
2008-M08,2008,8,mensual,07040,Palma,Mallorca,87.72,76.84,89.88,79.27,A
2008-M08,2008,8,mensual,07042,Pollença,Mallorca,93.98,89.72,93.92,89.58,A
2008-M08,2008,8,mensual,07046,Sant Antoni de Portmany,Eivissa,74.6,72.44,76.29,74.58,A
2008-M08,2008,8,mensual,07048,Sant Josep de sa Talaia,Eivissa,82.98,79.34,83.06,79.6,A
2008-M08,2008,8,mensual,07051,Sant Llorenç des Cardassar,Mallorca,89.5,84.56,88.06,82.9,A
2008-M08,2008,8,mensual,07052,Sant Lluís,Menorca,81.22,72.89,78.23,70.2,A
2008-M08,2008,8,mensual,07054,Santa Eulària des Riu,Eivissa,66.31,61.17,65.56,60.31,A
2008-M08,2008,8,mensual,07057,Santanyí,Mallorca,91.76,86.87,91.82,86.71,A
2008-M08,2008,8,mensual,07062,Son Servera,Mallorca,83.42,74.4,82.81,74.07,A
2008-M09,2008,9,mensual,07003,Alcúdia,Mallorca,92.87,85.68,92.82,85.1,A
2008-M09,2008,9,mensual,07011,Calvià,Mallorca,82.59,67.39,84.24,68.46,A
2008-M09,2008,9,mensual,07015,Ciutadella de Menorca,Menorca,64.53,54.43,64.74,54.52,A
2008-M09,2008,9,mensual,07022,Felanitx,Mallorca,66.1,50.76,63.42,48.33,A
2008-M09,2008,9,mensual,07024,Formentera,Formentera,48.79,35.65,50.02,36.41,A
2008-M09,2008,9,mensual,07026,Eivissa,Eivissa,62.47,49.65,66.11,51.96,A
2008-M09,2008,9,mensual,07040,Palma,Mallorca,82.2,67.95,83.46,70.24,A
2008-M09,2008,9,mensual,07042,Pollença,Mallorca,77.51,67.66,78.89,68.72,A
2008-M09,2008,9,mensual,07046,Sant Antoni de Portmany,Eivissa,47.51,49.75,49.47,51.9,A
2008-M09,2008,9,mensual,07048,Sant Josep de sa Talaia,Eivissa,54.67,47.38,56.56,48.87,A
2008-M09,2008,9,mensual,07051,Sant Llorenç des Cardassar,Mallorca,63.19,60.19,64.22,60.47,A
2008-M09,2008,9,mensual,07052,Sant Lluís,Menorca,40.63,26.53,46.65,30.13,A
2008-M09,2008,9,mensual,07054,Santa Eulària des Riu,Eivissa,58.07,44.04,59.32,44.61,A
2008-M09,2008,9,mensual,07057,Santanyí,Mallorca,85.95,74.43,85.69,73.64,A
2008-M09,2008,9,mensual,07062,Son Servera,Mallorca,72.62,58.95,71.83,57.11,A
2008-M10,2008,10,mensual,07003,Alcúdia,Mallorca,43.88,40.64,45.03,41.75,A
2008-M10,2008,10,mensual,07011,Calvià,Mallorca,31.61,28.79,33.35,30.33,A
2008-M10,2008,10,mensual,07015,Ciutadella de Menorca,Menorca,31.88,27.67,32.44,27.97,A
2008-M10,2008,10,mensual,07022,Felanitx,Mallorca,40.05,34.72,43.31,36.66,A
2008-M10,2008,10,mensual,07024,Formentera,Formentera,18.76,12.78,21.14,14.43,A
2008-M10,2008,10,mensual,07026,Eivissa,Eivissa,41.06,29.21,42.85,31.89,A
2008-M10,2008,10,mensual,07040,Palma,Mallorca,45.17,37.54,46.75,38.93,A
2008-M10,2008,10,mensual,07042,Pollença,Mallorca,39.67,41.36,41.2,42.72,A
2008-M10,2008,10,mensual,07046,Sant Antoni de Portmany,Eivissa,37.9,32.89,43.03,37.09,A
2008-M10,2008,10,mensual,07048,Sant Josep de sa Talaia,Eivissa,28.9,23.74,30.18,24.37,A
2008-M10,2008,10,mensual,07051,Sant Llorenç des Cardassar,Mallorca,50.05,49.77,54.53,53.34,A
2008-M10,2008,10,mensual,07052,Sant Lluís,Menorca,,,,,U
2008-M10,2008,10,mensual,07054,Santa Eulària des Riu,Eivissa,40.99,29.51,43.53,31.28,A
2008-M10,2008,10,mensual,07057,Santanyí,Mallorca,63.6,54.79,64.78,56.01,A
2008-M10,2008,10,mensual,07062,Son Servera,Mallorca,40.42,31.7,43.03,32.6,A
2008-M11,2008,11,mensual,07003,Alcúdia,Mallorca,,,,,U
2008-M11,2008,11,mensual,07011,Calvià,Mallorca,58.6,43.72,58.34,43.88,A
2008-M11,2008,11,mensual,07015,Ciutadella de Menorca,Menorca,,,,,U
2008-M11,2008,11,mensual,07022,Felanitx,Mallorca,,,,,U
2008-M11,2008,11,mensual,07024,Formentera,Formentera,,,,,U
2008-M11,2008,11,mensual,07026,Eivissa,Eivissa,,,,,U
2008-M11,2008,11,mensual,07040,Palma,Mallorca,45.35,34.86,45.45,36.21,A
2008-M11,2008,11,mensual,07042,Pollença,Mallorca,,,,,U
2008-M11,2008,11,mensual,07046,Sant Antoni de Portmany,Eivissa,,,,,U
2008-M11,2008,11,mensual,07048,Sant Josep de sa Talaia,Eivissa,,,,,U
2008-M11,2008,11,mensual,07051,Sant Llorenç des Cardassar,Mallorca,,,,,U
2008-M11,2008,11,mensual,07052,Sant Lluís,Menorca,,,,,U
2008-M11,2008,11,mensual,07054,Santa Eulària des Riu,Eivissa,,,,,U
2008-M11,2008,11,mensual,07057,Santanyí,Mallorca,,,,,U
2008-M11,2008,11,mensual,07062,Son Servera,Mallorca,,,,,U
2008-M12,2008,12,mensual,07003,Alcúdia,Mallorca,,,,,U
2008-M12,2008,12,mensual,07011,Calvià,Mallorca,39.78,30.25,41.07,31.51,A
2008-M12,2008,12,mensual,07015,Ciutadella de Menorca,Menorca,,,,,U
2008-M12,2008,12,mensual,07022,Felanitx,Mallorca,,,,,U
2008-M12,2008,12,mensual,07024,Formentera,Formentera,,,,,U
2008-M12,2008,12,mensual,07026,Eivissa,Eivissa,,,,,U
2008-M12,2008,12,mensual,07040,Palma,Mallorca,63.5,40.98,66.39,43.02,A
2008-M12,2008,12,mensual,07042,Pollença,Mallorca,,,,,U
2008-M12,2008,12,mensual,07046,Sant Antoni de Portmany,Eivissa,,,,,U
2008-M12,2008,12,mensual,07048,Sant Josep de sa Talaia,Eivissa,,,,,U
2008-M12,2008,12,mensual,07051,Sant Llorenç des Cardassar,Mallorca,,,,,U
2008-M12,2008,12,mensual,07052,Sant Lluís,Menorca,,,,,U
2008-M12,2008,12,mensual,07054,Santa Eulària des Riu,Eivissa,,,,,U
2008-M12,2008,12,mensual,07057,Santanyí,Mallorca,,,,,U
2008-M12,2008,12,mensual,07062,Son Servera,Mallorca,,,,,U
2009,2009,,anual,07003,Alcúdia,Mallorca,66.01,62.29,66.01,61.72,A
2009,2009,,anual,07011,Calvià,Mallorca,58.86,49.47,60.27,50.54,A
2009,2009,,anual,07015,Ciutadella de Menorca,Menorca,61.57,54.52,61.61,54.5,A
2009,2009,,anual,07022,Felanitx,Mallorca,58.96,47.17,58.96,46.85,A
2009,2009,,anual,07024,Formentera,Formentera,62.33,51.62,64.54,53.24,A
2009,2009,,anual,07026,Eivissa,Eivissa,55.3,42.11,56.54,42.97,A
2009,2009,,anual,07040,Palma,Mallorca,69.3,59.84,71.42,61.78,A
2009,2009,,anual,07042,Pollença,Mallorca,70.58,62.37,71.0,62.68,A
2009,2009,,anual,07046,Sant Antoni de Portmany,Eivissa,48.63,48.97,50.59,50.93,A
2009,2009,,anual,07048,Sant Josep de sa Talaia,Eivissa,57.9,48.5,59.0,49.52,A
2009,2009,,anual,07051,Sant Llorenç des Cardassar,Mallorca,49.5,48.12,50.73,49.37,A
2009,2009,,anual,07052,Sant Lluís,Menorca,44.51,31.71,46.59,32.88,A
2009,2009,,anual,07054,Santa Eulària des Riu,Eivissa,42.85,36.1,42.35,35.84,A
2009,2009,,anual,07057,Santanyí,Mallorca,61.29,51.56,60.38,50.71,A
2009,2009,,anual,07062,Son Servera,Mallorca,56.05,47.0,55.58,46.67,A
2009-M01,2009,1,mensual,07003,Alcúdia,Mallorca,,,,,U
2009-M01,2009,1,mensual,07011,Calvià,Mallorca,51.13,30.33,53.57,32.97,A
2009-M01,2009,1,mensual,07015,Ciutadella de Menorca,Menorca,,,,,U
2009-M01,2009,1,mensual,07022,Felanitx,Mallorca,,,,,U
2009-M01,2009,1,mensual,07024,Formentera,Formentera,,,,,U
2009-M01,2009,1,mensual,07026,Eivissa,Eivissa,,,,,U
2009-M01,2009,1,mensual,07040,Palma,Mallorca,54.13,36.97,58.62,39.72,A
2009-M01,2009,1,mensual,07042,Pollença,Mallorca,,,,,U
2009-M01,2009,1,mensual,07046,Sant Antoni de Portmany,Eivissa,,,,,U
2009-M01,2009,1,mensual,07048,Sant Josep de sa Talaia,Eivissa,,,,,U
2009-M01,2009,1,mensual,07051,Sant Llorenç des Cardassar,Mallorca,,,,,U
2009-M01,2009,1,mensual,07052,Sant Lluís,Menorca,,,,,U
2009-M01,2009,1,mensual,07054,Santa Eulària des Riu,Eivissa,,,,,U
2009-M01,2009,1,mensual,07057,Santanyí,Mallorca,,,,,U
2009-M01,2009,1,mensual,07062,Son Servera,Mallorca,,,,,U
2009-M02,2009,2,mensual,07003,Alcúdia,Mallorca,,,,,U
2009-M02,2009,2,mensual,07011,Calvià,Mallorca,55.6,32.93,54.47,32.42,A
2009-M02,2009,2,mensual,07015,Ciutadella de Menorca,Menorca,,,,,U
2009-M02,2009,2,mensual,07022,Felanitx,Mallorca,,,,,U
2009-M02,2009,2,mensual,07024,Formentera,Formentera,,,,,U
2009-M02,2009,2,mensual,07026,Eivissa,Eivissa,,,,,U
2009-M02,2009,2,mensual,07040,Palma,Mallorca,72.09,47.32,57.19,38.6,A
2009-M02,2009,2,mensual,07042,Pollença,Mallorca,,,,,U
2009-M02,2009,2,mensual,07046,Sant Antoni de Portmany,Eivissa,,,,,U
2009-M02,2009,2,mensual,07048,Sant Josep de sa Talaia,Eivissa,,,,,U
2009-M02,2009,2,mensual,07051,Sant Llorenç des Cardassar,Mallorca,,,,,U
2009-M02,2009,2,mensual,07052,Sant Lluís,Menorca,,,,,U
2009-M02,2009,2,mensual,07054,Santa Eulària des Riu,Eivissa,,,,,U
2009-M02,2009,2,mensual,07057,Santanyí,Mallorca,,,,,U
2009-M02,2009,2,mensual,07062,Son Servera,Mallorca,,,,,U
2009-M03,2009,3,mensual,07003,Alcúdia,Mallorca,,,,,U
2009-M03,2009,3,mensual,07011,Calvià,Mallorca,58.46,35.37,60.56,36.91,A
2009-M03,2009,3,mensual,07015,Ciutadella de Menorca,Menorca,,,,,U
2009-M03,2009,3,mensual,07022,Felanitx,Mallorca,,,,,U
2009-M03,2009,3,mensual,07024,Formentera,Formentera,,,,,U
2009-M03,2009,3,mensual,07026,Eivissa,Eivissa,,,,,U
2009-M03,2009,3,mensual,07040,Palma,Mallorca,75.68,57.63,76.83,60.74,A
2009-M03,2009,3,mensual,07042,Pollença,Mallorca,,,,,U
2009-M03,2009,3,mensual,07046,Sant Antoni de Portmany,Eivissa,,,,,U
2009-M03,2009,3,mensual,07048,Sant Josep de sa Talaia,Eivissa,,,,,U
2009-M03,2009,3,mensual,07051,Sant Llorenç des Cardassar,Mallorca,,,,,U
2009-M03,2009,3,mensual,07052,Sant Lluís,Menorca,,,,,U
2009-M03,2009,3,mensual,07054,Santa Eulària des Riu,Eivissa,,,,,U
2009-M03,2009,3,mensual,07057,Santanyí,Mallorca,,,,,U
2009-M03,2009,3,mensual,07062,Son Servera,Mallorca,,,,,U
2009-M04,2009,4,mensual,07003,Alcúdia,Mallorca,,,,,U
2009-M04,2009,4,mensual,07011,Calvià,Mallorca,61.12,47.22,64.74,49.85,A
2009-M04,2009,4,mensual,07015,Ciutadella de Menorca,Menorca,,,,,U
2009-M04,2009,4,mensual,07022,Felanitx,Mallorca,,,,,U
2009-M04,2009,4,mensual,07024,Formentera,Formentera,,,,,U
2009-M04,2009,4,mensual,07026,Eivissa,Eivissa,,,,,U
2009-M04,2009,4,mensual,07040,Palma,Mallorca,60.23,47.73,64.15,50.34,A
2009-M04,2009,4,mensual,07042,Pollença,Mallorca,,,,,U
2009-M04,2009,4,mensual,07046,Sant Antoni de Portmany,Eivissa,,,,,U
2009-M04,2009,4,mensual,07048,Sant Josep de sa Talaia,Eivissa,,,,,U
2009-M04,2009,4,mensual,07051,Sant Llorenç des Cardassar,Mallorca,,,,,U
2009-M04,2009,4,mensual,07052,Sant Lluís,Menorca,,,,,U
2009-M04,2009,4,mensual,07054,Santa Eulària des Riu,Eivissa,,,,,U
2009-M04,2009,4,mensual,07057,Santanyí,Mallorca,15.4,14.27,9.81,8.8,A
2009-M04,2009,4,mensual,07062,Son Servera,Mallorca,,,,,U
2009-M05,2009,5,mensual,07003,Alcúdia,Mallorca,67.83,63.25,67.23,62.53,A
2009-M05,2009,5,mensual,07011,Calvià,Mallorca,56.68,46.21,57.68,47.12,A
2009-M05,2009,5,mensual,07015,Ciutadella de Menorca,Menorca,41.71,38.74,40.77,37.83,A
2009-M05,2009,5,mensual,07022,Felanitx,Mallorca,24.74,17.29,24.79,17.89,A
2009-M05,2009,5,mensual,07024,Formentera,Formentera,27.29,20.03,29.43,21.58,A
2009-M05,2009,5,mensual,07026,Eivissa,Eivissa,22.63,15.04,23.15,15.46,A
2009-M05,2009,5,mensual,07040,Palma,Mallorca,59.02,50.96,63.27,55.02,A
2009-M05,2009,5,mensual,07042,Pollença,Mallorca,55.15,45.72,55.06,45.68,A
2009-M05,2009,5,mensual,07046,Sant Antoni de Portmany,Eivissa,20.55,19.33,21.67,20.45,A
2009-M05,2009,5,mensual,07048,Sant Josep de sa Talaia,Eivissa,32.21,23.32,32.26,23.51,A
2009-M05,2009,5,mensual,07051,Sant Llorenç des Cardassar,Mallorca,22.86,23.39,23.8,24.29,A
2009-M05,2009,5,mensual,07052,Sant Lluís,Menorca,,,,,U
2009-M05,2009,5,mensual,07054,Santa Eulària des Riu,Eivissa,31.42,24.55,30.55,24.35,A
2009-M05,2009,5,mensual,07057,Santanyí,Mallorca,39.66,31.73,39.88,32.81,A
2009-M05,2009,5,mensual,07062,Son Servera,Mallorca,45.79,36.55,45.59,35.96,A
2009-M06,2009,6,mensual,07003,Alcúdia,Mallorca,84.57,78.03,85.21,78.25,A
2009-M06,2009,6,mensual,07011,Calvià,Mallorca,71.61,62.14,73.68,63.58,A
2009-M06,2009,6,mensual,07015,Ciutadella de Menorca,Menorca,56.19,47.39,55.29,46.4,A
2009-M06,2009,6,mensual,07022,Felanitx,Mallorca,55.36,43.18,54.58,42.15,A
2009-M06,2009,6,mensual,07024,Formentera,Formentera,70.32,54.81,73.24,57.39,A
2009-M06,2009,6,mensual,07026,Eivissa,Eivissa,49.35,34.33,50.96,35.56,A
2009-M06,2009,6,mensual,07040,Palma,Mallorca,82.22,74.3,85.91,78.21,A
2009-M06,2009,6,mensual,07042,Pollença,Mallorca,71.37,56.26,72.21,57.54,A
2009-M06,2009,6,mensual,07046,Sant Antoni de Portmany,Eivissa,53.79,52.39,55.49,54.83,A
2009-M06,2009,6,mensual,07048,Sant Josep de sa Talaia,Eivissa,56.84,42.24,56.62,42.08,A
2009-M06,2009,6,mensual,07051,Sant Llorenç des Cardassar,Mallorca,36.99,37.47,40.47,41.56,A
2009-M06,2009,6,mensual,07052,Sant Lluís,Menorca,39.97,23.34,42.25,24.29,A
2009-M06,2009,6,mensual,07054,Santa Eulària des Riu,Eivissa,38.71,30.26,38.03,29.47,A
2009-M06,2009,6,mensual,07057,Santanyí,Mallorca,65.07,52.82,65.42,52.49,A
2009-M06,2009,6,mensual,07062,Son Servera,Mallorca,68.78,55.07,67.61,54.4,A
2009-M07,2009,7,mensual,07003,Alcúdia,Mallorca,85.35,76.7,85.11,76.18,A
2009-M07,2009,7,mensual,07011,Calvià,Mallorca,76.86,71.54,77.38,72.15,A
2009-M07,2009,7,mensual,07015,Ciutadella de Menorca,Menorca,72.54,64.99,71.99,64.3,A
2009-M07,2009,7,mensual,07022,Felanitx,Mallorca,80.7,71.57,78.13,70.07,A
2009-M07,2009,7,mensual,07024,Formentera,Formentera,78.57,67.92,78.71,67.85,A
2009-M07,2009,7,mensual,07026,Eivissa,Eivissa,71.38,54.92,74.37,57.19,A
2009-M07,2009,7,mensual,07040,Palma,Mallorca,82.19,75.45,80.71,73.23,A
2009-M07,2009,7,mensual,07042,Pollença,Mallorca,82.69,75.51,82.39,75.37,A
2009-M07,2009,7,mensual,07046,Sant Antoni de Portmany,Eivissa,61.76,63.16,63.4,64.26,A
2009-M07,2009,7,mensual,07048,Sant Josep de sa Talaia,Eivissa,66.96,58.78,68.55,59.75,A
2009-M07,2009,7,mensual,07051,Sant Llorenç des Cardassar,Mallorca,68.48,72.46,69.36,73.07,A
2009-M07,2009,7,mensual,07052,Sant Lluís,Menorca,57.32,39.64,59.89,40.65,A
2009-M07,2009,7,mensual,07054,Santa Eulària des Riu,Eivissa,46.38,38.3,46.52,38.75,A
2009-M07,2009,7,mensual,07057,Santanyí,Mallorca,72.08,64.57,70.75,63.65,A
2009-M07,2009,7,mensual,07062,Son Servera,Mallorca,70.06,59.34,69.11,58.64,A
2009-M08,2009,8,mensual,07003,Alcúdia,Mallorca,93.66,82.3,92.58,80.35,A
2009-M08,2009,8,mensual,07011,Calvià,Mallorca,76.43,68.57,76.66,68.59,A
2009-M08,2009,8,mensual,07015,Ciutadella de Menorca,Menorca,82.72,73.78,81.89,73.23,A
2009-M08,2009,8,mensual,07022,Felanitx,Mallorca,69.49,64.17,66.57,61.75,A
2009-M08,2009,8,mensual,07024,Formentera,Formentera,86.11,75.56,86.09,75.25,A
2009-M08,2009,8,mensual,07026,Eivissa,Eivissa,76.74,62.56,77.88,62.97,A
2009-M08,2009,8,mensual,07040,Palma,Mallorca,81.01,79.22,82.2,79.46,A
2009-M08,2009,8,mensual,07042,Pollença,Mallorca,89.67,83.73,89.12,83.03,A
2009-M08,2009,8,mensual,07046,Sant Antoni de Portmany,Eivissa,64.07,68.73,66.46,71.34,A
2009-M08,2009,8,mensual,07048,Sant Josep de sa Talaia,Eivissa,78.5,69.74,79.4,70.75,A
2009-M08,2009,8,mensual,07051,Sant Llorenç des Cardassar,Mallorca,68.79,64.42,69.58,65.34,A
2009-M08,2009,8,mensual,07052,Sant Lluís,Menorca,67.79,50.29,67.86,50.42,A
2009-M08,2009,8,mensual,07054,Santa Eulària des Riu,Eivissa,58.12,53.46,56.68,52.27,A
2009-M08,2009,8,mensual,07057,Santanyí,Mallorca,79.96,70.89,77.44,69.2,A
2009-M08,2009,8,mensual,07062,Son Servera,Mallorca,83.87,69.0,82.16,67.82,A
2009-M09,2009,9,mensual,07003,Alcúdia,Mallorca,85.85,75.44,86.63,76.15,A
2009-M09,2009,9,mensual,07011,Calvià,Mallorca,51.22,42.53,53.67,44.18,A
2009-M09,2009,9,mensual,07015,Ciutadella de Menorca,Menorca,63.65,54.3,66.31,56.68,A
2009-M09,2009,9,mensual,07022,Felanitx,Mallorca,73.02,48.23,74.95,49.19,A
2009-M09,2009,9,mensual,07024,Formentera,Formentera,70.87,54.14,75.3,57.67,A
2009-M09,2009,9,mensual,07026,Eivissa,Eivissa,56.03,41.31,56.88,42.01,A
2009-M09,2009,9,mensual,07040,Palma,Mallorca,78.17,68.81,80.96,72.09,A
2009-M09,2009,9,mensual,07042,Pollença,Mallorca,82.21,70.2,83.14,70.71,A
2009-M09,2009,9,mensual,07046,Sant Antoni de Portmany,Eivissa,48.31,49.73,50.0,51.39,A
2009-M09,2009,9,mensual,07048,Sant Josep de sa Talaia,Eivissa,61.18,50.67,61.8,51.91,A
2009-M09,2009,9,mensual,07051,Sant Llorenç des Cardassar,Mallorca,60.09,53.46,59.15,52.57,A
2009-M09,2009,9,mensual,07052,Sant Lluís,Menorca,38.98,26.68,40.03,27.58,A
2009-M09,2009,9,mensual,07054,Santa Eulària des Riu,Eivissa,42.96,36.9,42.76,37.11,A
2009-M09,2009,9,mensual,07057,Santanyí,Mallorca,66.91,48.73,68.65,49.88,A
2009-M09,2009,9,mensual,07062,Son Servera,Mallorca,55.27,38.48,55.63,38.44,A
2009-M10,2009,10,mensual,07003,Alcúdia,Mallorca,43.19,38.35,44.71,39.36,A
2009-M10,2009,10,mensual,07011,Calvià,Mallorca,25.19,21.78,25.93,22.42,A
2009-M10,2009,10,mensual,07015,Ciutadella de Menorca,Menorca,35.28,29.65,36.63,30.8,A
2009-M10,2009,10,mensual,07022,Felanitx,Mallorca,39.17,30.48,42.0,31.91,A
2009-M10,2009,10,mensual,07024,Formentera,Formentera,24.78,18.47,28.83,21.33,A
2009-M10,2009,10,mensual,07026,Eivissa,Eivissa,33.28,21.02,32.08,20.0,A
2009-M10,2009,10,mensual,07040,Palma,Mallorca,48.48,38.77,51.56,41.66,A
2009-M10,2009,10,mensual,07042,Pollença,Mallorca,38.0,33.99,40.03,35.38,A
2009-M10,2009,10,mensual,07046,Sant Antoni de Portmany,Eivissa,7.98,6.14,14.44,10.89,A
2009-M10,2009,10,mensual,07048,Sant Josep de sa Talaia,Eivissa,25.24,23.42,30.44,27.71,A
2009-M10,2009,10,mensual,07051,Sant Llorenç des Cardassar,Mallorca,41.66,35.53,43.39,37.13,A
2009-M10,2009,10,mensual,07052,Sant Lluís,Menorca,,,,,U
2009-M10,2009,10,mensual,07054,Santa Eulària des Riu,Eivissa,23.64,19.42,24.29,19.92,A
2009-M10,2009,10,mensual,07057,Santanyí,Mallorca,50.25,47.17,47.37,43.52,A
2009-M10,2009,10,mensual,07062,Son Servera,Mallorca,37.14,36.02,37.79,37.81,A
2009-M11,2009,11,mensual,07003,Alcúdia,Mallorca,,,,,U
2009-M11,2009,11,mensual,07011,Calvià,Mallorca,69.41,48.08,68.18,46.65,A
2009-M11,2009,11,mensual,07015,Ciutadella de Menorca,Menorca,,,,,U
2009-M11,2009,11,mensual,07022,Felanitx,Mallorca,,,,,U
2009-M11,2009,11,mensual,07024,Formentera,Formentera,,,,,U
2009-M11,2009,11,mensual,07026,Eivissa,Eivissa,,,,,U
2009-M11,2009,11,mensual,07040,Palma,Mallorca,53.7,38.6,55.56,41.87,A
2009-M11,2009,11,mensual,07042,Pollença,Mallorca,,,,,U
2009-M11,2009,11,mensual,07046,Sant Antoni de Portmany,Eivissa,,,,,U
2009-M11,2009,11,mensual,07048,Sant Josep de sa Talaia,Eivissa,,,,,U
2009-M11,2009,11,mensual,07051,Sant Llorenç des Cardassar,Mallorca,,,,,U
2009-M11,2009,11,mensual,07052,Sant Lluís,Menorca,,,,,U
2009-M11,2009,11,mensual,07054,Santa Eulària des Riu,Eivissa,,,,,U
2009-M11,2009,11,mensual,07057,Santanyí,Mallorca,,,,,U
2009-M11,2009,11,mensual,07062,Son Servera,Mallorca,,,,,U
2009-M12,2009,12,mensual,07003,Alcúdia,Mallorca,,,,,U
2009-M12,2009,12,mensual,07011,Calvià,Mallorca,41.27,29.39,39.13,28.01,A
2009-M12,2009,12,mensual,07015,Ciutadella de Menorca,Menorca,,,,,U
2009-M12,2009,12,mensual,07022,Felanitx,Mallorca,,,,,U
2009-M12,2009,12,mensual,07024,Formentera,Formentera,,,,,U
2009-M12,2009,12,mensual,07026,Eivissa,Eivissa,,,,,U
2009-M12,2009,12,mensual,07040,Palma,Mallorca,57.22,42.31,54.58,39.24,A
2009-M12,2009,12,mensual,07042,Pollença,Mallorca,,,,,U
2009-M12,2009,12,mensual,07046,Sant Antoni de Portmany,Eivissa,,,,,U
2009-M12,2009,12,mensual,07048,Sant Josep de sa Talaia,Eivissa,,,,,U
2009-M12,2009,12,mensual,07051,Sant Llorenç des Cardassar,Mallorca,,,,,U
2009-M12,2009,12,mensual,07052,Sant Lluís,Menorca,,,,,U
2009-M12,2009,12,mensual,07054,Santa Eulària des Riu,Eivissa,,,,,U
2009-M12,2009,12,mensual,07057,Santanyí,Mallorca,,,,,U
2009-M12,2009,12,mensual,07062,Son Servera,Mallorca,,,,,U
2010,2010,,anual,07003,Alcúdia,Mallorca,68.14,61.94,67.49,62.42,A
2010,2010,,anual,07011,Calvià,Mallorca,68.0,55.01,69.28,56.01,A
2010,2010,,anual,07015,Ciutadella de Menorca,Menorca,64.11,53.66,65.26,54.47,A
2010,2010,,anual,07022,Felanitx,Mallorca,66.47,53.77,65.87,53.07,A
2010,2010,,anual,07024,Formentera,Formentera,60.43,48.43,63.11,50.8,A
2010,2010,,anual,07026,Eivissa,Eivissa,66.05,46.82,69.18,49.22,A
2010,2010,,anual,07040,Palma,Mallorca,65.26,55.08,68.98,58.35,A
2010,2010,,anual,07042,Pollença,Mallorca,58.27,47.58,58.76,47.9,A
2010,2010,,anual,07046,Sant Antoni de Portmany,Eivissa,58.28,51.65,59.51,52.52,A
2010,2010,,anual,07048,Sant Josep de sa Talaia,Eivissa,56.37,48.82,57.64,50.23,A
2010,2010,,anual,07051,Sant Llorenç des Cardassar,Mallorca,68.82,54.37,69.38,54.35,A
2010,2010,,anual,07052,Sant Lluís,Menorca,55.17,40.3,58.1,41.86,A
2010,2010,,anual,07054,Santa Eulària des Riu,Eivissa,48.48,39.71,48.61,39.97,A
2010,2010,,anual,07057,Santanyí,Mallorca,63.79,56.41,64.53,56.74,A
2010,2010,,anual,07062,Son Servera,Mallorca,62.24,50.33,62.53,50.46,A
2010-M01,2010,1,mensual,07003,Alcúdia,Mallorca,,,,,U
2010-M01,2010,1,mensual,07011,Calvià,Mallorca,43.29,24.99,47.92,28.6,A
2010-M01,2010,1,mensual,07015,Ciutadella de Menorca,Menorca,,,,,U
2010-M01,2010,1,mensual,07022,Felanitx,Mallorca,,,,,U
2010-M01,2010,1,mensual,07024,Formentera,Formentera,,,,,U
2010-M01,2010,1,mensual,07026,Eivissa,Eivissa,,,,,U
2010-M01,2010,1,mensual,07040,Palma,Mallorca,47.06,26.94,48.11,27.25,A
2010-M01,2010,1,mensual,07042,Pollença,Mallorca,,,,,U
2010-M01,2010,1,mensual,07046,Sant Antoni de Portmany,Eivissa,,,,,U
2010-M01,2010,1,mensual,07048,Sant Josep de sa Talaia,Eivissa,,,,,U
2010-M01,2010,1,mensual,07051,Sant Llorenç des Cardassar,Mallorca,,,,,U
2010-M01,2010,1,mensual,07052,Sant Lluís,Menorca,,,,,U
2010-M01,2010,1,mensual,07054,Santa Eulària des Riu,Eivissa,,,,,U
2010-M01,2010,1,mensual,07057,Santanyí,Mallorca,,,,,U
2010-M01,2010,1,mensual,07062,Son Servera,Mallorca,,,,,U
2010-M02,2010,2,mensual,07003,Alcúdia,Mallorca,,,,,U
2010-M02,2010,2,mensual,07011,Calvià,Mallorca,56.81,32.73,57.58,32.92,A
2010-M02,2010,2,mensual,07015,Ciutadella de Menorca,Menorca,,,,,U
2010-M02,2010,2,mensual,07022,Felanitx,Mallorca,,,,,U
2010-M02,2010,2,mensual,07024,Formentera,Formentera,,,,,U
2010-M02,2010,2,mensual,07026,Eivissa,Eivissa,,,,,U
2010-M02,2010,2,mensual,07040,Palma,Mallorca,50.56,36.85,52.55,40.05,A
2010-M02,2010,2,mensual,07042,Pollença,Mallorca,,,,,U
2010-M02,2010,2,mensual,07046,Sant Antoni de Portmany,Eivissa,,,,,U
2010-M02,2010,2,mensual,07048,Sant Josep de sa Talaia,Eivissa,,,,,U
2010-M02,2010,2,mensual,07051,Sant Llorenç des Cardassar,Mallorca,,,,,U
2010-M02,2010,2,mensual,07052,Sant Lluís,Menorca,,,,,U
2010-M02,2010,2,mensual,07054,Santa Eulària des Riu,Eivissa,,,,,U
2010-M02,2010,2,mensual,07057,Santanyí,Mallorca,,,,,U
2010-M02,2010,2,mensual,07062,Son Servera,Mallorca,,,,,U
2010-M03,2010,3,mensual,07003,Alcúdia,Mallorca,,,,,U
2010-M03,2010,3,mensual,07011,Calvià,Mallorca,60.47,35.72,59.01,34.08,A
2010-M03,2010,3,mensual,07015,Ciutadella de Menorca,Menorca,,,,,U
2010-M03,2010,3,mensual,07022,Felanitx,Mallorca,,,,,U
2010-M03,2010,3,mensual,07024,Formentera,Formentera,,,,,U
2010-M03,2010,3,mensual,07026,Eivissa,Eivissa,,,,,U
2010-M03,2010,3,mensual,07040,Palma,Mallorca,58.02,42.48,58.8,43.76,A
2010-M03,2010,3,mensual,07042,Pollença,Mallorca,,,,,U
2010-M03,2010,3,mensual,07046,Sant Antoni de Portmany,Eivissa,,,,,U
2010-M03,2010,3,mensual,07048,Sant Josep de sa Talaia,Eivissa,,,,,U
2010-M03,2010,3,mensual,07051,Sant Llorenç des Cardassar,Mallorca,,,,,U
2010-M03,2010,3,mensual,07052,Sant Lluís,Menorca,,,,,U
2010-M03,2010,3,mensual,07054,Santa Eulària des Riu,Eivissa,,,,,U
2010-M03,2010,3,mensual,07057,Santanyí,Mallorca,,,,,U
2010-M03,2010,3,mensual,07062,Son Servera,Mallorca,,,,,U
2010-M04,2010,4,mensual,07003,Alcúdia,Mallorca,,,,,U
2010-M04,2010,4,mensual,07011,Calvià,Mallorca,54.9,38.45,58.64,41.07,A
2010-M04,2010,4,mensual,07015,Ciutadella de Menorca,Menorca,,,,,U
2010-M04,2010,4,mensual,07022,Felanitx,Mallorca,,,,,U
2010-M04,2010,4,mensual,07024,Formentera,Formentera,,,,,U
2010-M04,2010,4,mensual,07026,Eivissa,Eivissa,,,,,U
2010-M04,2010,4,mensual,07040,Palma,Mallorca,36.09,34.95,42.19,41.67,A
2010-M04,2010,4,mensual,07042,Pollença,Mallorca,,,,,U
2010-M04,2010,4,mensual,07046,Sant Antoni de Portmany,Eivissa,,,,,U
2010-M04,2010,4,mensual,07048,Sant Josep de sa Talaia,Eivissa,,,,,U
2010-M04,2010,4,mensual,07051,Sant Llorenç des Cardassar,Mallorca,,,,,U
2010-M04,2010,4,mensual,07052,Sant Lluís,Menorca,,,,,U
2010-M04,2010,4,mensual,07054,Santa Eulària des Riu,Eivissa,,,,,U
2010-M04,2010,4,mensual,07057,Santanyí,Mallorca,,,,,U
2010-M04,2010,4,mensual,07062,Son Servera,Mallorca,,,,,U
2010-M05,2010,5,mensual,07003,Alcúdia,Mallorca,55.52,49.24,56.33,50.35,A
2010-M05,2010,5,mensual,07011,Calvià,Mallorca,54.32,43.07,57.41,45.43,A
2010-M05,2010,5,mensual,07015,Ciutadella de Menorca,Menorca,34.08,29.01,36.87,31.49,A
2010-M05,2010,5,mensual,07022,Felanitx,Mallorca,56.31,42.95,54.59,41.69,A
2010-M05,2010,5,mensual,07024,Formentera,Formentera,24.46,18.4,28.49,22.91,A
2010-M05,2010,5,mensual,07026,Eivissa,Eivissa,37.33,26.99,41.11,29.43,A
2010-M05,2010,5,mensual,07040,Palma,Mallorca,57.55,49.07,65.39,56.24,A
2010-M05,2010,5,mensual,07042,Pollença,Mallorca,48.7,36.46,48.95,36.26,A
2010-M05,2010,5,mensual,07046,Sant Antoni de Portmany,Eivissa,22.4,16.66,25.56,18.99,A
2010-M05,2010,5,mensual,07048,Sant Josep de sa Talaia,Eivissa,38.02,30.03,40.67,32.62,A
2010-M05,2010,5,mensual,07051,Sant Llorenç des Cardassar,Mallorca,45.89,33.66,51.55,36.76,A
2010-M05,2010,5,mensual,07052,Sant Lluís,Menorca,20.1,11.92,23.22,13.93,A
2010-M05,2010,5,mensual,07054,Santa Eulària des Riu,Eivissa,29.34,21.05,30.78,22.33,A
2010-M05,2010,5,mensual,07057,Santanyí,Mallorca,42.5,36.33,45.53,38.94,A
2010-M05,2010,5,mensual,07062,Son Servera,Mallorca,36.22,29.78,37.57,30.78,A
2010-M06,2010,6,mensual,07003,Alcúdia,Mallorca,67.67,61.21,67.92,61.25,A
2010-M06,2010,6,mensual,07011,Calvià,Mallorca,70.98,59.13,73.21,61.21,A
2010-M06,2010,6,mensual,07015,Ciutadella de Menorca,Menorca,57.73,46.75,58.22,47.35,A
2010-M06,2010,6,mensual,07022,Felanitx,Mallorca,60.85,43.75,61.42,43.06,A
2010-M06,2010,6,mensual,07024,Formentera,Formentera,66.52,48.97,67.73,50.18,A
2010-M06,2010,6,mensual,07026,Eivissa,Eivissa,64.22,41.52,67.21,43.8,A
2010-M06,2010,6,mensual,07040,Palma,Mallorca,77.67,68.46,82.12,73.47,A
2010-M06,2010,6,mensual,07042,Pollença,Mallorca,60.16,54.89,60.48,55.27,A
2010-M06,2010,6,mensual,07046,Sant Antoni de Portmany,Eivissa,52.13,44.69,51.6,44.14,A
2010-M06,2010,6,mensual,07048,Sant Josep de sa Talaia,Eivissa,57.54,52.0,57.48,51.65,A
2010-M06,2010,6,mensual,07051,Sant Llorenç des Cardassar,Mallorca,57.67,46.47,56.31,44.7,A
2010-M06,2010,6,mensual,07052,Sant Lluís,Menorca,54.61,39.05,58.07,40.31,A
2010-M06,2010,6,mensual,07054,Santa Eulària des Riu,Eivissa,43.65,33.82,41.64,32.23,A
2010-M06,2010,6,mensual,07057,Santanyí,Mallorca,65.93,56.54,66.8,56.9,A
2010-M06,2010,6,mensual,07062,Son Servera,Mallorca,57.16,44.79,55.03,42.49,A
2010-M07,2010,7,mensual,07003,Alcúdia,Mallorca,86.6,84.48,86.56,83.55,A
2010-M07,2010,7,mensual,07011,Calvià,Mallorca,78.55,70.57,78.74,70.07,A
2010-M07,2010,7,mensual,07015,Ciutadella de Menorca,Menorca,75.83,61.9,73.7,60.27,A
2010-M07,2010,7,mensual,07022,Felanitx,Mallorca,86.9,79.7,83.2,76.19,A
2010-M07,2010,7,mensual,07024,Formentera,Formentera,80.85,66.76,79.58,64.59,A
2010-M07,2010,7,mensual,07026,Eivissa,Eivissa,74.06,53.27,76.26,55.09,A
2010-M07,2010,7,mensual,07040,Palma,Mallorca,80.91,67.97,81.86,66.87,A
2010-M07,2010,7,mensual,07042,Pollença,Mallorca,65.75,55.09,65.96,54.81,A
2010-M07,2010,7,mensual,07046,Sant Antoni de Portmany,Eivissa,69.5,65.15,68.45,64.34,A
2010-M07,2010,7,mensual,07048,Sant Josep de sa Talaia,Eivissa,62.2,54.28,62.05,55.09,A
2010-M07,2010,7,mensual,07051,Sant Llorenç des Cardassar,Mallorca,86.18,73.9,86.66,73.63,A
2010-M07,2010,7,mensual,07052,Sant Lluís,Menorca,69.6,54.27,68.44,53.03,A
2010-M07,2010,7,mensual,07054,Santa Eulària des Riu,Eivissa,55.4,46.38,55.64,46.92,A
2010-M07,2010,7,mensual,07057,Santanyí,Mallorca,73.35,68.78,70.69,66.19,A
2010-M07,2010,7,mensual,07062,Son Servera,Mallorca,80.93,71.05,81.37,70.56,A
2010-M08,2010,8,mensual,07003,Alcúdia,Mallorca,91.29,83.82,91.07,83.8,A
2010-M08,2010,8,mensual,07011,Calvià,Mallorca,80.47,69.47,80.17,69.23,A
2010-M08,2010,8,mensual,07015,Ciutadella de Menorca,Menorca,87.4,74.21,88.51,74.75,A
2010-M08,2010,8,mensual,07022,Felanitx,Mallorca,89.46,81.61,89.21,81.63,A
2010-M08,2010,8,mensual,07024,Formentera,Formentera,88.71,76.24,91.68,78.96,A
2010-M08,2010,8,mensual,07026,Eivissa,Eivissa,81.36,63.02,83.44,64.56,A
2010-M08,2010,8,mensual,07040,Palma,Mallorca,88.11,82.32,90.96,84.97,A
2010-M08,2010,8,mensual,07042,Pollença,Mallorca,74.05,62.56,75.45,63.74,A
2010-M08,2010,8,mensual,07046,Sant Antoni de Portmany,Eivissa,86.4,83.72,89.81,86.26,A
2010-M08,2010,8,mensual,07048,Sant Josep de sa Talaia,Eivissa,74.74,74.22,75.82,75.47,A
2010-M08,2010,8,mensual,07051,Sant Llorenç des Cardassar,Mallorca,91.38,74.48,89.47,73.42,A
2010-M08,2010,8,mensual,07052,Sant Lluís,Menorca,84.45,70.44,87.47,72.52,A
2010-M08,2010,8,mensual,07054,Santa Eulària des Riu,Eivissa,68.17,61.17,69.34,62.35,A
2010-M08,2010,8,mensual,07057,Santanyí,Mallorca,84.31,80.38,83.84,79.46,A
2010-M08,2010,8,mensual,07062,Son Servera,Mallorca,89.48,68.19,89.96,68.01,A
2010-M09,2010,9,mensual,07003,Alcúdia,Mallorca,77.78,63.74,78.81,64.8,A
2010-M09,2010,9,mensual,07011,Calvià,Mallorca,74.54,58.54,76.51,60.97,A
2010-M09,2010,9,mensual,07015,Ciutadella de Menorca,Menorca,69.35,55.0,73.39,57.54,A
2010-M09,2010,9,mensual,07022,Felanitx,Mallorca,76.51,56.21,78.81,57.95,A
2010-M09,2010,9,mensual,07024,Formentera,Formentera,64.14,48.17,69.9,52.82,A
2010-M09,2010,9,mensual,07026,Eivissa,Eivissa,76.35,54.79,81.46,58.86,A
2010-M09,2010,9,mensual,07040,Palma,Mallorca,81.96,67.04,86.49,70.86,A
2010-M09,2010,9,mensual,07042,Pollença,Mallorca,68.49,46.18,68.14,45.95,A
2010-M09,2010,9,mensual,07046,Sant Antoni de Portmany,Eivissa,73.49,62.02,74.99,63.48,A
2010-M09,2010,9,mensual,07048,Sant Josep de sa Talaia,Eivissa,55.68,45.68,58.66,48.82,A
2010-M09,2010,9,mensual,07051,Sant Llorenç des Cardassar,Mallorca,81.48,57.94,82.64,58.72,A
2010-M09,2010,9,mensual,07052,Sant Lluís,Menorca,59.66,37.52,65.09,40.57,A
2010-M09,2010,9,mensual,07054,Santa Eulària des Riu,Eivissa,48.74,39.96,49.32,40.47,A
2010-M09,2010,9,mensual,07057,Santanyí,Mallorca,67.81,55.3,69.92,57.38,A
2010-M09,2010,9,mensual,07062,Son Servera,Mallorca,75.64,57.07,78.07,61.53,A
2010-M10,2010,10,mensual,07003,Alcúdia,Mallorca,34.35,31.93,35.29,31.06,A
2010-M10,2010,10,mensual,07011,Calvià,Mallorca,61.33,51.48,61.03,51.02,A
2010-M10,2010,10,mensual,07015,Ciutadella de Menorca,Menorca,37.67,34.92,38.1,35.31,A
2010-M10,2010,10,mensual,07022,Felanitx,Mallorca,28.53,21.46,28.4,21.23,A
2010-M10,2010,10,mensual,07024,Formentera,Formentera,21.78,16.8,24.94,20.47,A
2010-M10,2010,10,mensual,07026,Eivissa,Eivissa,51.92,30.25,54.45,32.46,A
2010-M10,2010,10,mensual,07040,Palma,Mallorca,50.48,39.2,53.47,41.44,A
2010-M10,2010,10,mensual,07042,Pollença,Mallorca,24.36,19.27,25.48,20.42,A
2010-M10,2010,10,mensual,07046,Sant Antoni de Portmany,Eivissa,23.72,19.7,25.57,20.44,A
2010-M10,2010,10,mensual,07048,Sant Josep de sa Talaia,Eivissa,38.8,25.74,40.24,26.8,A
2010-M10,2010,10,mensual,07051,Sant Llorenç des Cardassar,Mallorca,52.76,39.72,51.19,37.87,A
2010-M10,2010,10,mensual,07052,Sant Lluís,Menorca,17.09,11.26,21.33,13.6,A
2010-M10,2010,10,mensual,07054,Santa Eulària des Riu,Eivissa,34.61,24.37,33.67,23.9,A
2010-M10,2010,10,mensual,07057,Santanyí,Mallorca,49.88,42.24,51.62,42.76,A
2010-M10,2010,10,mensual,07062,Son Servera,Mallorca,55.11,43.85,54.62,42.67,A
2010-M11,2010,11,mensual,07003,Alcúdia,Mallorca,,,,,U
2010-M11,2010,11,mensual,07011,Calvià,Mallorca,53.4,32.39,54.84,33.45,A
2010-M11,2010,11,mensual,07015,Ciutadella de Menorca,Menorca,,,,,U
2010-M11,2010,11,mensual,07022,Felanitx,Mallorca,,,,,U
2010-M11,2010,11,mensual,07024,Formentera,Formentera,,,,,U
2010-M11,2010,11,mensual,07026,Eivissa,Eivissa,,,,,U
2010-M11,2010,11,mensual,07040,Palma,Mallorca,54.7,36.93,57.08,40.79,A
2010-M11,2010,11,mensual,07042,Pollença,Mallorca,,,,,U
2010-M11,2010,11,mensual,07046,Sant Antoni de Portmany,Eivissa,,,,,U
2010-M11,2010,11,mensual,07048,Sant Josep de sa Talaia,Eivissa,,,,,U
2010-M11,2010,11,mensual,07051,Sant Llorenç des Cardassar,Mallorca,,,,,U
2010-M11,2010,11,mensual,07052,Sant Lluís,Menorca,,,,,U
2010-M11,2010,11,mensual,07054,Santa Eulària des Riu,Eivissa,,,,,U
2010-M11,2010,11,mensual,07057,Santanyí,Mallorca,,,,,U
2010-M11,2010,11,mensual,07062,Son Servera,Mallorca,,,,,U
2010-M12,2010,12,mensual,07003,Alcúdia,Mallorca,,,,,U
2010-M12,2010,12,mensual,07011,Calvià,Mallorca,31.13,20.56,31.02,20.27,A
2010-M12,2010,12,mensual,07015,Ciutadella de Menorca,Menorca,,,,,U
2010-M12,2010,12,mensual,07022,Felanitx,Mallorca,,,,,U
2010-M12,2010,12,mensual,07024,Formentera,Formentera,,,,,U
2010-M12,2010,12,mensual,07026,Eivissa,Eivissa,,,,,U
2010-M12,2010,12,mensual,07040,Palma,Mallorca,33.81,24.56,33.83,24.76,A
2010-M12,2010,12,mensual,07042,Pollença,Mallorca,,,,,U
2010-M12,2010,12,mensual,07046,Sant Antoni de Portmany,Eivissa,,,,,U
2010-M12,2010,12,mensual,07048,Sant Josep de sa Talaia,Eivissa,,,,,U
2010-M12,2010,12,mensual,07051,Sant Llorenç des Cardassar,Mallorca,,,,,U
2010-M12,2010,12,mensual,07052,Sant Lluís,Menorca,,,,,U
2010-M12,2010,12,mensual,07054,Santa Eulària des Riu,Eivissa,,,,,U
2010-M12,2010,12,mensual,07057,Santanyí,Mallorca,,,,,U
2010-M12,2010,12,mensual,07062,Son Servera,Mallorca,,,,,U
2011,2011,,anual,07003,Alcúdia,Mallorca,64.17,60.31,63.7,60.06,A
2011,2011,,anual,07011,Calvià,Mallorca,74.89,61.14,76.36,62.55,A
2011,2011,,anual,07015,Ciutadella de Menorca,Menorca,66.13,56.19,67.52,56.8,A
2011,2011,,anual,07022,Felanitx,Mallorca,47.48,33.16,47.37,32.89,A
2011,2011,,anual,07024,Formentera,Formentera,70.93,52.54,73.13,54.75,A
2011,2011,,anual,07026,Eivissa,Eivissa,75.17,56.48,77.63,58.93,A
2011,2011,,anual,07040,Palma,Mallorca,69.22,52.33,71.99,54.36,A
2011,2011,,anual,07042,Pollença,Mallorca,69.91,61.72,69.57,61.7,A
2011,2011,,anual,07046,Sant Antoni de Portmany,Eivissa,70.93,62.47,71.55,63.1,A
2011,2011,,anual,07048,Sant Josep de sa Talaia,Eivissa,64.25,50.63,65.07,51.35,A
2011,2011,,anual,07051,Sant Llorenç des Cardassar,Mallorca,73.44,56.36,72.29,55.45,A
2011,2011,,anual,07052,Sant Lluís,Menorca,49.4,39.24,50.21,39.88,A
2011,2011,,anual,07054,Santa Eulària des Riu,Eivissa,54.81,41.31,55.51,41.75,A
2011,2011,,anual,07057,Santanyí,Mallorca,61.61,56.08,61.12,55.8,A
2011,2011,,anual,07062,Son Servera,Mallorca,55.29,45.93,55.1,45.71,A
2011-M01,2011,1,mensual,07003,Alcúdia,Mallorca,,,,,U
2011-M01,2011,1,mensual,07011,Calvià,Mallorca,46.94,24.38,48.29,25.18,A
2011-M01,2011,1,mensual,07015,Ciutadella de Menorca,Menorca,,,,,U
2011-M01,2011,1,mensual,07022,Felanitx,Mallorca,,,,,U
2011-M01,2011,1,mensual,07024,Formentera,Formentera,,,,,U
2011-M01,2011,1,mensual,07026,Eivissa,Eivissa,,,,,U
2011-M01,2011,1,mensual,07040,Palma,Mallorca,43.02,25.91,44.72,28.47,A
2011-M01,2011,1,mensual,07042,Pollença,Mallorca,,,,,U
2011-M01,2011,1,mensual,07046,Sant Antoni de Portmany,Eivissa,,,,,U
2011-M01,2011,1,mensual,07048,Sant Josep de sa Talaia,Eivissa,,,,,U
2011-M01,2011,1,mensual,07051,Sant Llorenç des Cardassar,Mallorca,,,,,U
2011-M01,2011,1,mensual,07052,Sant Lluís,Menorca,,,,,U
2011-M01,2011,1,mensual,07054,Santa Eulària des Riu,Eivissa,,,,,U
2011-M01,2011,1,mensual,07057,Santanyí,Mallorca,,,,,U
2011-M01,2011,1,mensual,07062,Son Servera,Mallorca,,,,,U
2011-M02,2011,2,mensual,07003,Alcúdia,Mallorca,,,,,U
2011-M02,2011,2,mensual,07011,Calvià,Mallorca,52.69,29.71,52.11,29.38,A
2011-M02,2011,2,mensual,07015,Ciutadella de Menorca,Menorca,,,,,U
2011-M02,2011,2,mensual,07022,Felanitx,Mallorca,,,,,U
2011-M02,2011,2,mensual,07024,Formentera,Formentera,,,,,U
2011-M02,2011,2,mensual,07026,Eivissa,Eivissa,,,,,U
2011-M02,2011,2,mensual,07040,Palma,Mallorca,40.83,32.23,42.64,35.36,A
2011-M02,2011,2,mensual,07042,Pollença,Mallorca,,,,,U
2011-M02,2011,2,mensual,07046,Sant Antoni de Portmany,Eivissa,,,,,U
2011-M02,2011,2,mensual,07048,Sant Josep de sa Talaia,Eivissa,,,,,U
2011-M02,2011,2,mensual,07051,Sant Llorenç des Cardassar,Mallorca,,,,,U
2011-M02,2011,2,mensual,07052,Sant Lluís,Menorca,,,,,U
2011-M02,2011,2,mensual,07054,Santa Eulària des Riu,Eivissa,,,,,U
2011-M02,2011,2,mensual,07057,Santanyí,Mallorca,,,,,U
2011-M02,2011,2,mensual,07062,Son Servera,Mallorca,,,,,U
2011-M03,2011,3,mensual,07003,Alcúdia,Mallorca,,,,,U
2011-M03,2011,3,mensual,07011,Calvià,Mallorca,59.14,37.64,57.4,36.73,A
2011-M03,2011,3,mensual,07015,Ciutadella de Menorca,Menorca,,,,,U
2011-M03,2011,3,mensual,07022,Felanitx,Mallorca,,,,,U
2011-M03,2011,3,mensual,07024,Formentera,Formentera,,,,,U
2011-M03,2011,3,mensual,07026,Eivissa,Eivissa,,,,,U
2011-M03,2011,3,mensual,07040,Palma,Mallorca,66.84,51.17,67.54,52.8,A
2011-M03,2011,3,mensual,07042,Pollença,Mallorca,,,,,U
2011-M03,2011,3,mensual,07046,Sant Antoni de Portmany,Eivissa,,,,,U
2011-M03,2011,3,mensual,07048,Sant Josep de sa Talaia,Eivissa,,,,,U
2011-M03,2011,3,mensual,07051,Sant Llorenç des Cardassar,Mallorca,,,,,U
2011-M03,2011,3,mensual,07052,Sant Lluís,Menorca,,,,,U
2011-M03,2011,3,mensual,07054,Santa Eulària des Riu,Eivissa,,,,,U
2011-M03,2011,3,mensual,07057,Santanyí,Mallorca,,,,,U
2011-M03,2011,3,mensual,07062,Son Servera,Mallorca,,,,,U
2011-M04,2011,4,mensual,07003,Alcúdia,Mallorca,,,,,U
2011-M04,2011,4,mensual,07011,Calvià,Mallorca,66.69,48.1,68.17,49.56,A
2011-M04,2011,4,mensual,07015,Ciutadella de Menorca,Menorca,,,,,U
2011-M04,2011,4,mensual,07022,Felanitx,Mallorca,,,,,U
2011-M04,2011,4,mensual,07024,Formentera,Formentera,,,,,U
2011-M04,2011,4,mensual,07026,Eivissa,Eivissa,,,,,U
2011-M04,2011,4,mensual,07040,Palma,Mallorca,,,,,U
2011-M04,2011,4,mensual,07042,Pollença,Mallorca,,,,,U
2011-M04,2011,4,mensual,07046,Sant Antoni de Portmany,Eivissa,,,,,U
2011-M04,2011,4,mensual,07048,Sant Josep de sa Talaia,Eivissa,,,,,U
2011-M04,2011,4,mensual,07051,Sant Llorenç des Cardassar,Mallorca,,,,,U
2011-M04,2011,4,mensual,07052,Sant Lluís,Menorca,,,,,U
2011-M04,2011,4,mensual,07054,Santa Eulària des Riu,Eivissa,,,,,U
2011-M04,2011,4,mensual,07057,Santanyí,Mallorca,,,,,U
2011-M04,2011,4,mensual,07062,Son Servera,Mallorca,,,,,U
2011-M05,2011,5,mensual,07003,Alcúdia,Mallorca,53.57,49.58,55.6,51.63,A
2011-M05,2011,5,mensual,07011,Calvià,Mallorca,58.74,47.73,62.34,50.2,A
2011-M05,2011,5,mensual,07015,Ciutadella de Menorca,Menorca,25.14,20.26,28.66,22.34,A
2011-M05,2011,5,mensual,07022,Felanitx,Mallorca,19.7,11.14,20.72,11.63,A
2011-M05,2011,5,mensual,07024,Formentera,Formentera,41.5,31.5,50.56,38.61,A
2011-M05,2011,5,mensual,07026,Eivissa,Eivissa,56.73,36.61,60.27,40.41,A
2011-M05,2011,5,mensual,07040,Palma,Mallorca,63.56,43.7,70.71,47.98,A
2011-M05,2011,5,mensual,07042,Pollença,Mallorca,51.24,46.86,53.24,48.74,A
2011-M05,2011,5,mensual,07046,Sant Antoni de Portmany,Eivissa,38.19,34.08,42.63,38.08,A
2011-M05,2011,5,mensual,07048,Sant Josep de sa Talaia,Eivissa,52.93,33.32,57.43,35.8,A
2011-M05,2011,5,mensual,07051,Sant Llorenç des Cardassar,Mallorca,42.07,30.93,44.51,32.18,A
2011-M05,2011,5,mensual,07052,Sant Lluís,Menorca,14.33,10.33,18.83,13.82,A
2011-M05,2011,5,mensual,07054,Santa Eulària des Riu,Eivissa,34.71,23.28,37.86,25.35,A
2011-M05,2011,5,mensual,07057,Santanyí,Mallorca,40.13,33.7,41.91,34.7,A
2011-M05,2011,5,mensual,07062,Son Servera,Mallorca,21.36,16.53,21.41,17.31,A
2011-M06,2011,6,mensual,07003,Alcúdia,Mallorca,74.61,66.11,74.8,65.97,A
2011-M06,2011,6,mensual,07011,Calvià,Mallorca,81.21,67.61,82.92,68.91,A
2011-M06,2011,6,mensual,07015,Ciutadella de Menorca,Menorca,66.24,55.17,71.06,57.45,A
2011-M06,2011,6,mensual,07022,Felanitx,Mallorca,39.74,23.4,38.84,22.78,A
2011-M06,2011,6,mensual,07024,Formentera,Formentera,74.81,58.73,73.56,59.84,A
2011-M06,2011,6,mensual,07026,Eivissa,Eivissa,76.14,57.83,78.94,60.25,A
2011-M06,2011,6,mensual,07040,Palma,Mallorca,78.72,57.02,82.6,60.27,A
2011-M06,2011,6,mensual,07042,Pollença,Mallorca,75.18,61.37,74.69,61.37,A
2011-M06,2011,6,mensual,07046,Sant Antoni de Portmany,Eivissa,70.37,63.73,71.76,64.42,A
2011-M06,2011,6,mensual,07048,Sant Josep de sa Talaia,Eivissa,69.45,52.49,69.87,52.97,A
2011-M06,2011,6,mensual,07051,Sant Llorenç des Cardassar,Mallorca,84.12,62.35,82.12,61.02,A
2011-M06,2011,6,mensual,07052,Sant Lluís,Menorca,42.81,31.09,40.85,30.59,A
2011-M06,2011,6,mensual,07054,Santa Eulària des Riu,Eivissa,43.39,34.61,43.47,34.75,A
2011-M06,2011,6,mensual,07057,Santanyí,Mallorca,67.1,58.48,66.33,57.53,A
2011-M06,2011,6,mensual,07062,Son Servera,Mallorca,63.39,48.85,60.54,46.45,A
2011-M07,2011,7,mensual,07003,Alcúdia,Mallorca,94.18,91.95,93.77,91.88,A
2011-M07,2011,7,mensual,07011,Calvià,Mallorca,90.1,78.95,90.38,78.95,A
2011-M07,2011,7,mensual,07015,Ciutadella de Menorca,Menorca,85.49,70.57,83.99,69.14,A
2011-M07,2011,7,mensual,07022,Felanitx,Mallorca,64.66,48.6,61.93,45.35,A
2011-M07,2011,7,mensual,07024,Formentera,Formentera,88.91,59.62,89.34,58.77,A
2011-M07,2011,7,mensual,07026,Eivissa,Eivissa,85.6,67.37,87.76,68.88,A
2011-M07,2011,7,mensual,07040,Palma,Mallorca,85.82,68.18,86.98,68.93,A
2011-M07,2011,7,mensual,07042,Pollença,Mallorca,85.26,75.09,84.59,74.65,A
2011-M07,2011,7,mensual,07046,Sant Antoni de Portmany,Eivissa,86.44,79.98,86.65,79.74,A
2011-M07,2011,7,mensual,07048,Sant Josep de sa Talaia,Eivissa,68.72,57.14,69.16,58.18,A
2011-M07,2011,7,mensual,07051,Sant Llorenç des Cardassar,Mallorca,86.53,70.64,86.22,70.34,A
2011-M07,2011,7,mensual,07052,Sant Lluís,Menorca,78.22,64.15,77.16,63.15,A
2011-M07,2011,7,mensual,07054,Santa Eulària des Riu,Eivissa,67.1,50.56,66.43,49.98,A
2011-M07,2011,7,mensual,07057,Santanyí,Mallorca,76.37,74.34,73.85,71.93,A
2011-M07,2011,7,mensual,07062,Son Servera,Mallorca,70.35,55.76,70.63,55.23,A
2011-M08,2011,8,mensual,07003,Alcúdia,Mallorca,90.69,89.35,90.34,89.08,A
2011-M08,2011,8,mensual,07011,Calvià,Mallorca,90.47,78.68,91.92,79.76,A
2011-M08,2011,8,mensual,07015,Ciutadella de Menorca,Menorca,88.01,79.75,88.52,79.22,A
2011-M08,2011,8,mensual,07022,Felanitx,Mallorca,71.54,55.21,74.59,57.8,A
2011-M08,2011,8,mensual,07024,Formentera,Formentera,86.02,68.5,87.73,70.19,A
2011-M08,2011,8,mensual,07026,Eivissa,Eivissa,91.85,73.46,93.17,75.68,A
2011-M08,2011,8,mensual,07040,Palma,Mallorca,91.52,75.85,93.53,75.57,A
2011-M08,2011,8,mensual,07042,Pollença,Mallorca,83.2,74.78,83.71,75.26,A
2011-M08,2011,8,mensual,07046,Sant Antoni de Portmany,Eivissa,89.71,85.88,91.74,88.24,A
2011-M08,2011,8,mensual,07048,Sant Josep de sa Talaia,Eivissa,82.44,66.69,84.28,68.46,A
2011-M08,2011,8,mensual,07051,Sant Llorenç des Cardassar,Mallorca,95.36,80.87,94.73,80.15,A
2011-M08,2011,8,mensual,07052,Sant Lluís,Menorca,89.52,77.93,91.65,79.61,A
2011-M08,2011,8,mensual,07054,Santa Eulària des Riu,Eivissa,77.35,61.7,80.0,63.67,A
2011-M08,2011,8,mensual,07057,Santanyí,Mallorca,82.29,82.69,83.13,84.04,A
2011-M08,2011,8,mensual,07062,Son Servera,Mallorca,78.16,64.27,77.83,63.72,A
2011-M09,2011,9,mensual,07003,Alcúdia,Mallorca,89.96,78.79,89.79,79.99,A
2011-M09,2011,9,mensual,07011,Calvià,Mallorca,81.65,65.42,84.17,68.4,A
2011-M09,2011,9,mensual,07015,Ciutadella de Menorca,Menorca,65.33,51.73,67.54,54.26,A
2011-M09,2011,9,mensual,07022,Felanitx,Mallorca,63.23,42.89,63.57,42.97,A
2011-M09,2011,9,mensual,07024,Formentera,Formentera,80.08,58.59,85.68,64.86,A
2011-M09,2011,9,mensual,07026,Eivissa,Eivissa,82.27,62.02,85.49,65.37,A
2011-M09,2011,9,mensual,07040,Palma,Mallorca,75.87,52.24,80.04,55.4,A
2011-M09,2011,9,mensual,07042,Pollença,Mallorca,75.25,63.24,74.66,63.48,A
2011-M09,2011,9,mensual,07046,Sant Antoni de Portmany,Eivissa,85.54,74.44,85.4,74.95,A
2011-M09,2011,9,mensual,07048,Sant Josep de sa Talaia,Eivissa,68.15,55.14,69.19,56.17,A
2011-M09,2011,9,mensual,07051,Sant Llorenç des Cardassar,Mallorca,92.25,58.86,89.59,57.47,A
2011-M09,2011,9,mensual,07052,Sant Lluís,Menorca,60.97,38.3,62.64,38.93,A
2011-M09,2011,9,mensual,07054,Santa Eulària des Riu,Eivissa,58.62,41.59,57.88,40.88,A
2011-M09,2011,9,mensual,07057,Santanyí,Mallorca,72.0,59.91,71.6,60.61,A
2011-M09,2011,9,mensual,07062,Son Servera,Mallorca,64.69,50.25,65.76,50.91,A
2011-M10,2011,10,mensual,07003,Alcúdia,Mallorca,49.16,42.73,44.91,38.87,A
2011-M10,2011,10,mensual,07011,Calvià,Mallorca,56.32,47.21,55.67,47.91,A
2011-M10,2011,10,mensual,07015,Ciutadella de Menorca,Menorca,28.79,24.47,25.12,21.77,A
2011-M10,2011,10,mensual,07022,Felanitx,Mallorca,17.1,12.25,15.79,11.42,A
2011-M10,2011,10,mensual,07024,Formentera,Formentera,24.95,15.65,22.49,14.03,A
2011-M10,2011,10,mensual,07026,Eivissa,Eivissa,44.93,29.57,45.42,30.02,A
2011-M10,2011,10,mensual,07040,Palma,Mallorca,64.1,50.52,64.84,51.23,A
2011-M10,2011,10,mensual,07042,Pollença,Mallorca,37.4,36.33,34.18,32.87,A
2011-M10,2011,10,mensual,07046,Sant Antoni de Portmany,Eivissa,43.81,34.65,38.45,30.72,A
2011-M10,2011,10,mensual,07048,Sant Josep de sa Talaia,Eivissa,33.22,26.51,30.59,23.79,A
2011-M10,2011,10,mensual,07051,Sant Llorenç des Cardassar,Mallorca,49.57,35.64,45.55,32.76,A
2011-M10,2011,10,mensual,07052,Sant Lluís,Menorca,10.92,7.39,11.21,7.65,A
2011-M10,2011,10,mensual,07054,Santa Eulària des Riu,Eivissa,44.27,32.35,44.3,32.41,A
2011-M10,2011,10,mensual,07057,Santanyí,Mallorca,30.99,26.01,28.72,24.24,A
2011-M10,2011,10,mensual,07062,Son Servera,Mallorca,48.82,45.28,49.66,46.82,A
2011-M11,2011,11,mensual,07003,Alcúdia,Mallorca,,,,,U
2011-M11,2011,11,mensual,07011,Calvià,Mallorca,63.2,42.8,66.14,44.61,A
2011-M11,2011,11,mensual,07015,Ciutadella de Menorca,Menorca,,,,,U
2011-M11,2011,11,mensual,07022,Felanitx,Mallorca,,,,,U
2011-M11,2011,11,mensual,07024,Formentera,Formentera,,,,,U
2011-M11,2011,11,mensual,07026,Eivissa,Eivissa,,,,,U
2011-M11,2011,11,mensual,07040,Palma,Mallorca,41.52,26.48,43.33,28.83,A
2011-M11,2011,11,mensual,07042,Pollença,Mallorca,,,,,U
2011-M11,2011,11,mensual,07046,Sant Antoni de Portmany,Eivissa,,,,,U
2011-M11,2011,11,mensual,07048,Sant Josep de sa Talaia,Eivissa,,,,,U
2011-M11,2011,11,mensual,07051,Sant Llorenç des Cardassar,Mallorca,,,,,U
2011-M11,2011,11,mensual,07052,Sant Lluís,Menorca,,,,,U
2011-M11,2011,11,mensual,07054,Santa Eulària des Riu,Eivissa,,,,,U
2011-M11,2011,11,mensual,07057,Santanyí,Mallorca,,,,,U
2011-M11,2011,11,mensual,07062,Son Servera,Mallorca,,,,,U
2011-M12,2011,12,mensual,07003,Alcúdia,Mallorca,,,,,U
2011-M12,2011,12,mensual,07011,Calvià,Mallorca,31.66,21.51,31.75,21.86,A
2011-M12,2011,12,mensual,07015,Ciutadella de Menorca,Menorca,,,,,U
2011-M12,2011,12,mensual,07022,Felanitx,Mallorca,,,,,U
2011-M12,2011,12,mensual,07024,Formentera,Formentera,,,,,U
2011-M12,2011,12,mensual,07026,Eivissa,Eivissa,,,,,U
2011-M12,2011,12,mensual,07040,Palma,Mallorca,41.75,27.57,46.03,31.03,A
2011-M12,2011,12,mensual,07042,Pollença,Mallorca,,,,,U
2011-M12,2011,12,mensual,07046,Sant Antoni de Portmany,Eivissa,,,,,U
2011-M12,2011,12,mensual,07048,Sant Josep de sa Talaia,Eivissa,,,,,U
2011-M12,2011,12,mensual,07051,Sant Llorenç des Cardassar,Mallorca,,,,,U
2011-M12,2011,12,mensual,07052,Sant Lluís,Menorca,,,,,U
2011-M12,2011,12,mensual,07054,Santa Eulària des Riu,Eivissa,,,,,U
2011-M12,2011,12,mensual,07057,Santanyí,Mallorca,,,,,U
2011-M12,2011,12,mensual,07062,Son Servera,Mallorca,,,,,U
2012,2012,,anual,07003,Alcúdia,Mallorca,74.74,66.94,75.31,67.37,A
2012,2012,,anual,07011,Calvià,Mallorca,76.69,64.1,78.37,65.68,A
2012,2012,,anual,07015,Ciutadella de Menorca,Menorca,62.52,52.29,62.66,52.53,A
2012,2012,,anual,07022,Felanitx,Mallorca,55.33,41.45,54.85,40.87,A
2012,2012,,anual,07024,Formentera,Formentera,64.91,51.69,66.17,52.62,A
2012,2012,,anual,07026,Eivissa,Eivissa,60.46,44.94,64.44,48.87,A
2012,2012,,anual,07040,Palma,Mallorca,72.23,58.68,74.61,60.79,A
2012,2012,,anual,07042,Pollença,Mallorca,70.85,59.76,70.79,59.94,A
2012,2012,,anual,07046,Sant Antoni de Portmany,Eivissa,70.6,58.56,71.18,58.89,A
2012,2012,,anual,07048,Sant Josep de sa Talaia,Eivissa,63.74,50.61,63.34,51.13,A
2012,2012,,anual,07051,Sant Llorenç des Cardassar,Mallorca,74.13,55.61,72.71,54.48,A
2012,2012,,anual,07052,Sant Lluís,Menorca,73.83,56.43,75.12,57.42,A
2012,2012,,anual,07054,Santa Eulària des Riu,Eivissa,59.84,51.12,60.29,51.4,A
2012,2012,,anual,07057,Santanyí,Mallorca,67.36,59.39,66.42,59.22,A
2012,2012,,anual,07062,Son Servera,Mallorca,50.68,42.27,49.75,42.23,A
2012-M01,2012,1,mensual,07003,Alcúdia,Mallorca,,,,,U
2012-M01,2012,1,mensual,07011,Calvià,Mallorca,39.74,23.72,39.04,23.15,A
2012-M01,2012,1,mensual,07015,Ciutadella de Menorca,Menorca,,,,,U
2012-M01,2012,1,mensual,07022,Felanitx,Mallorca,,,,,U
2012-M01,2012,1,mensual,07024,Formentera,Formentera,,,,,U
2012-M01,2012,1,mensual,07026,Eivissa,Eivissa,,,,,U
2012-M01,2012,1,mensual,07040,Palma,Mallorca,39.17,29.37,36.67,28.06,A
2012-M01,2012,1,mensual,07042,Pollença,Mallorca,,,,,U
2012-M01,2012,1,mensual,07046,Sant Antoni de Portmany,Eivissa,,,,,U
2012-M01,2012,1,mensual,07048,Sant Josep de sa Talaia,Eivissa,,,,,U
2012-M01,2012,1,mensual,07051,Sant Llorenç des Cardassar,Mallorca,,,,,U
2012-M01,2012,1,mensual,07052,Sant Lluís,Menorca,,,,,U
2012-M01,2012,1,mensual,07054,Santa Eulària des Riu,Eivissa,,,,,U
2012-M01,2012,1,mensual,07057,Santanyí,Mallorca,,,,,U
2012-M01,2012,1,mensual,07062,Son Servera,Mallorca,,,,,U
2012-M02,2012,2,mensual,07003,Alcúdia,Mallorca,,,,,U
2012-M02,2012,2,mensual,07011,Calvià,Mallorca,51.49,31.26,50.91,30.83,A
2012-M02,2012,2,mensual,07015,Ciutadella de Menorca,Menorca,,,,,U
2012-M02,2012,2,mensual,07022,Felanitx,Mallorca,,,,,U
2012-M02,2012,2,mensual,07024,Formentera,Formentera,,,,,U
2012-M02,2012,2,mensual,07026,Eivissa,Eivissa,,,,,U
2012-M02,2012,2,mensual,07040,Palma,Mallorca,51.67,36.43,56.47,40.8,A
2012-M02,2012,2,mensual,07042,Pollença,Mallorca,,,,,U
2012-M02,2012,2,mensual,07046,Sant Antoni de Portmany,Eivissa,,,,,U
2012-M02,2012,2,mensual,07048,Sant Josep de sa Talaia,Eivissa,,,,,U
2012-M02,2012,2,mensual,07051,Sant Llorenç des Cardassar,Mallorca,,,,,U
2012-M02,2012,2,mensual,07052,Sant Lluís,Menorca,,,,,U
2012-M02,2012,2,mensual,07054,Santa Eulària des Riu,Eivissa,,,,,U
2012-M02,2012,2,mensual,07057,Santanyí,Mallorca,,,,,U
2012-M02,2012,2,mensual,07062,Son Servera,Mallorca,,,,,U
2012-M03,2012,3,mensual,07003,Alcúdia,Mallorca,,,,,U
2012-M03,2012,3,mensual,07011,Calvià,Mallorca,55.13,35.73,57.43,38.13,A
2012-M03,2012,3,mensual,07015,Ciutadella de Menorca,Menorca,,,,,U
2012-M03,2012,3,mensual,07022,Felanitx,Mallorca,,,,,U
2012-M03,2012,3,mensual,07024,Formentera,Formentera,,,,,U
2012-M03,2012,3,mensual,07026,Eivissa,Eivissa,,,,,U
2012-M03,2012,3,mensual,07040,Palma,Mallorca,53.48,45.36,54.12,46.59,A
2012-M03,2012,3,mensual,07042,Pollença,Mallorca,,,,,U
2012-M03,2012,3,mensual,07046,Sant Antoni de Portmany,Eivissa,,,,,U
2012-M03,2012,3,mensual,07048,Sant Josep de sa Talaia,Eivissa,,,,,U
2012-M03,2012,3,mensual,07051,Sant Llorenç des Cardassar,Mallorca,,,,,U
2012-M03,2012,3,mensual,07052,Sant Lluís,Menorca,,,,,U
2012-M03,2012,3,mensual,07054,Santa Eulària des Riu,Eivissa,,,,,U
2012-M03,2012,3,mensual,07057,Santanyí,Mallorca,,,,,U
2012-M03,2012,3,mensual,07062,Son Servera,Mallorca,,,,,U
2012-M04,2012,4,mensual,07003,Alcúdia,Mallorca,45.25,40.38,52.86,46.21,A
2012-M04,2012,4,mensual,07011,Calvià,Mallorca,69.09,51.09,78.15,59.78,A
2012-M04,2012,4,mensual,07015,Ciutadella de Menorca,Menorca,,,,,U
2012-M04,2012,4,mensual,07022,Felanitx,Mallorca,,,,,U
2012-M04,2012,4,mensual,07024,Formentera,Formentera,,,,,U
2012-M04,2012,4,mensual,07026,Eivissa,Eivissa,,,,,U
2012-M04,2012,4,mensual,07040,Palma,Mallorca,70.5,59.57,73.9,62.52,A
2012-M04,2012,4,mensual,07042,Pollença,Mallorca,,,,,U
2012-M04,2012,4,mensual,07046,Sant Antoni de Portmany,Eivissa,,,,,U
2012-M04,2012,4,mensual,07048,Sant Josep de sa Talaia,Eivissa,,,,,U
2012-M04,2012,4,mensual,07051,Sant Llorenç des Cardassar,Mallorca,,,,,U
2012-M04,2012,4,mensual,07052,Sant Lluís,Menorca,,,,,U
2012-M04,2012,4,mensual,07054,Santa Eulària des Riu,Eivissa,,,,,U
2012-M04,2012,4,mensual,07057,Santanyí,Mallorca,,,,,U
2012-M04,2012,4,mensual,07062,Son Servera,Mallorca,,,,,U
2012-M05,2012,5,mensual,07003,Alcúdia,Mallorca,55.15,49.76,54.6,48.68,A
2012-M05,2012,5,mensual,07011,Calvià,Mallorca,63.43,52.55,67.85,55.12,A
2012-M05,2012,5,mensual,07015,Ciutadella de Menorca,Menorca,26.98,20.57,28.23,21.83,A
2012-M05,2012,5,mensual,07022,Felanitx,Mallorca,34.15,18.09,33.71,17.87,A
2012-M05,2012,5,mensual,07024,Formentera,Formentera,,,,,U
2012-M05,2012,5,mensual,07026,Eivissa,Eivissa,28.88,21.98,34.6,27.63,A
2012-M05,2012,5,mensual,07040,Palma,Mallorca,69.82,50.4,75.04,54.48,A
2012-M05,2012,5,mensual,07042,Pollença,Mallorca,50.47,40.09,50.99,40.75,A
2012-M05,2012,5,mensual,07046,Sant Antoni de Portmany,Eivissa,42.01,34.27,41.72,33.71,A
2012-M05,2012,5,mensual,07048,Sant Josep de sa Talaia,Eivissa,55.24,34.7,58.46,38.92,A
2012-M05,2012,5,mensual,07051,Sant Llorenç des Cardassar,Mallorca,45.56,32.86,45.39,32.36,A
2012-M05,2012,5,mensual,07052,Sant Lluís,Menorca,,,,,U
2012-M05,2012,5,mensual,07054,Santa Eulària des Riu,Eivissa,36.73,28.86,36.37,28.35,A
2012-M05,2012,5,mensual,07057,Santanyí,Mallorca,41.95,31.84,39.37,30.89,A
2012-M05,2012,5,mensual,07062,Son Servera,Mallorca,,,,,U
2012-M06,2012,6,mensual,07003,Alcúdia,Mallorca,78.64,72.56,78.62,72.64,A
2012-M06,2012,6,mensual,07011,Calvià,Mallorca,82.85,70.57,83.47,71.75,A
2012-M06,2012,6,mensual,07015,Ciutadella de Menorca,Menorca,60.02,51.51,60.58,51.82,A
2012-M06,2012,6,mensual,07022,Felanitx,Mallorca,57.88,40.91,56.24,38.67,A
2012-M06,2012,6,mensual,07024,Formentera,Formentera,66.15,51.66,64.73,49.46,A
2012-M06,2012,6,mensual,07026,Eivissa,Eivissa,62.52,45.7,66.55,50.02,A
2012-M06,2012,6,mensual,07040,Palma,Mallorca,83.41,61.59,84.36,62.58,A
2012-M06,2012,6,mensual,07042,Pollença,Mallorca,71.03,60.01,69.53,59.78,A
2012-M06,2012,6,mensual,07046,Sant Antoni de Portmany,Eivissa,69.38,57.73,69.09,57.72,A
2012-M06,2012,6,mensual,07048,Sant Josep de sa Talaia,Eivissa,56.89,45.93,55.99,45.42,A
2012-M06,2012,6,mensual,07051,Sant Llorenç des Cardassar,Mallorca,81.99,59.46,80.63,57.83,A
2012-M06,2012,6,mensual,07052,Sant Lluís,Menorca,,,,,U
2012-M06,2012,6,mensual,07054,Santa Eulària des Riu,Eivissa,56.96,47.57,58.09,48.0,A
2012-M06,2012,6,mensual,07057,Santanyí,Mallorca,72.56,61.29,72.0,61.48,A
2012-M06,2012,6,mensual,07062,Son Servera,Mallorca,,,,,U
2012-M07,2012,7,mensual,07003,Alcúdia,Mallorca,95.65,87.08,95.49,87.47,A
2012-M07,2012,7,mensual,07011,Calvià,Mallorca,87.54,77.27,89.2,78.14,A
2012-M07,2012,7,mensual,07015,Ciutadella de Menorca,Menorca,81.09,66.71,83.36,68.56,A
2012-M07,2012,7,mensual,07022,Felanitx,Mallorca,69.17,57.02,71.09,59.46,A
2012-M07,2012,7,mensual,07024,Formentera,Formentera,74.27,62.06,75.88,63.28,A
2012-M07,2012,7,mensual,07026,Eivissa,Eivissa,77.57,56.15,81.17,58.91,A
2012-M07,2012,7,mensual,07040,Palma,Mallorca,91.77,80.31,94.27,83.87,A
2012-M07,2012,7,mensual,07042,Pollença,Mallorca,87.09,76.81,88.97,78.22,A
2012-M07,2012,7,mensual,07046,Sant Antoni de Portmany,Eivissa,83.52,70.0,85.67,71.25,A
2012-M07,2012,7,mensual,07048,Sant Josep de sa Talaia,Eivissa,68.18,58.85,69.69,60.76,A
2012-M07,2012,7,mensual,07051,Sant Llorenç des Cardassar,Mallorca,86.11,69.26,84.88,69.4,A
2012-M07,2012,7,mensual,07052,Sant Lluís,Menorca,91.29,78.06,91.23,79.39,A
2012-M07,2012,7,mensual,07054,Santa Eulària des Riu,Eivissa,75.48,67.17,78.95,70.71,A
2012-M07,2012,7,mensual,07057,Santanyí,Mallorca,83.18,78.92,82.91,79.43,A
2012-M07,2012,7,mensual,07062,Son Servera,Mallorca,67.56,61.22,67.44,62.96,A
2012-M08,2012,8,mensual,07003,Alcúdia,Mallorca,92.79,84.42,92.31,84.12,A
2012-M08,2012,8,mensual,07011,Calvià,Mallorca,91.48,81.44,92.21,81.89,A
2012-M08,2012,8,mensual,07015,Ciutadella de Menorca,Menorca,87.65,74.9,87.4,75.14,A
2012-M08,2012,8,mensual,07022,Felanitx,Mallorca,73.13,63.66,73.06,63.1,A
2012-M08,2012,8,mensual,07024,Formentera,Formentera,87.61,76.06,87.89,76.94,A
2012-M08,2012,8,mensual,07026,Eivissa,Eivissa,85.82,67.69,87.43,71.09,A
2012-M08,2012,8,mensual,07040,Palma,Mallorca,88.55,82.44,90.3,83.65,A
2012-M08,2012,8,mensual,07042,Pollença,Mallorca,88.66,77.91,88.29,77.32,A
2012-M08,2012,8,mensual,07046,Sant Antoni de Portmany,Eivissa,86.5,76.78,87.86,78.3,A
2012-M08,2012,8,mensual,07048,Sant Josep de sa Talaia,Eivissa,80.84,67.14,80.86,68.19,A
2012-M08,2012,8,mensual,07051,Sant Llorenç des Cardassar,Mallorca,92.68,79.12,91.14,76.94,A
2012-M08,2012,8,mensual,07052,Sant Lluís,Menorca,88.97,80.5,89.03,79.57,A
2012-M08,2012,8,mensual,07054,Santa Eulària des Riu,Eivissa,86.13,79.6,86.17,79.93,A
2012-M08,2012,8,mensual,07057,Santanyí,Mallorca,86.38,84.35,85.35,83.68,A
2012-M08,2012,8,mensual,07062,Son Servera,Mallorca,76.25,65.6,74.47,65.26,A
2012-M09,2012,9,mensual,07003,Alcúdia,Mallorca,90.67,74.51,89.2,73.1,A
2012-M09,2012,9,mensual,07011,Calvià,Mallorca,82.54,68.95,81.96,68.92,A
2012-M09,2012,9,mensual,07015,Ciutadella de Menorca,Menorca,61.98,46.98,59.27,44.68,A
2012-M09,2012,9,mensual,07022,Felanitx,Mallorca,69.88,49.42,67.95,46.76,A
2012-M09,2012,9,mensual,07024,Formentera,Formentera,79.69,59.01,81.9,61.29,A
2012-M09,2012,9,mensual,07026,Eivissa,Eivissa,76.01,52.16,81.08,56.63,A
2012-M09,2012,9,mensual,07040,Palma,Mallorca,82.09,62.1,84.78,62.57,A
2012-M09,2012,9,mensual,07042,Pollença,Mallorca,77.4,62.57,76.23,61.85,A
2012-M09,2012,9,mensual,07046,Sant Antoni de Portmany,Eivissa,82.02,68.61,81.76,67.65,A
2012-M09,2012,9,mensual,07048,Sant Josep de sa Talaia,Eivissa,68.36,56.06,64.18,53.78,A
2012-M09,2012,9,mensual,07051,Sant Llorenç des Cardassar,Mallorca,83.45,53.87,80.48,51.7,A
2012-M09,2012,9,mensual,07052,Sant Lluís,Menorca,60.78,30.28,59.56,29.57,A
2012-M09,2012,9,mensual,07054,Santa Eulària des Riu,Eivissa,59.68,51.23,58.35,49.22,A
2012-M09,2012,9,mensual,07057,Santanyí,Mallorca,82.58,69.55,80.32,68.57,A
2012-M09,2012,9,mensual,07062,Son Servera,Mallorca,55.8,41.57,52.96,39.99,A
2012-M10,2012,10,mensual,07003,Alcúdia,Mallorca,48.7,41.53,50.97,43.51,A
2012-M10,2012,10,mensual,07011,Calvià,Mallorca,58.24,46.12,59.29,48.49,A
2012-M10,2012,10,mensual,07015,Ciutadella de Menorca,Menorca,26.57,25.46,26.32,25.8,A
2012-M10,2012,10,mensual,07022,Felanitx,Mallorca,33.14,26.29,32.65,26.14,A
2012-M10,2012,10,mensual,07024,Formentera,Formentera,,,,,U
2012-M10,2012,10,mensual,07026,Eivissa,Eivissa,24.8,18.57,29.07,21.52,A
2012-M10,2012,10,mensual,07040,Palma,Mallorca,54.88,40.39,56.79,42.33,A
2012-M10,2012,10,mensual,07042,Pollença,Mallorca,37.32,27.31,37.9,28.16,A
2012-M10,2012,10,mensual,07046,Sant Antoni de Portmany,Eivissa,45.49,33.61,46.3,34.27,A
2012-M10,2012,10,mensual,07048,Sant Josep de sa Talaia,Eivissa,41.54,29.1,40.56,28.36,A
2012-M10,2012,10,mensual,07051,Sant Llorenç des Cardassar,Mallorca,56.74,38.73,55.11,38.15,A
2012-M10,2012,10,mensual,07052,Sant Lluís,Menorca,,,,,U
2012-M10,2012,10,mensual,07054,Santa Eulària des Riu,Eivissa,34.79,24.14,33.31,22.8,A
2012-M10,2012,10,mensual,07057,Santanyí,Mallorca,43.7,33.95,44.47,34.32,A
2012-M10,2012,10,mensual,07062,Son Servera,Mallorca,,,,,U
2012-M11,2012,11,mensual,07003,Alcúdia,Mallorca,,,,,U
2012-M11,2012,11,mensual,07011,Calvià,Mallorca,50.34,33.53,54.52,40.88,A
2012-M11,2012,11,mensual,07015,Ciutadella de Menorca,Menorca,,,,,U
2012-M11,2012,11,mensual,07022,Felanitx,Mallorca,,,,,U
2012-M11,2012,11,mensual,07024,Formentera,Formentera,,,,,U
2012-M11,2012,11,mensual,07026,Eivissa,Eivissa,,,,,U
2012-M11,2012,11,mensual,07040,Palma,Mallorca,46.41,32.58,51.5,38.55,A
2012-M11,2012,11,mensual,07042,Pollença,Mallorca,,,,,U
2012-M11,2012,11,mensual,07046,Sant Antoni de Portmany,Eivissa,,,,,U
2012-M11,2012,11,mensual,07048,Sant Josep de sa Talaia,Eivissa,,,,,U
2012-M11,2012,11,mensual,07051,Sant Llorenç des Cardassar,Mallorca,,,,,U
2012-M11,2012,11,mensual,07052,Sant Lluís,Menorca,,,,,U
2012-M11,2012,11,mensual,07054,Santa Eulària des Riu,Eivissa,,,,,U
2012-M11,2012,11,mensual,07057,Santanyí,Mallorca,,,,,U
2012-M11,2012,11,mensual,07062,Son Servera,Mallorca,,,,,U
2012-M12,2012,12,mensual,07003,Alcúdia,Mallorca,,,,,U
2012-M12,2012,12,mensual,07011,Calvià,Mallorca,51.94,32.67,54.36,34.39,A
2012-M12,2012,12,mensual,07015,Ciutadella de Menorca,Menorca,,,,,U
2012-M12,2012,12,mensual,07022,Felanitx,Mallorca,,,,,U
2012-M12,2012,12,mensual,07024,Formentera,Formentera,,,,,U
2012-M12,2012,12,mensual,07026,Eivissa,Eivissa,,,,,U
2012-M12,2012,12,mensual,07040,Palma,Mallorca,40.01,38.21,41.83,41.22,A
2012-M12,2012,12,mensual,07042,Pollença,Mallorca,,,,,U
2012-M12,2012,12,mensual,07046,Sant Antoni de Portmany,Eivissa,,,,,U
2012-M12,2012,12,mensual,07048,Sant Josep de sa Talaia,Eivissa,,,,,U
2012-M12,2012,12,mensual,07051,Sant Llorenç des Cardassar,Mallorca,,,,,U
2012-M12,2012,12,mensual,07052,Sant Lluís,Menorca,,,,,U
2012-M12,2012,12,mensual,07054,Santa Eulària des Riu,Eivissa,,,,,U
2012-M12,2012,12,mensual,07057,Santanyí,Mallorca,,,,,U
2012-M12,2012,12,mensual,07062,Son Servera,Mallorca,,,,,U
2013,2013,,anual,07003,Alcúdia,Mallorca,76.58,70.4,77.18,70.14,A
2013,2013,,anual,07011,Calvià,Mallorca,75.34,63.25,76.65,64.61,A
2013,2013,,anual,07015,Ciutadella de Menorca,Menorca,65.54,54.91,65.86,55.02,A
2013,2013,,anual,07022,Felanitx,Mallorca,65.0,47.15,65.23,47.58,A
2013,2013,,anual,07024,Formentera,Formentera,68.68,54.07,71.83,56.13,A
2013,2013,,anual,07026,Eivissa,Eivissa,67.81,51.49,72.2,55.35,A
2013,2013,,anual,07040,Palma,Mallorca,69.39,55.65,71.85,57.49,A
2013,2013,,anual,07042,Pollença,Mallorca,65.73,52.72,64.95,52.23,A
2013,2013,,anual,07046,Sant Antoni de Portmany,Eivissa,70.84,60.6,72.41,61.98,A
2013,2013,,anual,07048,Sant Josep de sa Talaia,Eivissa,64.52,55.09,65.7,56.19,A
2013,2013,,anual,07051,Sant Llorenç des Cardassar,Mallorca,79.83,55.74,79.18,55.35,A
2013,2013,,anual,07052,Sant Lluís,Menorca,68.53,52.16,68.48,52.15,A
2013,2013,,anual,07054,Santa Eulària des Riu,Eivissa,66.69,54.31,66.97,54.57,A
2013,2013,,anual,07057,Santanyí,Mallorca,76.04,64.21,75.37,63.81,A
2013,2013,,anual,07062,Son Servera,Mallorca,73.54,55.09,74.3,56.11,A
2013-M01,2013,1,mensual,07003,Alcúdia,Mallorca,,,,,U
2013-M01,2013,1,mensual,07011,Calvià,Mallorca,59.04,48.32,59.67,49.14,A
2013-M01,2013,1,mensual,07015,Ciutadella de Menorca,Menorca,,,,,U
2013-M01,2013,1,mensual,07022,Felanitx,Mallorca,,,,,U
2013-M01,2013,1,mensual,07024,Formentera,Formentera,,,,,U
2013-M01,2013,1,mensual,07026,Eivissa,Eivissa,,,,,U
2013-M01,2013,1,mensual,07040,Palma,Mallorca,31.68,21.79,30.14,20.54,A
2013-M01,2013,1,mensual,07042,Pollença,Mallorca,,,,,U
2013-M01,2013,1,mensual,07046,Sant Antoni de Portmany,Eivissa,,,,,U
2013-M01,2013,1,mensual,07048,Sant Josep de sa Talaia,Eivissa,,,,,U
2013-M01,2013,1,mensual,07051,Sant Llorenç des Cardassar,Mallorca,,,,,U
2013-M01,2013,1,mensual,07052,Sant Lluís,Menorca,,,,,U
2013-M01,2013,1,mensual,07054,Santa Eulària des Riu,Eivissa,,,,,U
2013-M01,2013,1,mensual,07057,Santanyí,Mallorca,,,,,U
2013-M01,2013,1,mensual,07062,Son Servera,Mallorca,,,,,U
2013-M02,2013,2,mensual,07003,Alcúdia,Mallorca,,,,,U
2013-M02,2013,2,mensual,07011,Calvià,Mallorca,51.54,34.88,50.38,33.92,A
2013-M02,2013,2,mensual,07015,Ciutadella de Menorca,Menorca,,,,,U
2013-M02,2013,2,mensual,07022,Felanitx,Mallorca,,,,,U
2013-M02,2013,2,mensual,07024,Formentera,Formentera,,,,,U
2013-M02,2013,2,mensual,07026,Eivissa,Eivissa,,,,,U
2013-M02,2013,2,mensual,07040,Palma,Mallorca,46.12,26.86,41.12,24.58,A
2013-M02,2013,2,mensual,07042,Pollença,Mallorca,,,,,U
2013-M02,2013,2,mensual,07046,Sant Antoni de Portmany,Eivissa,,,,,U
2013-M02,2013,2,mensual,07048,Sant Josep de sa Talaia,Eivissa,,,,,U
2013-M02,2013,2,mensual,07051,Sant Llorenç des Cardassar,Mallorca,,,,,U
2013-M02,2013,2,mensual,07052,Sant Lluís,Menorca,,,,,U
2013-M02,2013,2,mensual,07054,Santa Eulària des Riu,Eivissa,,,,,U
2013-M02,2013,2,mensual,07057,Santanyí,Mallorca,,,,,U
2013-M02,2013,2,mensual,07062,Son Servera,Mallorca,,,,,U
2013-M03,2013,3,mensual,07003,Alcúdia,Mallorca,,,,,U
2013-M03,2013,3,mensual,07011,Calvià,Mallorca,52.57,36.28,53.5,37.11,A
2013-M03,2013,3,mensual,07015,Ciutadella de Menorca,Menorca,,,,,U
2013-M03,2013,3,mensual,07022,Felanitx,Mallorca,,,,,U
2013-M03,2013,3,mensual,07024,Formentera,Formentera,,,,,U
2013-M03,2013,3,mensual,07026,Eivissa,Eivissa,,,,,U
2013-M03,2013,3,mensual,07040,Palma,Mallorca,55.56,37.04,59.19,40.08,A
2013-M03,2013,3,mensual,07042,Pollença,Mallorca,,,,,U
2013-M03,2013,3,mensual,07046,Sant Antoni de Portmany,Eivissa,,,,,U
2013-M03,2013,3,mensual,07048,Sant Josep de sa Talaia,Eivissa,,,,,U
2013-M03,2013,3,mensual,07051,Sant Llorenç des Cardassar,Mallorca,,,,,U
2013-M03,2013,3,mensual,07052,Sant Lluís,Menorca,,,,,U
2013-M03,2013,3,mensual,07054,Santa Eulària des Riu,Eivissa,,,,,U
2013-M03,2013,3,mensual,07057,Santanyí,Mallorca,,,,,U
2013-M03,2013,3,mensual,07062,Son Servera,Mallorca,,,,,U
2013-M04,2013,4,mensual,07003,Alcúdia,Mallorca,38.43,34.13,40.46,35.8,A
2013-M04,2013,4,mensual,07011,Calvià,Mallorca,61.36,41.34,65.17,46.28,A
2013-M04,2013,4,mensual,07015,Ciutadella de Menorca,Menorca,,,,,U
2013-M04,2013,4,mensual,07022,Felanitx,Mallorca,,,,,U
2013-M04,2013,4,mensual,07024,Formentera,Formentera,,,,,U
2013-M04,2013,4,mensual,07026,Eivissa,Eivissa,,,,,U
2013-M04,2013,4,mensual,07040,Palma,Mallorca,59.88,48.04,62.68,50.03,A
2013-M04,2013,4,mensual,07042,Pollença,Mallorca,,,,,U
2013-M04,2013,4,mensual,07046,Sant Antoni de Portmany,Eivissa,,,,,U
2013-M04,2013,4,mensual,07048,Sant Josep de sa Talaia,Eivissa,,,,,U
2013-M04,2013,4,mensual,07051,Sant Llorenç des Cardassar,Mallorca,,,,,U
2013-M04,2013,4,mensual,07052,Sant Lluís,Menorca,,,,,U
2013-M04,2013,4,mensual,07054,Santa Eulària des Riu,Eivissa,,,,,U
2013-M04,2013,4,mensual,07057,Santanyí,Mallorca,,,,,U
2013-M04,2013,4,mensual,07062,Son Servera,Mallorca,,,,,U
2013-M05,2013,5,mensual,07003,Alcúdia,Mallorca,66.73,63.91,66.46,63.59,A
2013-M05,2013,5,mensual,07011,Calvià,Mallorca,64.11,53.38,66.26,55.79,A
2013-M05,2013,5,mensual,07015,Ciutadella de Menorca,Menorca,32.07,24.59,32.85,24.35,A
2013-M05,2013,5,mensual,07022,Felanitx,Mallorca,46.64,31.97,42.8,30.19,A
2013-M05,2013,5,mensual,07024,Formentera,Formentera,60.86,43.31,66.23,46.71,A
2013-M05,2013,5,mensual,07026,Eivissa,Eivissa,36.62,25.14,43.38,30.88,A
2013-M05,2013,5,mensual,07040,Palma,Mallorca,74.72,59.49,77.55,61.27,A
2013-M05,2013,5,mensual,07042,Pollença,Mallorca,44.67,31.88,41.31,29.68,A
2013-M05,2013,5,mensual,07046,Sant Antoni de Portmany,Eivissa,57.13,45.68,60.71,48.06,A
2013-M05,2013,5,mensual,07048,Sant Josep de sa Talaia,Eivissa,44.04,36.74,48.59,41.17,A
2013-M05,2013,5,mensual,07051,Sant Llorenç des Cardassar,Mallorca,65.74,38.39,63.8,37.65,A
2013-M05,2013,5,mensual,07052,Sant Lluís,Menorca,45.97,32.0,47.35,32.25,A
2013-M05,2013,5,mensual,07054,Santa Eulària des Riu,Eivissa,51.7,41.74,52.62,42.1,A
2013-M05,2013,5,mensual,07057,Santanyí,Mallorca,63.19,51.94,60.04,49.67,A
2013-M05,2013,5,mensual,07062,Son Servera,Mallorca,62.21,44.59,62.82,44.92,A
2013-M06,2013,6,mensual,07003,Alcúdia,Mallorca,78.05,73.54,78.32,74.53,A
2013-M06,2013,6,mensual,07011,Calvià,Mallorca,79.85,71.31,80.53,71.37,A
2013-M06,2013,6,mensual,07015,Ciutadella de Menorca,Menorca,64.25,56.3,64.97,57.09,A
2013-M06,2013,6,mensual,07022,Felanitx,Mallorca,65.99,48.47,67.56,49.47,A
2013-M06,2013,6,mensual,07024,Formentera,Formentera,70.37,52.29,78.4,57.74,A
2013-M06,2013,6,mensual,07026,Eivissa,Eivissa,74.42,55.81,80.56,59.68,A
2013-M06,2013,6,mensual,07040,Palma,Mallorca,81.2,63.08,86.98,67.15,A
2013-M06,2013,6,mensual,07042,Pollença,Mallorca,69.08,56.34,72.79,60.74,A
2013-M06,2013,6,mensual,07046,Sant Antoni de Portmany,Eivissa,64.08,54.3,66.09,55.64,A
2013-M06,2013,6,mensual,07048,Sant Josep de sa Talaia,Eivissa,65.2,54.62,65.35,54.78,A
2013-M06,2013,6,mensual,07051,Sant Llorenç des Cardassar,Mallorca,79.58,50.99,80.56,52.32,A
2013-M06,2013,6,mensual,07052,Sant Lluís,Menorca,76.22,63.19,78.93,65.78,A
2013-M06,2013,6,mensual,07054,Santa Eulària des Riu,Eivissa,65.8,53.12,67.72,54.29,A
2013-M06,2013,6,mensual,07057,Santanyí,Mallorca,76.43,63.34,77.14,64.37,A
2013-M06,2013,6,mensual,07062,Son Servera,Mallorca,64.72,42.12,66.55,43.69,A
2013-M07,2013,7,mensual,07003,Alcúdia,Mallorca,93.2,88.39,94.42,87.73,A
2013-M07,2013,7,mensual,07011,Calvià,Mallorca,86.34,78.7,86.95,79.57,A
2013-M07,2013,7,mensual,07015,Ciutadella de Menorca,Menorca,79.71,70.35,81.27,71.61,A
2013-M07,2013,7,mensual,07022,Felanitx,Mallorca,72.18,58.99,75.36,61.77,A
2013-M07,2013,7,mensual,07024,Formentera,Formentera,79.74,66.59,83.72,70.03,A
2013-M07,2013,7,mensual,07026,Eivissa,Eivissa,78.9,60.82,85.11,66.52,A
2013-M07,2013,7,mensual,07040,Palma,Mallorca,85.39,78.71,87.48,80.18,A
2013-M07,2013,7,mensual,07042,Pollença,Mallorca,72.18,58.31,71.98,57.99,A
2013-M07,2013,7,mensual,07046,Sant Antoni de Portmany,Eivissa,77.57,72.08,79.08,73.5,A
2013-M07,2013,7,mensual,07048,Sant Josep de sa Talaia,Eivissa,76.45,69.6,78.62,71.17,A
2013-M07,2013,7,mensual,07051,Sant Llorenç des Cardassar,Mallorca,89.5,71.4,88.24,70.71,A
2013-M07,2013,7,mensual,07052,Sant Lluís,Menorca,82.03,62.75,81.84,62.9,A
2013-M07,2013,7,mensual,07054,Santa Eulària des Riu,Eivissa,70.79,58.33,70.34,58.47,A
2013-M07,2013,7,mensual,07057,Santanyí,Mallorca,82.88,75.78,82.49,75.52,A
2013-M07,2013,7,mensual,07062,Son Servera,Mallorca,87.99,73.89,86.47,72.87,A
2013-M08,2013,8,mensual,07003,Alcúdia,Mallorca,88.69,83.15,87.63,81.8,A
2013-M08,2013,8,mensual,07011,Calvià,Mallorca,85.37,76.59,85.67,76.85,A
2013-M08,2013,8,mensual,07015,Ciutadella de Menorca,Menorca,89.84,72.57,89.3,72.27,A
2013-M08,2013,8,mensual,07022,Felanitx,Mallorca,81.3,64.24,80.85,64.51,A
2013-M08,2013,8,mensual,07024,Formentera,Formentera,87.2,73.92,84.73,72.04,A
2013-M08,2013,8,mensual,07026,Eivissa,Eivissa,90.01,69.96,91.71,71.37,A
2013-M08,2013,8,mensual,07040,Palma,Mallorca,86.41,78.66,86.91,79.17,A
2013-M08,2013,8,mensual,07042,Pollença,Mallorca,87.96,80.45,85.32,78.25,A
2013-M08,2013,8,mensual,07046,Sant Antoni de Portmany,Eivissa,91.62,82.69,92.29,83.45,A
2013-M08,2013,8,mensual,07048,Sant Josep de sa Talaia,Eivissa,81.38,74.26,80.98,74.19,A
2013-M08,2013,8,mensual,07051,Sant Llorenç des Cardassar,Mallorca,95.11,78.3,94.76,77.65,A
2013-M08,2013,8,mensual,07052,Sant Lluís,Menorca,82.05,71.12,78.01,68.75,A
2013-M08,2013,8,mensual,07054,Santa Eulària des Riu,Eivissa,79.5,66.1,78.47,65.03,A
2013-M08,2013,8,mensual,07057,Santanyí,Mallorca,92.48,84.15,91.24,83.07,A
2013-M08,2013,8,mensual,07062,Son Servera,Mallorca,97.6,72.15,97.8,72.28,A
2013-M09,2013,9,mensual,07003,Alcúdia,Mallorca,93.85,75.02,92.82,72.98,A
2013-M09,2013,9,mensual,07011,Calvià,Mallorca,80.42,62.8,81.64,63.94,A
2013-M09,2013,9,mensual,07015,Ciutadella de Menorca,Menorca,68.91,55.97,67.56,54.46,A
2013-M09,2013,9,mensual,07022,Felanitx,Mallorca,80.62,54.29,79.95,53.21,A
2013-M09,2013,9,mensual,07024,Formentera,Formentera,85.53,66.87,86.43,65.99,A
2013-M09,2013,9,mensual,07026,Eivissa,Eivissa,81.37,59.64,84.01,62.97,A
2013-M09,2013,9,mensual,07040,Palma,Mallorca,77.99,61.63,79.91,62.96,A
2013-M09,2013,9,mensual,07042,Pollença,Mallorca,77.06,64.59,74.57,61.85,A
2013-M09,2013,9,mensual,07046,Sant Antoni de Portmany,Eivissa,80.77,69.84,81.12,70.89,A
2013-M09,2013,9,mensual,07048,Sant Josep de sa Talaia,Eivissa,66.66,55.13,65.58,54.45,A
2013-M09,2013,9,mensual,07051,Sant Llorenç des Cardassar,Mallorca,93.46,61.68,91.78,59.03,A
2013-M09,2013,9,mensual,07052,Sant Lluís,Menorca,75.38,44.53,75.75,44.3,A
2013-M09,2013,9,mensual,07054,Santa Eulària des Riu,Eivissa,69.68,55.17,68.54,54.73,A
2013-M09,2013,9,mensual,07057,Santanyí,Mallorca,89.63,67.49,88.32,66.06,A
2013-M09,2013,9,mensual,07062,Son Servera,Mallorca,90.29,59.27,89.79,58.88,A
2013-M10,2013,10,mensual,07003,Alcúdia,Mallorca,58.62,53.27,63.0,54.3,A
2013-M10,2013,10,mensual,07011,Calvià,Mallorca,63.43,48.2,66.78,51.49,A
2013-M10,2013,10,mensual,07015,Ciutadella de Menorca,Menorca,24.8,19.25,26.62,20.64,A
2013-M10,2013,10,mensual,07022,Felanitx,Mallorca,40.88,28.29,42.45,30.1,A
2013-M10,2013,10,mensual,07024,Formentera,Formentera,28.86,20.49,32.75,23.85,A
2013-M10,2013,10,mensual,07026,Eivissa,Eivissa,33.35,28.54,37.31,32.72,A
2013-M10,2013,10,mensual,07040,Palma,Mallorca,56.72,45.19,61.17,48.63,A
2013-M10,2013,10,mensual,07042,Pollença,Mallorca,33.05,22.95,31.71,22.24,A
2013-M10,2013,10,mensual,07046,Sant Antoni de Portmany,Eivissa,48.19,34.45,50.7,36.6,A
2013-M10,2013,10,mensual,07048,Sant Josep de sa Talaia,Eivissa,40.28,27.94,44.04,30.38,A
2013-M10,2013,10,mensual,07051,Sant Llorenç des Cardassar,Mallorca,66.74,40.43,67.33,41.64,A
2013-M10,2013,10,mensual,07052,Sant Lluís,Menorca,13.16,8.0,14.21,8.74,A
2013-M10,2013,10,mensual,07054,Santa Eulària des Riu,Eivissa,55.01,43.47,56.71,45.23,A
2013-M10,2013,10,mensual,07057,Santanyí,Mallorca,63.93,52.25,65.83,54.16,A
2013-M10,2013,10,mensual,07062,Son Servera,Mallorca,56.57,44.72,61.04,50.79,A
2013-M11,2013,11,mensual,07003,Alcúdia,Mallorca,,,,,U
2013-M11,2013,11,mensual,07011,Calvià,Mallorca,48.41,28.82,50.07,31.29,A
2013-M11,2013,11,mensual,07015,Ciutadella de Menorca,Menorca,,,,,U
2013-M11,2013,11,mensual,07022,Felanitx,Mallorca,,,,,U
2013-M11,2013,11,mensual,07024,Formentera,Formentera,,,,,U
2013-M11,2013,11,mensual,07026,Eivissa,Eivissa,,,,,U
2013-M11,2013,11,mensual,07040,Palma,Mallorca,,,,,U
2013-M11,2013,11,mensual,07042,Pollença,Mallorca,,,,,U
2013-M11,2013,11,mensual,07046,Sant Antoni de Portmany,Eivissa,,,,,U
2013-M11,2013,11,mensual,07048,Sant Josep de sa Talaia,Eivissa,,,,,U
2013-M11,2013,11,mensual,07051,Sant Llorenç des Cardassar,Mallorca,,,,,U
2013-M11,2013,11,mensual,07052,Sant Lluís,Menorca,,,,,U
2013-M11,2013,11,mensual,07054,Santa Eulària des Riu,Eivissa,,,,,U
2013-M11,2013,11,mensual,07057,Santanyí,Mallorca,,,,,U
2013-M11,2013,11,mensual,07062,Son Servera,Mallorca,,,,,U
2013-M12,2013,12,mensual,07003,Alcúdia,Mallorca,,,,,U
2013-M12,2013,12,mensual,07011,Calvià,Mallorca,47.01,30.47,47.5,32.1,A
2013-M12,2013,12,mensual,07015,Ciutadella de Menorca,Menorca,,,,,U
2013-M12,2013,12,mensual,07022,Felanitx,Mallorca,,,,,U
2013-M12,2013,12,mensual,07024,Formentera,Formentera,,,,,U
2013-M12,2013,12,mensual,07026,Eivissa,Eivissa,,,,,U
2013-M12,2013,12,mensual,07040,Palma,Mallorca,,,,,U
2013-M12,2013,12,mensual,07042,Pollença,Mallorca,,,,,U
2013-M12,2013,12,mensual,07046,Sant Antoni de Portmany,Eivissa,,,,,U
2013-M12,2013,12,mensual,07048,Sant Josep de sa Talaia,Eivissa,,,,,U
2013-M12,2013,12,mensual,07051,Sant Llorenç des Cardassar,Mallorca,,,,,U
2013-M12,2013,12,mensual,07052,Sant Lluís,Menorca,,,,,U
2013-M12,2013,12,mensual,07054,Santa Eulària des Riu,Eivissa,,,,,U
2013-M12,2013,12,mensual,07057,Santanyí,Mallorca,,,,,U
2013-M12,2013,12,mensual,07062,Son Servera,Mallorca,,,,,U
2014,2014,,anual,07003,Alcúdia,Mallorca,75.2,60.53,75.14,60.23,A
2014,2014,,anual,07011,Calvià,Mallorca,73.22,62.14,75.25,64.23,A
2014,2014,,anual,07015,Ciutadella de Menorca,Menorca,60.3,44.67,59.84,44.4,A
2014,2014,,anual,07022,Felanitx,Mallorca,61.45,45.2,60.36,44.82,A
2014,2014,,anual,07024,Formentera,Formentera,71.02,57.48,74.16,60.29,A
2014,2014,,anual,07026,Eivissa,Eivissa,76.77,60.49,81.69,64.86,A
2014,2014,,anual,07040,Palma,Mallorca,75.16,61.83,77.45,65.21,A
2014,2014,,anual,07042,Pollença,Mallorca,74.48,60.75,74.22,60.29,A
2014,2014,,anual,07046,Sant Antoni de Portmany,Eivissa,71.81,59.79,72.83,60.96,A
2014,2014,,anual,07048,Sant Josep de sa Talaia,Eivissa,67.65,52.78,68.04,53.68,A
2014,2014,,anual,07051,Sant Llorenç des Cardassar,Mallorca,73.07,48.23,72.47,48.01,A
2014,2014,,anual,07052,Sant Lluís,Menorca,65.02,47.44,66.32,48.13,A
2014,2014,,anual,07054,Santa Eulària des Riu,Eivissa,65.52,50.83,64.92,50.1,A
2014,2014,,anual,07057,Santanyí,Mallorca,75.75,62.13,75.06,61.63,A
2014,2014,,anual,07062,Son Servera,Mallorca,68.63,55.93,68.33,55.78,A
2014-M01,2014,1,mensual,07003,Alcúdia,Mallorca,,,,,U
2014-M01,2014,1,mensual,07011,Calvià,Mallorca,67.67,39.97,69.79,40.71,A
2014-M01,2014,1,mensual,07015,Ciutadella de Menorca,Menorca,,,,,U
2014-M01,2014,1,mensual,07022,Felanitx,Mallorca,,,,,U
2014-M01,2014,1,mensual,07024,Formentera,Formentera,,,,,U
2014-M01,2014,1,mensual,07026,Eivissa,Eivissa,,,,,U
2014-M01,2014,1,mensual,07040,Palma,Mallorca,,,,,U
2014-M01,2014,1,mensual,07042,Pollença,Mallorca,,,,,U
2014-M01,2014,1,mensual,07046,Sant Antoni de Portmany,Eivissa,,,,,U
2014-M01,2014,1,mensual,07048,Sant Josep de sa Talaia,Eivissa,,,,,U
2014-M01,2014,1,mensual,07051,Sant Llorenç des Cardassar,Mallorca,,,,,U
2014-M01,2014,1,mensual,07052,Sant Lluís,Menorca,,,,,U
2014-M01,2014,1,mensual,07054,Santa Eulària des Riu,Eivissa,,,,,U
2014-M01,2014,1,mensual,07057,Santanyí,Mallorca,,,,,U
2014-M01,2014,1,mensual,07062,Son Servera,Mallorca,,,,,U
2014-M02,2014,2,mensual,07003,Alcúdia,Mallorca,,,,,U
2014-M02,2014,2,mensual,07011,Calvià,Mallorca,47.8,30.14,46.42,29.46,A
2014-M02,2014,2,mensual,07015,Ciutadella de Menorca,Menorca,,,,,U
2014-M02,2014,2,mensual,07022,Felanitx,Mallorca,,,,,U
2014-M02,2014,2,mensual,07024,Formentera,Formentera,,,,,U
2014-M02,2014,2,mensual,07026,Eivissa,Eivissa,,,,,U
2014-M02,2014,2,mensual,07040,Palma,Mallorca,31.85,21.93,34.16,23.7,A
2014-M02,2014,2,mensual,07042,Pollença,Mallorca,,,,,U
2014-M02,2014,2,mensual,07046,Sant Antoni de Portmany,Eivissa,,,,,U
2014-M02,2014,2,mensual,07048,Sant Josep de sa Talaia,Eivissa,,,,,U
2014-M02,2014,2,mensual,07051,Sant Llorenç des Cardassar,Mallorca,,,,,U
2014-M02,2014,2,mensual,07052,Sant Lluís,Menorca,,,,,U
2014-M02,2014,2,mensual,07054,Santa Eulària des Riu,Eivissa,,,,,U
2014-M02,2014,2,mensual,07057,Santanyí,Mallorca,,,,,U
2014-M02,2014,2,mensual,07062,Son Servera,Mallorca,,,,,U
2014-M03,2014,3,mensual,07003,Alcúdia,Mallorca,,,,,U
2014-M03,2014,3,mensual,07011,Calvià,Mallorca,49.26,33.62,50.83,34.79,A
2014-M03,2014,3,mensual,07015,Ciutadella de Menorca,Menorca,,,,,U
2014-M03,2014,3,mensual,07022,Felanitx,Mallorca,,,,,U
2014-M03,2014,3,mensual,07024,Formentera,Formentera,,,,,U
2014-M03,2014,3,mensual,07026,Eivissa,Eivissa,,,,,U
2014-M03,2014,3,mensual,07040,Palma,Mallorca,58.7,45.63,59.02,46.12,A
2014-M03,2014,3,mensual,07042,Pollença,Mallorca,,,,,U
2014-M03,2014,3,mensual,07046,Sant Antoni de Portmany,Eivissa,,,,,U
2014-M03,2014,3,mensual,07048,Sant Josep de sa Talaia,Eivissa,,,,,U
2014-M03,2014,3,mensual,07051,Sant Llorenç des Cardassar,Mallorca,,,,,U
2014-M03,2014,3,mensual,07052,Sant Lluís,Menorca,,,,,U
2014-M03,2014,3,mensual,07054,Santa Eulària des Riu,Eivissa,,,,,U
2014-M03,2014,3,mensual,07057,Santanyí,Mallorca,,,,,U
2014-M03,2014,3,mensual,07062,Son Servera,Mallorca,,,,,U
2014-M04,2014,4,mensual,07003,Alcúdia,Mallorca,,,,,U
2014-M04,2014,4,mensual,07011,Calvià,Mallorca,42.26,32.64,47.72,38.21,A
2014-M04,2014,4,mensual,07015,Ciutadella de Menorca,Menorca,,,,,U
2014-M04,2014,4,mensual,07022,Felanitx,Mallorca,,,,,U
2014-M04,2014,4,mensual,07024,Formentera,Formentera,,,,,U
2014-M04,2014,4,mensual,07026,Eivissa,Eivissa,,,,,U
2014-M04,2014,4,mensual,07040,Palma,Mallorca,71.47,60.57,73.51,63.38,A
2014-M04,2014,4,mensual,07042,Pollença,Mallorca,,,,,U
2014-M04,2014,4,mensual,07046,Sant Antoni de Portmany,Eivissa,,,,,U
2014-M04,2014,4,mensual,07048,Sant Josep de sa Talaia,Eivissa,,,,,U
2014-M04,2014,4,mensual,07051,Sant Llorenç des Cardassar,Mallorca,,,,,U
2014-M04,2014,4,mensual,07052,Sant Lluís,Menorca,,,,,U
2014-M04,2014,4,mensual,07054,Santa Eulària des Riu,Eivissa,,,,,U
2014-M04,2014,4,mensual,07057,Santanyí,Mallorca,,,,,U
2014-M04,2014,4,mensual,07062,Son Servera,Mallorca,,,,,U
2014-M05,2014,5,mensual,07003,Alcúdia,Mallorca,65.06,49.39,64.75,48.68,A
2014-M05,2014,5,mensual,07011,Calvià,Mallorca,59.14,48.6,61.12,50.4,A
2014-M05,2014,5,mensual,07015,Ciutadella de Menorca,Menorca,33.33,26.17,31.01,24.39,A
2014-M05,2014,5,mensual,07022,Felanitx,Mallorca,48.91,32.48,43.81,29.57,A
2014-M05,2014,5,mensual,07024,Formentera,Formentera,52.41,39.83,53.13,41.23,A
2014-M05,2014,5,mensual,07026,Eivissa,Eivissa,50.06,35.71,58.51,43.47,A
2014-M05,2014,5,mensual,07040,Palma,Mallorca,70.86,57.69,75.08,64.56,A
2014-M05,2014,5,mensual,07042,Pollença,Mallorca,53.5,43.43,51.7,41.93,A
2014-M05,2014,5,mensual,07046,Sant Antoni de Portmany,Eivissa,64.41,51.59,64.24,52.51,A
2014-M05,2014,5,mensual,07048,Sant Josep de sa Talaia,Eivissa,42.5,32.94,41.42,33.07,A
2014-M05,2014,5,mensual,07051,Sant Llorenç des Cardassar,Mallorca,60.4,39.39,55.7,37.02,A
2014-M05,2014,5,mensual,07052,Sant Lluís,Menorca,,,,,U
2014-M05,2014,5,mensual,07054,Santa Eulària des Riu,Eivissa,50.59,39.4,49.45,38.46,A
2014-M05,2014,5,mensual,07057,Santanyí,Mallorca,64.99,58.21,61.69,56.83,A
2014-M05,2014,5,mensual,07062,Son Servera,Mallorca,37.17,23.21,39.22,25.11,A
2014-M06,2014,6,mensual,07003,Alcúdia,Mallorca,85.49,70.73,83.87,69.63,A
2014-M06,2014,6,mensual,07011,Calvià,Mallorca,78.6,70.21,81.32,73.76,A
2014-M06,2014,6,mensual,07015,Ciutadella de Menorca,Menorca,58.79,46.67,58.28,46.64,A
2014-M06,2014,6,mensual,07022,Felanitx,Mallorca,68.62,52.28,66.58,51.88,A
2014-M06,2014,6,mensual,07024,Formentera,Formentera,77.31,65.39,86.1,73.57,A
2014-M06,2014,6,mensual,07026,Eivissa,Eivissa,85.78,68.42,90.04,71.9,A
2014-M06,2014,6,mensual,07040,Palma,Mallorca,83.9,62.94,88.41,68.29,A
2014-M06,2014,6,mensual,07042,Pollença,Mallorca,87.88,69.38,87.16,68.89,A
2014-M06,2014,6,mensual,07046,Sant Antoni de Portmany,Eivissa,66.64,56.78,68.92,58.91,A
2014-M06,2014,6,mensual,07048,Sant Josep de sa Talaia,Eivissa,69.27,54.6,72.62,58.03,A
2014-M06,2014,6,mensual,07051,Sant Llorenç des Cardassar,Mallorca,77.91,58.58,77.18,58.01,A
2014-M06,2014,6,mensual,07052,Sant Lluís,Menorca,66.53,51.49,66.85,51.09,A
2014-M06,2014,6,mensual,07054,Santa Eulària des Riu,Eivissa,69.8,51.51,72.49,52.16,A
2014-M06,2014,6,mensual,07057,Santanyí,Mallorca,85.28,73.78,83.35,71.59,A
2014-M06,2014,6,mensual,07062,Son Servera,Mallorca,72.77,60.97,71.74,60.01,A
2014-M07,2014,7,mensual,07003,Alcúdia,Mallorca,88.43,81.87,89.09,82.25,A
2014-M07,2014,7,mensual,07011,Calvià,Mallorca,86.87,79.08,87.83,80.09,A
2014-M07,2014,7,mensual,07015,Ciutadella de Menorca,Menorca,69.96,51.39,68.99,50.95,A
2014-M07,2014,7,mensual,07022,Felanitx,Mallorca,69.63,57.1,69.11,57.65,A
2014-M07,2014,7,mensual,07024,Formentera,Formentera,87.06,68.26,95.68,74.66,A
2014-M07,2014,7,mensual,07026,Eivissa,Eivissa,91.81,72.03,95.66,76.18,A
2014-M07,2014,7,mensual,07040,Palma,Mallorca,85.26,71.99,85.18,73.23,A
2014-M07,2014,7,mensual,07042,Pollença,Mallorca,85.01,71.24,86.27,72.47,A
2014-M07,2014,7,mensual,07046,Sant Antoni de Portmany,Eivissa,76.35,67.57,76.3,68.3,A
2014-M07,2014,7,mensual,07048,Sant Josep de sa Talaia,Eivissa,78.96,64.53,79.14,65.26,A
2014-M07,2014,7,mensual,07051,Sant Llorenç des Cardassar,Mallorca,,,,,U
2014-M07,2014,7,mensual,07052,Sant Lluís,Menorca,67.52,45.95,71.04,49.48,A
2014-M07,2014,7,mensual,07054,Santa Eulària des Riu,Eivissa,77.41,64.3,77.1,63.59,A
2014-M07,2014,7,mensual,07057,Santanyí,Mallorca,79.13,64.92,79.06,63.89,A
2014-M07,2014,7,mensual,07062,Son Servera,Mallorca,76.51,71.7,75.2,70.5,A
2014-M08,2014,8,mensual,07003,Alcúdia,Mallorca,94.43,82.42,94.37,81.9,A
2014-M08,2014,8,mensual,07011,Calvià,Mallorca,89.2,81.84,89.52,81.84,A
2014-M08,2014,8,mensual,07015,Ciutadella de Menorca,Menorca,72.49,54.44,71.82,53.97,A
2014-M08,2014,8,mensual,07022,Felanitx,Mallorca,86.29,71.65,85.64,70.9,A
2014-M08,2014,8,mensual,07024,Formentera,Formentera,94.42,79.51,93.71,78.14,A
2014-M08,2014,8,mensual,07026,Eivissa,Eivissa,92.08,75.66,94.65,77.23,A
2014-M08,2014,8,mensual,07040,Palma,Mallorca,89.84,81.95,89.25,82.0,A
2014-M08,2014,8,mensual,07042,Pollença,Mallorca,86.81,75.56,84.89,73.6,A
2014-M08,2014,8,mensual,07046,Sant Antoni de Portmany,Eivissa,90.09,80.81,90.97,81.56,A
2014-M08,2014,8,mensual,07048,Sant Josep de sa Talaia,Eivissa,81.05,65.63,79.7,65.11,A
2014-M08,2014,8,mensual,07051,Sant Llorenç des Cardassar,Mallorca,86.23,65.55,81.06,61.96,A
2014-M08,2014,8,mensual,07052,Sant Lluís,Menorca,91.24,77.92,91.63,77.72,A
2014-M08,2014,8,mensual,07054,Santa Eulària des Riu,Eivissa,82.24,67.11,78.52,64.19,A
2014-M08,2014,8,mensual,07057,Santanyí,Mallorca,88.36,68.66,88.28,68.44,A
2014-M08,2014,8,mensual,07062,Son Servera,Mallorca,95.9,86.04,94.78,85.66,A
2014-M09,2014,9,mensual,07003,Alcúdia,Mallorca,94.01,68.0,94.45,67.73,A
2014-M09,2014,9,mensual,07011,Calvià,Mallorca,80.02,63.95,81.92,66.44,A
2014-M09,2014,9,mensual,07015,Ciutadella de Menorca,Menorca,60.81,40.46,61.69,40.91,A
2014-M09,2014,9,mensual,07022,Felanitx,Mallorca,62.68,38.64,64.57,38.98,A
2014-M09,2014,9,mensual,07024,Formentera,Formentera,84.14,67.53,85.68,69.52,A
2014-M09,2014,9,mensual,07026,Eivissa,Eivissa,90.46,71.38,93.76,74.66,A
2014-M09,2014,9,mensual,07040,Palma,Mallorca,84.66,66.22,89.18,71.13,A
2014-M09,2014,9,mensual,07042,Pollença,Mallorca,81.81,59.05,82.83,58.94,A
2014-M09,2014,9,mensual,07046,Sant Antoni de Portmany,Eivissa,80.24,64.87,81.36,66.21,A
2014-M09,2014,9,mensual,07048,Sant Josep de sa Talaia,Eivissa,72.89,54.22,72.63,53.87,A
2014-M09,2014,9,mensual,07051,Sant Llorenç des Cardassar,Mallorca,83.4,51.62,83.84,51.62,A
2014-M09,2014,9,mensual,07052,Sant Lluís,Menorca,68.46,46.36,67.7,45.9,A
2014-M09,2014,9,mensual,07054,Santa Eulària des Riu,Eivissa,70.0,51.38,68.42,50.88,A
2014-M09,2014,9,mensual,07057,Santanyí,Mallorca,85.54,64.7,86.37,65.59,A
2014-M09,2014,9,mensual,07062,Son Servera,Mallorca,88.53,64.59,85.81,62.72,A
2014-M10,2014,10,mensual,07003,Alcúdia,Mallorca,49.12,36.13,50.16,36.82,A
2014-M10,2014,10,mensual,07011,Calvià,Mallorca,54.23,40.34,57.71,43.23,A
2014-M10,2014,10,mensual,07015,Ciutadella de Menorca,Menorca,36.19,27.16,37.4,27.72,A
2014-M10,2014,10,mensual,07022,Felanitx,Mallorca,29.98,19.96,31.23,20.94,A
2014-M10,2014,10,mensual,07024,Formentera,Formentera,28.66,24.18,28.63,24.34,A
2014-M10,2014,10,mensual,07026,Eivissa,Eivissa,31.02,23.6,42.33,33.0,A
2014-M10,2014,10,mensual,07040,Palma,Mallorca,75.17,60.24,78.18,64.62,A
2014-M10,2014,10,mensual,07042,Pollença,Mallorca,58.2,47.78,58.67,47.74,A
2014-M10,2014,10,mensual,07046,Sant Antoni de Portmany,Eivissa,38.49,25.32,41.29,26.57,A
2014-M10,2014,10,mensual,07048,Sant Josep de sa Talaia,Eivissa,48.59,32.3,50.97,35.35,A
2014-M10,2014,10,mensual,07051,Sant Llorenç des Cardassar,Mallorca,,,,,U
2014-M10,2014,10,mensual,07052,Sant Lluís,Menorca,,,,,U
2014-M10,2014,10,mensual,07054,Santa Eulària des Riu,Eivissa,38.55,26.33,38.63,26.73,A
2014-M10,2014,10,mensual,07057,Santanyí,Mallorca,47.6,36.85,50.38,39.38,A
2014-M10,2014,10,mensual,07062,Son Servera,Mallorca,66.91,52.43,68.53,53.41,A
2014-M11,2014,11,mensual,07003,Alcúdia,Mallorca,,,,,U
2014-M11,2014,11,mensual,07011,Calvià,Mallorca,46.46,28.23,55.83,35.97,A
2014-M11,2014,11,mensual,07015,Ciutadella de Menorca,Menorca,,,,,U
2014-M11,2014,11,mensual,07022,Felanitx,Mallorca,,,,,U
2014-M11,2014,11,mensual,07024,Formentera,Formentera,,,,,U
2014-M11,2014,11,mensual,07026,Eivissa,Eivissa,,,,,U
2014-M11,2014,11,mensual,07040,Palma,Mallorca,,,,,U
2014-M11,2014,11,mensual,07042,Pollença,Mallorca,,,,,U
2014-M11,2014,11,mensual,07046,Sant Antoni de Portmany,Eivissa,,,,,U
2014-M11,2014,11,mensual,07048,Sant Josep de sa Talaia,Eivissa,,,,,U
2014-M11,2014,11,mensual,07051,Sant Llorenç des Cardassar,Mallorca,,,,,U
2014-M11,2014,11,mensual,07052,Sant Lluís,Menorca,,,,,U
2014-M11,2014,11,mensual,07054,Santa Eulària des Riu,Eivissa,,,,,U
2014-M11,2014,11,mensual,07057,Santanyí,Mallorca,,,,,U
2014-M11,2014,11,mensual,07062,Son Servera,Mallorca,,,,,U
2014-M12,2014,12,mensual,07003,Alcúdia,Mallorca,,,,,U
2014-M12,2014,12,mensual,07011,Calvià,Mallorca,47.11,27.72,50.75,28.44,A
2014-M12,2014,12,mensual,07015,Ciutadella de Menorca,Menorca,,,,,U
2014-M12,2014,12,mensual,07022,Felanitx,Mallorca,,,,,U
2014-M12,2014,12,mensual,07024,Formentera,Formentera,,,,,U
2014-M12,2014,12,mensual,07026,Eivissa,Eivissa,,,,,U
2014-M12,2014,12,mensual,07040,Palma,Mallorca,,,,,U
2014-M12,2014,12,mensual,07042,Pollença,Mallorca,,,,,U
2014-M12,2014,12,mensual,07046,Sant Antoni de Portmany,Eivissa,,,,,U
2014-M12,2014,12,mensual,07048,Sant Josep de sa Talaia,Eivissa,,,,,U
2014-M12,2014,12,mensual,07051,Sant Llorenç des Cardassar,Mallorca,,,,,U
2014-M12,2014,12,mensual,07052,Sant Lluís,Menorca,,,,,U
2014-M12,2014,12,mensual,07054,Santa Eulària des Riu,Eivissa,,,,,U
2014-M12,2014,12,mensual,07057,Santanyí,Mallorca,,,,,U
2014-M12,2014,12,mensual,07062,Son Servera,Mallorca,,,,,U
2015,2015,,anual,07003,Alcúdia,Mallorca,76.12,59.99,76.54,60.5,A
2015,2015,,anual,07011,Calvià,Mallorca,71.39,57.6,72.69,58.55,A
2015,2015,,anual,07015,Ciutadella de Menorca,Menorca,73.9,55.86,74.73,56.33,A
2015,2015,,anual,07022,Felanitx,Mallorca,65.45,40.48,64.34,39.44,A
2015,2015,,anual,07024,Formentera,Formentera,62.05,52.63,64.52,54.58,A
2015,2015,,anual,07026,Eivissa,Eivissa,77.28,62.46,82.03,67.2,A
2015,2015,,anual,07040,Palma,Mallorca,77.59,62.29,81.12,67.11,A
2015,2015,,anual,07042,Pollença,Mallorca,70.87,60.01,71.67,60.72,A
2015,2015,,anual,07046,Sant Antoni de Portmany,Eivissa,68.48,56.21,69.22,57.28,A
2015,2015,,anual,07048,Sant Josep de sa Talaia,Eivissa,68.65,53.2,69.72,54.47,A
2015,2015,,anual,07051,Sant Llorenç des Cardassar,Mallorca,77.23,60.75,76.13,60.01,A
2015,2015,,anual,07052,Sant Lluís,Menorca,81.78,61.97,81.99,61.77,A
2015,2015,,anual,07054,Santa Eulària des Riu,Eivissa,64.95,48.79,65.07,48.72,A
2015,2015,,anual,07057,Santanyí,Mallorca,66.93,59.61,66.65,59.09,A
2015,2015,,anual,07062,Son Servera,Mallorca,73.22,59.42,71.81,57.99,A
2015-M01,2015,1,mensual,07003,Alcúdia,Mallorca,,,,,U
2015-M01,2015,1,mensual,07011,Calvià,Mallorca,55.14,38.36,62.27,44.79,A
2015-M01,2015,1,mensual,07015,Ciutadella de Menorca,Menorca,,,,,U
2015-M01,2015,1,mensual,07022,Felanitx,Mallorca,,,,,U
2015-M01,2015,1,mensual,07024,Formentera,Formentera,,,,,U
2015-M01,2015,1,mensual,07026,Eivissa,Eivissa,,,,,U
2015-M01,2015,1,mensual,07040,Palma,Mallorca,,,,,U
2015-M01,2015,1,mensual,07042,Pollença,Mallorca,,,,,U
2015-M01,2015,1,mensual,07046,Sant Antoni de Portmany,Eivissa,,,,,U
2015-M01,2015,1,mensual,07048,Sant Josep de sa Talaia,Eivissa,,,,,U
2015-M01,2015,1,mensual,07051,Sant Llorenç des Cardassar,Mallorca,,,,,U
2015-M01,2015,1,mensual,07052,Sant Lluís,Menorca,,,,,U
2015-M01,2015,1,mensual,07054,Santa Eulària des Riu,Eivissa,,,,,U
2015-M01,2015,1,mensual,07057,Santanyí,Mallorca,,,,,U
2015-M01,2015,1,mensual,07062,Son Servera,Mallorca,,,,,U
2015-M02,2015,2,mensual,07003,Alcúdia,Mallorca,,,,,U
2015-M02,2015,2,mensual,07011,Calvià,Mallorca,58.44,39.35,69.68,47.82,A
2015-M02,2015,2,mensual,07015,Ciutadella de Menorca,Menorca,,,,,U
2015-M02,2015,2,mensual,07022,Felanitx,Mallorca,,,,,U
2015-M02,2015,2,mensual,07024,Formentera,Formentera,,,,,U
2015-M02,2015,2,mensual,07026,Eivissa,Eivissa,,,,,U
2015-M02,2015,2,mensual,07040,Palma,Mallorca,56.09,42.94,55.51,45.52,A
2015-M02,2015,2,mensual,07042,Pollença,Mallorca,,,,,U
2015-M02,2015,2,mensual,07046,Sant Antoni de Portmany,Eivissa,,,,,U
2015-M02,2015,2,mensual,07048,Sant Josep de sa Talaia,Eivissa,,,,,U
2015-M02,2015,2,mensual,07051,Sant Llorenç des Cardassar,Mallorca,,,,,U
2015-M02,2015,2,mensual,07052,Sant Lluís,Menorca,,,,,U
2015-M02,2015,2,mensual,07054,Santa Eulària des Riu,Eivissa,,,,,U
2015-M02,2015,2,mensual,07057,Santanyí,Mallorca,,,,,U
2015-M02,2015,2,mensual,07062,Son Servera,Mallorca,,,,,U
2015-M03,2015,3,mensual,07003,Alcúdia,Mallorca,,,,,U
2015-M03,2015,3,mensual,07011,Calvià,Mallorca,64.46,45.84,70.32,51.29,A
2015-M03,2015,3,mensual,07015,Ciutadella de Menorca,Menorca,,,,,U
2015-M03,2015,3,mensual,07022,Felanitx,Mallorca,,,,,U
2015-M03,2015,3,mensual,07024,Formentera,Formentera,,,,,U
2015-M03,2015,3,mensual,07026,Eivissa,Eivissa,,,,,U
2015-M03,2015,3,mensual,07040,Palma,Mallorca,40.85,29.06,39.15,30.04,A
2015-M03,2015,3,mensual,07042,Pollença,Mallorca,,,,,U
2015-M03,2015,3,mensual,07046,Sant Antoni de Portmany,Eivissa,,,,,U
2015-M03,2015,3,mensual,07048,Sant Josep de sa Talaia,Eivissa,,,,,U
2015-M03,2015,3,mensual,07051,Sant Llorenç des Cardassar,Mallorca,,,,,U
2015-M03,2015,3,mensual,07052,Sant Lluís,Menorca,,,,,U
2015-M03,2015,3,mensual,07054,Santa Eulària des Riu,Eivissa,,,,,U
2015-M03,2015,3,mensual,07057,Santanyí,Mallorca,,,,,U
2015-M03,2015,3,mensual,07062,Son Servera,Mallorca,,,,,U
2015-M04,2015,4,mensual,07003,Alcúdia,Mallorca,36.12,29.41,41.07,34.03,A
2015-M04,2015,4,mensual,07011,Calvià,Mallorca,32.72,25.36,32.88,25.33,A
2015-M04,2015,4,mensual,07015,Ciutadella de Menorca,Menorca,,,,,U
2015-M04,2015,4,mensual,07022,Felanitx,Mallorca,,,,,U
2015-M04,2015,4,mensual,07024,Formentera,Formentera,,,,,U
2015-M04,2015,4,mensual,07026,Eivissa,Eivissa,,,,,U
2015-M04,2015,4,mensual,07040,Palma,Mallorca,84.03,62.94,88.29,67.51,A
2015-M04,2015,4,mensual,07042,Pollença,Mallorca,67.21,56.19,71.32,60.79,A
2015-M04,2015,4,mensual,07046,Sant Antoni de Portmany,Eivissa,,,,,U
2015-M04,2015,4,mensual,07048,Sant Josep de sa Talaia,Eivissa,,,,,U
2015-M04,2015,4,mensual,07051,Sant Llorenç des Cardassar,Mallorca,,,,,U
2015-M04,2015,4,mensual,07052,Sant Lluís,Menorca,,,,,U
2015-M04,2015,4,mensual,07054,Santa Eulària des Riu,Eivissa,,,,,U
2015-M04,2015,4,mensual,07057,Santanyí,Mallorca,63.47,47.24,69.63,51.37,A
2015-M04,2015,4,mensual,07062,Son Servera,Mallorca,,,,,U
2015-M05,2015,5,mensual,07003,Alcúdia,Mallorca,63.26,48.68,65.67,50.83,A
2015-M05,2015,5,mensual,07011,Calvià,Mallorca,49.3,36.97,49.18,37.02,A
2015-M05,2015,5,mensual,07015,Ciutadella de Menorca,Menorca,24.47,18.06,24.54,17.88,A
2015-M05,2015,5,mensual,07022,Felanitx,Mallorca,36.23,17.4,37.28,17.52,A
2015-M05,2015,5,mensual,07024,Formentera,Formentera,30.88,24.36,36.59,29.45,A
2015-M05,2015,5,mensual,07026,Eivissa,Eivissa,53.36,45.32,58.69,51.93,A
2015-M05,2015,5,mensual,07040,Palma,Mallorca,76.04,61.75,82.2,67.93,A
2015-M05,2015,5,mensual,07042,Pollença,Mallorca,51.9,42.87,53.07,44.35,A
2015-M05,2015,5,mensual,07046,Sant Antoni de Portmany,Eivissa,38.32,28.47,37.84,28.78,A
2015-M05,2015,5,mensual,07048,Sant Josep de sa Talaia,Eivissa,41.58,33.61,42.43,34.71,A
2015-M05,2015,5,mensual,07051,Sant Llorenç des Cardassar,Mallorca,57.15,45.49,54.79,42.82,A
2015-M05,2015,5,mensual,07052,Sant Lluís,Menorca,,,,,U
2015-M05,2015,5,mensual,07054,Santa Eulària des Riu,Eivissa,42.43,32.01,42.3,31.55,A
2015-M05,2015,5,mensual,07057,Santanyí,Mallorca,55.75,49.54,55.0,48.38,A
2015-M05,2015,5,mensual,07062,Son Servera,Mallorca,40.92,30.45,42.89,32.09,A
2015-M06,2015,6,mensual,07003,Alcúdia,Mallorca,88.13,66.81,88.02,66.93,A
2015-M06,2015,6,mensual,07011,Calvià,Mallorca,71.98,57.99,73.84,59.93,A
2015-M06,2015,6,mensual,07015,Ciutadella de Menorca,Menorca,67.16,54.56,67.86,55.16,A
2015-M06,2015,6,mensual,07022,Felanitx,Mallorca,51.5,32.68,49.63,32.4,A
2015-M06,2015,6,mensual,07024,Formentera,Formentera,68.8,58.32,72.36,60.85,A
2015-M06,2015,6,mensual,07026,Eivissa,Eivissa,77.19,63.42,81.86,68.56,A
2015-M06,2015,6,mensual,07040,Palma,Mallorca,84.83,71.64,89.15,76.28,A
2015-M06,2015,6,mensual,07042,Pollença,Mallorca,88.16,72.16,90.03,73.28,A
2015-M06,2015,6,mensual,07046,Sant Antoni de Portmany,Eivissa,62.83,54.0,63.88,55.04,A
2015-M06,2015,6,mensual,07048,Sant Josep de sa Talaia,Eivissa,67.93,51.58,69.4,52.74,A
2015-M06,2015,6,mensual,07051,Sant Llorenç des Cardassar,Mallorca,61.65,46.92,60.25,47.43,A
2015-M06,2015,6,mensual,07052,Sant Lluís,Menorca,84.37,60.39,85.19,60.26,A
2015-M06,2015,6,mensual,07054,Santa Eulària des Riu,Eivissa,53.65,39.8,53.24,40.17,A
2015-M06,2015,6,mensual,07057,Santanyí,Mallorca,46.8,41.62,47.12,41.54,A
2015-M06,2015,6,mensual,07062,Son Servera,Mallorca,72.79,55.79,68.49,51.83,A
2015-M07,2015,7,mensual,07003,Alcúdia,Mallorca,91.14,80.9,90.09,80.66,A
2015-M07,2015,7,mensual,07011,Calvià,Mallorca,86.28,77.53,86.2,77.04,A
2015-M07,2015,7,mensual,07015,Ciutadella de Menorca,Menorca,90.65,71.43,90.44,70.52,A
2015-M07,2015,7,mensual,07022,Felanitx,Mallorca,78.05,61.22,78.51,60.63,A
2015-M07,2015,7,mensual,07024,Formentera,Formentera,82.12,76.84,82.82,77.34,A
2015-M07,2015,7,mensual,07026,Eivissa,Eivissa,93.12,72.45,95.49,75.56,A
2015-M07,2015,7,mensual,07040,Palma,Mallorca,84.92,65.59,89.8,71.59,A
2015-M07,2015,7,mensual,07042,Pollença,Mallorca,87.27,73.4,87.8,73.31,A
2015-M07,2015,7,mensual,07046,Sant Antoni de Portmany,Eivissa,80.72,68.46,80.17,68.66,A
2015-M07,2015,7,mensual,07048,Sant Josep de sa Talaia,Eivissa,77.92,61.09,77.06,61.87,A
2015-M07,2015,7,mensual,07051,Sant Llorenç des Cardassar,Mallorca,91.48,71.06,90.55,70.8,A
2015-M07,2015,7,mensual,07052,Sant Lluís,Menorca,96.07,80.88,95.96,80.51,A
2015-M07,2015,7,mensual,07054,Santa Eulària des Riu,Eivissa,80.1,63.0,78.76,62.18,A
2015-M07,2015,7,mensual,07057,Santanyí,Mallorca,81.13,79.31,80.62,78.89,A
2015-M07,2015,7,mensual,07062,Son Servera,Mallorca,89.39,79.58,88.17,78.71,A
2015-M08,2015,8,mensual,07003,Alcúdia,Mallorca,87.77,73.08,86.7,72.04,A
2015-M08,2015,8,mensual,07011,Calvià,Mallorca,91.29,79.44,91.99,79.7,A
2015-M08,2015,8,mensual,07015,Ciutadella de Menorca,Menorca,94.31,74.13,94.32,73.71,A
2015-M08,2015,8,mensual,07022,Felanitx,Mallorca,88.67,60.93,86.77,59.01,A
2015-M08,2015,8,mensual,07024,Formentera,Formentera,87.52,75.35,88.78,76.71,A
2015-M08,2015,8,mensual,07026,Eivissa,Eivissa,93.32,76.85,96.22,78.64,A
2015-M08,2015,8,mensual,07040,Palma,Mallorca,93.52,80.27,93.26,81.91,A
2015-M08,2015,8,mensual,07042,Pollença,Mallorca,60.91,54.21,61.76,55.15,A
2015-M08,2015,8,mensual,07046,Sant Antoni de Portmany,Eivissa,89.4,75.85,89.66,76.43,A
2015-M08,2015,8,mensual,07048,Sant Josep de sa Talaia,Eivissa,84.9,67.06,85.67,67.66,A
2015-M08,2015,8,mensual,07051,Sant Llorenç des Cardassar,Mallorca,91.06,73.45,90.24,71.85,A
2015-M08,2015,8,mensual,07052,Sant Lluís,Menorca,95.68,77.44,94.34,76.88,A
2015-M08,2015,8,mensual,07054,Santa Eulària des Riu,Eivissa,88.8,72.86,88.95,72.17,A
2015-M08,2015,8,mensual,07057,Santanyí,Mallorca,87.34,81.23,86.26,80.54,A
2015-M08,2015,8,mensual,07062,Son Servera,Mallorca,95.06,79.96,95.3,80.1,A
2015-M09,2015,9,mensual,07003,Alcúdia,Mallorca,96.36,72.29,96.49,72.34,A
2015-M09,2015,9,mensual,07011,Calvià,Mallorca,82.67,61.88,84.46,63.38,A
2015-M09,2015,9,mensual,07015,Ciutadella de Menorca,Menorca,83.38,51.33,86.27,53.94,A
2015-M09,2015,9,mensual,07022,Felanitx,Mallorca,78.89,42.58,76.86,41.01,A
2015-M09,2015,9,mensual,07024,Formentera,Formentera,75.77,61.01,76.83,61.6,A
2015-M09,2015,9,mensual,07026,Eivissa,Eivissa,87.66,69.37,92.13,73.24,A
2015-M09,2015,9,mensual,07040,Palma,Mallorca,87.45,70.25,92.68,77.38,A
2015-M09,2015,9,mensual,07042,Pollença,Mallorca,93.41,81.78,91.28,80.22,A
2015-M09,2015,9,mensual,07046,Sant Antoni de Portmany,Eivissa,68.72,55.82,71.16,58.72,A
2015-M09,2015,9,mensual,07048,Sant Josep de sa Talaia,Eivissa,72.27,55.23,74.63,57.42,A
2015-M09,2015,9,mensual,07051,Sant Llorenç des Cardassar,Mallorca,83.01,60.82,82.46,59.95,A
2015-M09,2015,9,mensual,07052,Sant Lluís,Menorca,87.17,52.5,89.03,51.91,A
2015-M09,2015,9,mensual,07054,Santa Eulària des Riu,Eivissa,65.65,46.26,66.24,46.52,A
2015-M09,2015,9,mensual,07057,Santanyí,Mallorca,82.08,64.01,82.59,63.83,A
2015-M09,2015,9,mensual,07062,Son Servera,Mallorca,90.43,61.5,88.94,60.22,A
2015-M10,2015,10,mensual,07003,Alcúdia,Mallorca,49.3,34.18,48.36,32.88,A
2015-M10,2015,10,mensual,07011,Calvià,Mallorca,62.41,46.31,62.77,45.84,A
2015-M10,2015,10,mensual,07015,Ciutadella de Menorca,Menorca,30.94,22.14,33.68,24.36,A
2015-M10,2015,10,mensual,07022,Felanitx,Mallorca,60.33,30.15,58.02,27.91,A
2015-M10,2015,10,mensual,07024,Formentera,Formentera,15.52,11.79,18.24,13.77,A
2015-M10,2015,10,mensual,07026,Eivissa,Eivissa,33.57,27.43,45.59,38.5,A
2015-M10,2015,10,mensual,07040,Palma,Mallorca,78.45,61.85,86.21,70.4,A
2015-M10,2015,10,mensual,07042,Pollença,Mallorca,54.99,48.23,56.0,49.0,A
2015-M10,2015,10,mensual,07046,Sant Antoni de Portmany,Eivissa,57.31,33.07,59.49,34.61,A
2015-M10,2015,10,mensual,07048,Sant Josep de sa Talaia,Eivissa,45.72,33.62,49.34,36.45,A
2015-M10,2015,10,mensual,07051,Sant Llorenç des Cardassar,Mallorca,71.56,56.91,70.78,57.29,A
2015-M10,2015,10,mensual,07052,Sant Lluís,Menorca,,,,,U
2015-M10,2015,10,mensual,07054,Santa Eulària des Riu,Eivissa,47.49,27.15,49.91,28.07,A
2015-M10,2015,10,mensual,07057,Santanyí,Mallorca,58.52,53.26,55.87,50.78,A
2015-M10,2015,10,mensual,07062,Son Servera,Mallorca,71.64,54.37,68.95,50.44,A
2015-M11,2015,11,mensual,07003,Alcúdia,Mallorca,,,,,U
2015-M11,2015,11,mensual,07011,Calvià,Mallorca,57.84,42.44,69.75,54.49,A
2015-M11,2015,11,mensual,07015,Ciutadella de Menorca,Menorca,,,,,U
2015-M11,2015,11,mensual,07022,Felanitx,Mallorca,,,,,U
2015-M11,2015,11,mensual,07024,Formentera,Formentera,,,,,U
2015-M11,2015,11,mensual,07026,Eivissa,Eivissa,,,,,U
2015-M11,2015,11,mensual,07040,Palma,Mallorca,47.31,28.28,43.24,26.62,A
2015-M11,2015,11,mensual,07042,Pollença,Mallorca,,,,,U
2015-M11,2015,11,mensual,07046,Sant Antoni de Portmany,Eivissa,,,,,U
2015-M11,2015,11,mensual,07048,Sant Josep de sa Talaia,Eivissa,,,,,U
2015-M11,2015,11,mensual,07051,Sant Llorenç des Cardassar,Mallorca,,,,,U
2015-M11,2015,11,mensual,07052,Sant Lluís,Menorca,,,,,U
2015-M11,2015,11,mensual,07054,Santa Eulària des Riu,Eivissa,,,,,U
2015-M11,2015,11,mensual,07057,Santanyí,Mallorca,,,,,U
2015-M11,2015,11,mensual,07062,Son Servera,Mallorca,,,,,U
2015-M12,2015,12,mensual,07003,Alcúdia,Mallorca,,,,,U
2015-M12,2015,12,mensual,07011,Calvià,Mallorca,58.69,33.02,58.06,32.77,A
2015-M12,2015,12,mensual,07015,Ciutadella de Menorca,Menorca,,,,,U
2015-M12,2015,12,mensual,07022,Felanitx,Mallorca,,,,,U
2015-M12,2015,12,mensual,07024,Formentera,Formentera,,,,,U
2015-M12,2015,12,mensual,07026,Eivissa,Eivissa,,,,,U
2015-M12,2015,12,mensual,07040,Palma,Mallorca,,,,,U
2015-M12,2015,12,mensual,07042,Pollença,Mallorca,,,,,U
2015-M12,2015,12,mensual,07046,Sant Antoni de Portmany,Eivissa,,,,,U
2015-M12,2015,12,mensual,07048,Sant Josep de sa Talaia,Eivissa,,,,,U
2015-M12,2015,12,mensual,07051,Sant Llorenç des Cardassar,Mallorca,,,,,U
2015-M12,2015,12,mensual,07052,Sant Lluís,Menorca,,,,,U
2015-M12,2015,12,mensual,07054,Santa Eulària des Riu,Eivissa,,,,,U
2015-M12,2015,12,mensual,07057,Santanyí,Mallorca,,,,,U
2015-M12,2015,12,mensual,07062,Son Servera,Mallorca,,,,,U
2016,2016,,anual,07003,Alcúdia,Mallorca,75.74,63.17,75.14,62.94,A
2016,2016,,anual,07011,Calvià,Mallorca,79.49,63.29,80.36,64.18,A
2016,2016,,anual,07015,Ciutadella de Menorca,Menorca,77.89,60.11,78.24,60.82,A
2016,2016,,anual,07022,Felanitx,Mallorca,64.97,44.44,65.41,44.41,A
2016,2016,,anual,07024,Formentera,Formentera,58.9,47.74,60.32,49.09,A
2016,2016,,anual,07026,Eivissa,Eivissa,78.97,60.12,83.2,63.74,A
2016,2016,,anual,07040,Palma,Mallorca,82.41,63.56,85.96,68.27,A
2016,2016,,anual,07042,Pollença,Mallorca,82.9,74.19,83.28,74.39,A
2016,2016,,anual,07046,Sant Antoni de Portmany,Eivissa,75.09,69.26,75.24,69.71,A
2016,2016,,anual,07048,Sant Josep de sa Talaia,Eivissa,75.44,63.21,77.07,65.18,A
2016,2016,,anual,07051,Sant Llorenç des Cardassar,Mallorca,78.91,67.96,77.69,67.71,A
2016,2016,,anual,07052,Sant Lluís,Menorca,82.15,57.58,83.71,59.27,A
2016,2016,,anual,07054,Santa Eulària des Riu,Eivissa,73.04,55.07,73.44,55.63,A
2016,2016,,anual,07057,Santanyí,Mallorca,77.81,70.39,76.96,69.81,A
2016,2016,,anual,07062,Son Servera,Mallorca,77.49,54.88,77.14,54.78,A
2016-M01,2016,1,mensual,07003,Alcúdia,Mallorca,,,,,U
2016-M01,2016,1,mensual,07011,Calvià,Mallorca,56.52,32.58,57.9,34.42,A
2016-M01,2016,1,mensual,07015,Ciutadella de Menorca,Menorca,,,,,U
2016-M01,2016,1,mensual,07022,Felanitx,Mallorca,,,,,U
2016-M01,2016,1,mensual,07024,Formentera,Formentera,,,,,U
2016-M01,2016,1,mensual,07026,Eivissa,Eivissa,,,,,U
2016-M01,2016,1,mensual,07040,Palma,Mallorca,40.85,25.8,46.76,32.1,A
2016-M01,2016,1,mensual,07042,Pollença,Mallorca,,,,,U
2016-M01,2016,1,mensual,07046,Sant Antoni de Portmany,Eivissa,,,,,U
2016-M01,2016,1,mensual,07048,Sant Josep de sa Talaia,Eivissa,,,,,U
2016-M01,2016,1,mensual,07051,Sant Llorenç des Cardassar,Mallorca,,,,,U
2016-M01,2016,1,mensual,07052,Sant Lluís,Menorca,,,,,U
2016-M01,2016,1,mensual,07054,Santa Eulària des Riu,Eivissa,,,,,U
2016-M01,2016,1,mensual,07057,Santanyí,Mallorca,,,,,U
2016-M01,2016,1,mensual,07062,Son Servera,Mallorca,,,,,U
2016-M02,2016,2,mensual,07003,Alcúdia,Mallorca,,,,,U
2016-M02,2016,2,mensual,07011,Calvià,Mallorca,62.38,39.04,65.19,42.77,A
2016-M02,2016,2,mensual,07015,Ciutadella de Menorca,Menorca,,,,,U
2016-M02,2016,2,mensual,07022,Felanitx,Mallorca,,,,,U
2016-M02,2016,2,mensual,07024,Formentera,Formentera,,,,,U
2016-M02,2016,2,mensual,07026,Eivissa,Eivissa,,,,,U
2016-M02,2016,2,mensual,07040,Palma,Mallorca,61.85,38.04,58.02,36.91,A
2016-M02,2016,2,mensual,07042,Pollença,Mallorca,,,,,U
2016-M02,2016,2,mensual,07046,Sant Antoni de Portmany,Eivissa,,,,,U
2016-M02,2016,2,mensual,07048,Sant Josep de sa Talaia,Eivissa,,,,,U
2016-M02,2016,2,mensual,07051,Sant Llorenç des Cardassar,Mallorca,,,,,U
2016-M02,2016,2,mensual,07052,Sant Lluís,Menorca,,,,,U
2016-M02,2016,2,mensual,07054,Santa Eulària des Riu,Eivissa,,,,,U
2016-M02,2016,2,mensual,07057,Santanyí,Mallorca,,,,,U
2016-M02,2016,2,mensual,07062,Son Servera,Mallorca,,,,,U
2016-M03,2016,3,mensual,07003,Alcúdia,Mallorca,,,,,U
2016-M03,2016,3,mensual,07011,Calvià,Mallorca,35.1,27.74,37.59,30.33,A
2016-M03,2016,3,mensual,07015,Ciutadella de Menorca,Menorca,,,,,U
2016-M03,2016,3,mensual,07022,Felanitx,Mallorca,,,,,U
2016-M03,2016,3,mensual,07024,Formentera,Formentera,,,,,U
2016-M03,2016,3,mensual,07026,Eivissa,Eivissa,,,,,U
2016-M03,2016,3,mensual,07040,Palma,Mallorca,65.24,41.6,60.35,41.0,A
2016-M03,2016,3,mensual,07042,Pollença,Mallorca,,,,,U
2016-M03,2016,3,mensual,07046,Sant Antoni de Portmany,Eivissa,,,,,U
2016-M03,2016,3,mensual,07048,Sant Josep de sa Talaia,Eivissa,,,,,U
2016-M03,2016,3,mensual,07051,Sant Llorenç des Cardassar,Mallorca,,,,,U
2016-M03,2016,3,mensual,07052,Sant Lluís,Menorca,,,,,U
2016-M03,2016,3,mensual,07054,Santa Eulària des Riu,Eivissa,,,,,U
2016-M03,2016,3,mensual,07057,Santanyí,Mallorca,,,,,U
2016-M03,2016,3,mensual,07062,Son Servera,Mallorca,,,,,U
2016-M04,2016,4,mensual,07003,Alcúdia,Mallorca,,,,,U
2016-M04,2016,4,mensual,07011,Calvià,Mallorca,51.3,41.28,52.58,43.03,A
2016-M04,2016,4,mensual,07015,Ciutadella de Menorca,Menorca,,,,,U
2016-M04,2016,4,mensual,07022,Felanitx,Mallorca,,,,,U
2016-M04,2016,4,mensual,07024,Formentera,Formentera,,,,,U
2016-M04,2016,4,mensual,07026,Eivissa,Eivissa,,,,,U
2016-M04,2016,4,mensual,07040,Palma,Mallorca,85.99,69.89,89.9,75.26,A
2016-M04,2016,4,mensual,07042,Pollença,Mallorca,68.99,58.01,71.22,59.78,A
2016-M04,2016,4,mensual,07046,Sant Antoni de Portmany,Eivissa,,,,,U
2016-M04,2016,4,mensual,07048,Sant Josep de sa Talaia,Eivissa,,,,,U
2016-M04,2016,4,mensual,07051,Sant Llorenç des Cardassar,Mallorca,,,,,U
2016-M04,2016,4,mensual,07052,Sant Lluís,Menorca,,,,,U
2016-M04,2016,4,mensual,07054,Santa Eulària des Riu,Eivissa,,,,,U
2016-M04,2016,4,mensual,07057,Santanyí,Mallorca,42.58,30.4,41.45,29.8,A
2016-M04,2016,4,mensual,07062,Son Servera,Mallorca,,,,,U
2016-M05,2016,5,mensual,07003,Alcúdia,Mallorca,72.92,71.66,75.36,74.67,A
2016-M05,2016,5,mensual,07011,Calvià,Mallorca,73.2,56.15,77.22,58.85,A
2016-M05,2016,5,mensual,07015,Ciutadella de Menorca,Menorca,38.81,27.4,42.56,30.14,A
2016-M05,2016,5,mensual,07022,Felanitx,Mallorca,48.59,30.13,54.48,33.2,A
2016-M05,2016,5,mensual,07024,Formentera,Formentera,38.42,29.16,45.26,34.53,A
2016-M05,2016,5,mensual,07026,Eivissa,Eivissa,61.67,42.88,70.95,50.7,A
2016-M05,2016,5,mensual,07040,Palma,Mallorca,83.43,61.44,89.5,69.32,A
2016-M05,2016,5,mensual,07042,Pollença,Mallorca,76.14,66.66,78.95,69.45,A
2016-M05,2016,5,mensual,07046,Sant Antoni de Portmany,Eivissa,47.01,41.49,45.05,39.85,A
2016-M05,2016,5,mensual,07048,Sant Josep de sa Talaia,Eivissa,69.23,56.25,72.92,61.81,A
2016-M05,2016,5,mensual,07051,Sant Llorenç des Cardassar,Mallorca,74.3,48.21,78.92,51.65,A
2016-M05,2016,5,mensual,07052,Sant Lluís,Menorca,45.0,25.12,48.2,27.49,A
2016-M05,2016,5,mensual,07054,Santa Eulària des Riu,Eivissa,54.81,36.38,56.98,38.78,A
2016-M05,2016,5,mensual,07057,Santanyí,Mallorca,57.33,47.2,57.41,47.13,A
2016-M05,2016,5,mensual,07062,Son Servera,Mallorca,63.8,49.42,64.72,50.42,A
2016-M06,2016,6,mensual,07003,Alcúdia,Mallorca,92.01,74.24,91.06,73.7,A
2016-M06,2016,6,mensual,07011,Calvià,Mallorca,82.91,65.47,83.49,67.17,A
2016-M06,2016,6,mensual,07015,Ciutadella de Menorca,Menorca,76.69,56.43,75.07,55.84,A
2016-M06,2016,6,mensual,07022,Felanitx,Mallorca,67.19,44.76,67.04,45.37,A
2016-M06,2016,6,mensual,07024,Formentera,Formentera,75.27,58.12,75.53,59.21,A
2016-M06,2016,6,mensual,07026,Eivissa,Eivissa,83.01,58.78,82.07,57.18,A
2016-M06,2016,6,mensual,07040,Palma,Mallorca,92.4,72.07,96.61,78.39,A
2016-M06,2016,6,mensual,07042,Pollença,Mallorca,87.68,78.09,88.24,77.99,A
2016-M06,2016,6,mensual,07046,Sant Antoni de Portmany,Eivissa,68.39,63.55,65.52,61.39,A
2016-M06,2016,6,mensual,07048,Sant Josep de sa Talaia,Eivissa,72.71,62.58,73.65,63.49,A
2016-M06,2016,6,mensual,07051,Sant Llorenç des Cardassar,Mallorca,80.06,64.57,76.06,62.05,A
2016-M06,2016,6,mensual,07052,Sant Lluís,Menorca,85.22,55.94,86.65,59.51,A
2016-M06,2016,6,mensual,07054,Santa Eulària des Riu,Eivissa,63.68,50.49,62.94,49.93,A
2016-M06,2016,6,mensual,07057,Santanyí,Mallorca,82.01,72.85,80.23,71.2,A
2016-M06,2016,6,mensual,07062,Son Servera,Mallorca,86.79,59.74,84.19,56.95,A
2016-M07,2016,7,mensual,07003,Alcúdia,Mallorca,96.2,81.95,95.82,81.66,A
2016-M07,2016,7,mensual,07011,Calvià,Mallorca,90.23,77.86,91.34,78.21,A
2016-M07,2016,7,mensual,07015,Ciutadella de Menorca,Menorca,92.28,75.38,92.97,76.0,A
2016-M07,2016,7,mensual,07022,Felanitx,Mallorca,67.44,55.4,65.76,53.33,A
2016-M07,2016,7,mensual,07024,Formentera,Formentera,64.68,56.75,66.2,57.83,A
2016-M07,2016,7,mensual,07026,Eivissa,Eivissa,83.82,65.31,89.29,69.82,A
2016-M07,2016,7,mensual,07040,Palma,Mallorca,85.7,70.3,88.94,73.95,A
2016-M07,2016,7,mensual,07042,Pollença,Mallorca,89.42,83.94,90.11,84.53,A
2016-M07,2016,7,mensual,07046,Sant Antoni de Portmany,Eivissa,80.15,76.66,79.38,76.3,A
2016-M07,2016,7,mensual,07048,Sant Josep de sa Talaia,Eivissa,83.37,71.33,84.43,72.2,A
2016-M07,2016,7,mensual,07051,Sant Llorenç des Cardassar,Mallorca,83.6,83.04,82.86,82.88,A
2016-M07,2016,7,mensual,07052,Sant Lluís,Menorca,96.39,76.34,95.75,75.56,A
2016-M07,2016,7,mensual,07054,Santa Eulària des Riu,Eivissa,83.3,67.22,83.66,67.52,A
2016-M07,2016,7,mensual,07057,Santanyí,Mallorca,87.65,87.03,87.58,86.81,A
2016-M07,2016,7,mensual,07062,Son Servera,Mallorca,90.16,76.05,88.63,75.71,A
2016-M08,2016,8,mensual,07003,Alcúdia,Mallorca,94.44,81.63,95.19,81.86,A
2016-M08,2016,8,mensual,07011,Calvià,Mallorca,92.9,80.83,92.95,81.39,A
2016-M08,2016,8,mensual,07015,Ciutadella de Menorca,Menorca,93.63,79.55,94.15,80.04,A
2016-M08,2016,8,mensual,07022,Felanitx,Mallorca,73.99,51.76,75.12,52.43,A
2016-M08,2016,8,mensual,07024,Formentera,Formentera,66.3,59.73,67.23,60.73,A
2016-M08,2016,8,mensual,07026,Eivissa,Eivissa,90.78,74.08,95.73,78.42,A
2016-M08,2016,8,mensual,07040,Palma,Mallorca,95.01,77.39,96.55,78.51,A
2016-M08,2016,8,mensual,07042,Pollença,Mallorca,92.33,89.22,93.66,90.79,A
2016-M08,2016,8,mensual,07046,Sant Antoni de Portmany,Eivissa,91.29,85.21,93.51,87.21,A
2016-M08,2016,8,mensual,07048,Sant Josep de sa Talaia,Eivissa,81.01,73.64,82.75,76.06,A
2016-M08,2016,8,mensual,07051,Sant Llorenç des Cardassar,Mallorca,85.73,80.63,83.88,80.26,A
2016-M08,2016,8,mensual,07052,Sant Lluís,Menorca,96.23,77.28,98.81,80.78,A
2016-M08,2016,8,mensual,07054,Santa Eulària des Riu,Eivissa,89.98,75.86,91.47,77.7,A
2016-M08,2016,8,mensual,07057,Santanyí,Mallorca,88.45,86.6,89.17,87.77,A
2016-M08,2016,8,mensual,07062,Son Servera,Mallorca,96.36,76.9,95.18,74.99,A
2016-M09,2016,9,mensual,07003,Alcúdia,Mallorca,96.72,71.85,96.5,73.09,A
2016-M09,2016,9,mensual,07011,Calvià,Mallorca,84.44,60.83,85.53,62.09,A
2016-M09,2016,9,mensual,07015,Ciutadella de Menorca,Menorca,87.28,62.42,86.57,63.33,A
2016-M09,2016,9,mensual,07022,Felanitx,Mallorca,73.97,46.07,72.55,45.06,A
2016-M09,2016,9,mensual,07024,Formentera,Formentera,77.05,59.39,77.79,60.4,A
2016-M09,2016,9,mensual,07026,Eivissa,Eivissa,81.81,61.99,83.59,64.31,A
2016-M09,2016,9,mensual,07040,Palma,Mallorca,87.11,68.81,92.63,74.54,A
2016-M09,2016,9,mensual,07042,Pollença,Mallorca,93.88,80.13,95.18,80.58,A
2016-M09,2016,9,mensual,07046,Sant Antoni de Portmany,Eivissa,77.6,70.29,81.22,73.99,A
2016-M09,2016,9,mensual,07048,Sant Josep de sa Talaia,Eivissa,80.53,62.64,82.32,64.45,A
2016-M09,2016,9,mensual,07051,Sant Llorenç des Cardassar,Mallorca,86.78,69.04,85.59,69.32,A
2016-M09,2016,9,mensual,07052,Sant Lluís,Menorca,81.38,48.62,82.9,48.61,A
2016-M09,2016,9,mensual,07054,Santa Eulària des Riu,Eivissa,83.12,58.76,84.07,59.54,A
2016-M09,2016,9,mensual,07057,Santanyí,Mallorca,87.88,74.47,86.84,74.73,A
2016-M09,2016,9,mensual,07062,Son Servera,Mallorca,95.79,62.94,96.1,64.05,A
2016-M10,2016,10,mensual,07003,Alcúdia,Mallorca,46.03,40.71,38.63,34.56,A
2016-M10,2016,10,mensual,07011,Calvià,Mallorca,74.36,54.19,71.31,51.59,A
2016-M10,2016,10,mensual,07015,Ciutadella de Menorca,Menorca,43.51,29.61,43.35,29.6,A
2016-M10,2016,10,mensual,07022,Felanitx,Mallorca,,,,,U
2016-M10,2016,10,mensual,07024,Formentera,Formentera,24.68,18.81,21.07,16.36,A
2016-M10,2016,10,mensual,07026,Eivissa,Eivissa,69.08,54.34,74.35,59.27,A
2016-M10,2016,10,mensual,07040,Palma,Mallorca,76.0,60.46,81.38,66.71,A
2016-M10,2016,10,mensual,07042,Pollença,Mallorca,71.21,61.37,64.89,55.86,A
2016-M10,2016,10,mensual,07046,Sant Antoni de Portmany,Eivissa,,,,,U
2016-M10,2016,10,mensual,07048,Sant Josep de sa Talaia,Eivissa,49.61,38.97,48.91,37.48,A
2016-M10,2016,10,mensual,07051,Sant Llorenç des Cardassar,Mallorca,54.77,58.75,49.72,55.31,A
2016-M10,2016,10,mensual,07052,Sant Lluís,Menorca,,,,,U
2016-M10,2016,10,mensual,07054,Santa Eulària des Riu,Eivissa,54.83,36.95,51.64,34.3,A
2016-M10,2016,10,mensual,07057,Santanyí,Mallorca,69.79,64.19,66.63,60.84,A
2016-M10,2016,10,mensual,07062,Son Servera,Mallorca,75.63,47.79,69.74,44.69,A
2016-M11,2016,11,mensual,07003,Alcúdia,Mallorca,,,,,U
2016-M11,2016,11,mensual,07011,Calvià,Mallorca,71.73,56.59,71.2,56.08,A
2016-M11,2016,11,mensual,07015,Ciutadella de Menorca,Menorca,,,,,U
2016-M11,2016,11,mensual,07022,Felanitx,Mallorca,,,,,U
2016-M11,2016,11,mensual,07024,Formentera,Formentera,,,,,U
2016-M11,2016,11,mensual,07026,Eivissa,Eivissa,,,,,U
2016-M11,2016,11,mensual,07040,Palma,Mallorca,71.57,41.05,68.14,42.72,A
2016-M11,2016,11,mensual,07042,Pollença,Mallorca,,,,,U
2016-M11,2016,11,mensual,07046,Sant Antoni de Portmany,Eivissa,,,,,U
2016-M11,2016,11,mensual,07048,Sant Josep de sa Talaia,Eivissa,,,,,U
2016-M11,2016,11,mensual,07051,Sant Llorenç des Cardassar,Mallorca,,,,,U
2016-M11,2016,11,mensual,07052,Sant Lluís,Menorca,,,,,U
2016-M11,2016,11,mensual,07054,Santa Eulària des Riu,Eivissa,,,,,U
2016-M11,2016,11,mensual,07057,Santanyí,Mallorca,,,,,U
2016-M11,2016,11,mensual,07062,Son Servera,Mallorca,,,,,U
2016-M12,2016,12,mensual,07003,Alcúdia,Mallorca,,,,,U
2016-M12,2016,12,mensual,07011,Calvià,Mallorca,58.27,42.68,61.97,44.8,A
2016-M12,2016,12,mensual,07015,Ciutadella de Menorca,Menorca,,,,,U
2016-M12,2016,12,mensual,07022,Felanitx,Mallorca,,,,,U
2016-M12,2016,12,mensual,07024,Formentera,Formentera,,,,,U
2016-M12,2016,12,mensual,07026,Eivissa,Eivissa,,,,,U
2016-M12,2016,12,mensual,07040,Palma,Mallorca,64.66,39.63,72.22,46.42,A
2016-M12,2016,12,mensual,07042,Pollença,Mallorca,,,,,U
2016-M12,2016,12,mensual,07046,Sant Antoni de Portmany,Eivissa,,,,,U
2016-M12,2016,12,mensual,07048,Sant Josep de sa Talaia,Eivissa,,,,,U
2016-M12,2016,12,mensual,07051,Sant Llorenç des Cardassar,Mallorca,,,,,U
2016-M12,2016,12,mensual,07052,Sant Lluís,Menorca,,,,,U
2016-M12,2016,12,mensual,07054,Santa Eulària des Riu,Eivissa,,,,,U
2016-M12,2016,12,mensual,07057,Santanyí,Mallorca,,,,,U
2016-M12,2016,12,mensual,07062,Son Servera,Mallorca,,,,,U
2017,2017,,anual,07003,Alcúdia,Mallorca,81.94,76.71,83.27,78.55,A
2017,2017,,anual,07011,Calvià,Mallorca,81.38,63.8,82.45,65.05,A
2017,2017,,anual,07015,Ciutadella de Menorca,Menorca,77.69,65.8,77.38,65.84,A
2017,2017,,anual,07022,Felanitx,Mallorca,60.16,54.67,60.48,54.93,A
2017,2017,,anual,07024,Formentera,Formentera,60.8,49.65,61.83,50.64,A
2017,2017,,anual,07026,Eivissa,Eivissa,80.28,60.56,84.21,64.58,A
2017,2017,,anual,07040,Palma,Mallorca,77.65,60.98,81.95,66.49,A
2017,2017,,anual,07042,Pollença,Mallorca,81.5,69.0,81.39,68.99,A
2017,2017,,anual,07046,Sant Antoni de Portmany,Eivissa,74.32,65.23,74.26,64.95,A
2017,2017,,anual,07048,Sant Josep de sa Talaia,Eivissa,72.73,59.48,75.77,62.61,A
2017,2017,,anual,07051,Sant Llorenç des Cardassar,Mallorca,78.7,65.0,78.03,64.81,A
2017,2017,,anual,07052,Sant Lluís,Menorca,,,,,U
2017,2017,,anual,07054,Santa Eulària des Riu,Eivissa,70.87,53.15,71.67,54.06,A
2017,2017,,anual,07057,Santanyí,Mallorca,79.57,73.13,79.37,72.94,A
2017,2017,,anual,07062,Son Servera,Mallorca,88.41,71.48,88.75,71.42,A
2017-M01,2017,1,mensual,07003,Alcúdia,Mallorca,,,,,U
2017-M01,2017,1,mensual,07011,Calvià,Mallorca,62.76,44.37,61.53,43.01,A
2017-M01,2017,1,mensual,07015,Ciutadella de Menorca,Menorca,,,,,U
2017-M01,2017,1,mensual,07022,Felanitx,Mallorca,,,,,U
2017-M01,2017,1,mensual,07024,Formentera,Formentera,,,,,U
2017-M01,2017,1,mensual,07026,Eivissa,Eivissa,,,,,U
2017-M01,2017,1,mensual,07040,Palma,Mallorca,46.6,29.48,38.73,24.31,A
2017-M01,2017,1,mensual,07042,Pollença,Mallorca,,,,,U
2017-M01,2017,1,mensual,07046,Sant Antoni de Portmany,Eivissa,,,,,U
2017-M01,2017,1,mensual,07048,Sant Josep de sa Talaia,Eivissa,,,,,U
2017-M01,2017,1,mensual,07051,Sant Llorenç des Cardassar,Mallorca,,,,,U
2017-M01,2017,1,mensual,07052,Sant Lluís,Menorca,,,,,U
2017-M01,2017,1,mensual,07054,Santa Eulària des Riu,Eivissa,,,,,U
2017-M01,2017,1,mensual,07057,Santanyí,Mallorca,,,,,U
2017-M01,2017,1,mensual,07062,Son Servera,Mallorca,,,,,U
2017-M02,2017,2,mensual,07003,Alcúdia,Mallorca,,,,,U
2017-M02,2017,2,mensual,07011,Calvià,Mallorca,66.49,36.65,69.9,39.46,A
2017-M02,2017,2,mensual,07015,Ciutadella de Menorca,Menorca,,,,,U
2017-M02,2017,2,mensual,07022,Felanitx,Mallorca,,,,,U
2017-M02,2017,2,mensual,07024,Formentera,Formentera,,,,,U
2017-M02,2017,2,mensual,07026,Eivissa,Eivissa,,,,,U
2017-M02,2017,2,mensual,07040,Palma,Mallorca,58.31,39.34,52.44,37.94,A
2017-M02,2017,2,mensual,07042,Pollença,Mallorca,,,,,U
2017-M02,2017,2,mensual,07046,Sant Antoni de Portmany,Eivissa,,,,,U
2017-M02,2017,2,mensual,07048,Sant Josep de sa Talaia,Eivissa,,,,,U
2017-M02,2017,2,mensual,07051,Sant Llorenç des Cardassar,Mallorca,,,,,U
2017-M02,2017,2,mensual,07052,Sant Lluís,Menorca,,,,,U
2017-M02,2017,2,mensual,07054,Santa Eulària des Riu,Eivissa,,,,,U
2017-M02,2017,2,mensual,07057,Santanyí,Mallorca,,,,,U
2017-M02,2017,2,mensual,07062,Son Servera,Mallorca,,,,,U
2017-M03,2017,3,mensual,07003,Alcúdia,Mallorca,,,,,U
2017-M03,2017,3,mensual,07011,Calvià,Mallorca,61.23,47.51,63.58,49.3,A
2017-M03,2017,3,mensual,07015,Ciutadella de Menorca,Menorca,,,,,U
2017-M03,2017,3,mensual,07022,Felanitx,Mallorca,,,,,U
2017-M03,2017,3,mensual,07024,Formentera,Formentera,,,,,U
2017-M03,2017,3,mensual,07026,Eivissa,Eivissa,,,,,U
2017-M03,2017,3,mensual,07040,Palma,Mallorca,66.34,45.44,62.41,46.39,A
2017-M03,2017,3,mensual,07042,Pollença,Mallorca,,,,,U
2017-M03,2017,3,mensual,07046,Sant Antoni de Portmany,Eivissa,,,,,U
2017-M03,2017,3,mensual,07048,Sant Josep de sa Talaia,Eivissa,,,,,U
2017-M03,2017,3,mensual,07051,Sant Llorenç des Cardassar,Mallorca,,,,,U
2017-M03,2017,3,mensual,07052,Sant Lluís,Menorca,,,,,U
2017-M03,2017,3,mensual,07054,Santa Eulària des Riu,Eivissa,,,,,U
2017-M03,2017,3,mensual,07057,Santanyí,Mallorca,,,,,U
2017-M03,2017,3,mensual,07062,Son Servera,Mallorca,,,,,U
2017-M04,2017,4,mensual,07003,Alcúdia,Mallorca,54.93,46.47,62.03,52.24,A
2017-M04,2017,4,mensual,07011,Calvià,Mallorca,60.17,45.18,61.5,47.27,A
2017-M04,2017,4,mensual,07015,Ciutadella de Menorca,Menorca,,,,,U
2017-M04,2017,4,mensual,07022,Felanitx,Mallorca,,,,,U
2017-M04,2017,4,mensual,07024,Formentera,Formentera,,,,,U
2017-M04,2017,4,mensual,07026,Eivissa,Eivissa,,,,,U
2017-M04,2017,4,mensual,07040,Palma,Mallorca,89.96,76.52,96.02,85.78,A
2017-M04,2017,4,mensual,07042,Pollença,Mallorca,67.8,64.39,71.86,67.48,A
2017-M04,2017,4,mensual,07046,Sant Antoni de Portmany,Eivissa,,,,,U
2017-M04,2017,4,mensual,07048,Sant Josep de sa Talaia,Eivissa,,,,,U
2017-M04,2017,4,mensual,07051,Sant Llorenç des Cardassar,Mallorca,,,,,U
2017-M04,2017,4,mensual,07052,Sant Lluís,Menorca,,,,,U
2017-M04,2017,4,mensual,07054,Santa Eulària des Riu,Eivissa,,,,,U
2017-M04,2017,4,mensual,07057,Santanyí,Mallorca,56.44,45.62,59.18,47.99,A
2017-M04,2017,4,mensual,07062,Son Servera,Mallorca,,,,,U
2017-M05,2017,5,mensual,07003,Alcúdia,Mallorca,79.19,68.22,84.69,74.44,A
2017-M05,2017,5,mensual,07011,Calvià,Mallorca,69.57,50.86,73.94,54.79,A
2017-M05,2017,5,mensual,07015,Ciutadella de Menorca,Menorca,41.2,33.41,43.13,35.92,A
2017-M05,2017,5,mensual,07022,Felanitx,Mallorca,45.15,35.38,45.6,36.26,A
2017-M05,2017,5,mensual,07024,Formentera,Formentera,37.67,28.6,41.15,32.13,A
2017-M05,2017,5,mensual,07026,Eivissa,Eivissa,72.43,50.62,81.74,59.12,A
2017-M05,2017,5,mensual,07040,Palma,Mallorca,76.6,60.5,86.7,71.56,A
2017-M05,2017,5,mensual,07042,Pollença,Mallorca,78.5,59.0,77.86,58.18,A
2017-M05,2017,5,mensual,07046,Sant Antoni de Portmany,Eivissa,58.58,45.4,57.96,43.42,A
2017-M05,2017,5,mensual,07048,Sant Josep de sa Talaia,Eivissa,63.12,48.69,68.75,52.06,A
2017-M05,2017,5,mensual,07051,Sant Llorenç des Cardassar,Mallorca,68.0,56.37,68.32,57.22,A
2017-M05,2017,5,mensual,07052,Sant Lluís,Menorca,,,,,U
2017-M05,2017,5,mensual,07054,Santa Eulària des Riu,Eivissa,55.34,35.52,58.96,37.74,A
2017-M05,2017,5,mensual,07057,Santanyí,Mallorca,61.17,49.69,62.27,49.93,A
2017-M05,2017,5,mensual,07062,Son Servera,Mallorca,83.18,57.72,84.96,59.49,A
2017-M06,2017,6,mensual,07003,Alcúdia,Mallorca,91.24,77.62,91.0,78.73,A
2017-M06,2017,6,mensual,07011,Calvià,Mallorca,86.2,69.74,86.09,70.37,A
2017-M06,2017,6,mensual,07015,Ciutadella de Menorca,Menorca,84.4,70.85,84.06,70.51,A
2017-M06,2017,6,mensual,07022,Felanitx,Mallorca,73.28,59.7,72.1,59.43,A
2017-M06,2017,6,mensual,07024,Formentera,Formentera,72.62,57.78,72.91,56.95,A
2017-M06,2017,6,mensual,07026,Eivissa,Eivissa,87.02,66.97,88.39,69.72,A
2017-M06,2017,6,mensual,07040,Palma,Mallorca,82.0,58.65,88.18,67.26,A
2017-M06,2017,6,mensual,07042,Pollença,Mallorca,85.64,72.06,85.12,71.78,A
2017-M06,2017,6,mensual,07046,Sant Antoni de Portmany,Eivissa,76.84,68.96,75.15,66.9,A
2017-M06,2017,6,mensual,07048,Sant Josep de sa Talaia,Eivissa,68.82,57.21,70.93,60.36,A
2017-M06,2017,6,mensual,07051,Sant Llorenç des Cardassar,Mallorca,,,,,U
2017-M06,2017,6,mensual,07052,Sant Lluís,Menorca,,,,,U
2017-M06,2017,6,mensual,07054,Santa Eulària des Riu,Eivissa,71.27,54.12,69.92,53.13,A
2017-M06,2017,6,mensual,07057,Santanyí,Mallorca,83.45,77.06,80.98,75.29,A
2017-M06,2017,6,mensual,07062,Son Servera,Mallorca,96.34,82.84,95.59,81.32,A
2017-M07,2017,7,mensual,07003,Alcúdia,Mallorca,93.38,95.52,92.75,95.41,A
2017-M07,2017,7,mensual,07011,Calvià,Mallorca,89.53,76.15,90.45,77.28,A
2017-M07,2017,7,mensual,07015,Ciutadella de Menorca,Menorca,89.45,79.03,89.73,79.36,A
2017-M07,2017,7,mensual,07022,Felanitx,Mallorca,62.0,62.29,62.51,63.07,A
2017-M07,2017,7,mensual,07024,Formentera,Formentera,78.74,68.0,80.62,69.71,A
2017-M07,2017,7,mensual,07026,Eivissa,Eivissa,84.93,64.85,90.4,69.69,A
2017-M07,2017,7,mensual,07040,Palma,Mallorca,83.15,61.28,87.1,65.49,A
2017-M07,2017,7,mensual,07042,Pollença,Mallorca,92.14,80.54,92.5,81.31,A
2017-M07,2017,7,mensual,07046,Sant Antoni de Portmany,Eivissa,85.37,81.12,87.66,83.29,A
2017-M07,2017,7,mensual,07048,Sant Josep de sa Talaia,Eivissa,79.38,66.43,84.2,71.27,A
2017-M07,2017,7,mensual,07051,Sant Llorenç des Cardassar,Mallorca,93.91,80.2,95.13,81.89,A
2017-M07,2017,7,mensual,07052,Sant Lluís,Menorca,,,,,U
2017-M07,2017,7,mensual,07054,Santa Eulària des Riu,Eivissa,81.83,68.28,83.75,69.91,A
2017-M07,2017,7,mensual,07057,Santanyí,Mallorca,86.83,87.2,86.63,87.04,A
2017-M07,2017,7,mensual,07062,Son Servera,Mallorca,97.03,87.78,96.38,86.77,A
2017-M08,2017,8,mensual,07003,Alcúdia,Mallorca,96.21,97.13,96.13,97.1,A
2017-M08,2017,8,mensual,07011,Calvià,Mallorca,91.6,78.16,92.29,78.95,A
2017-M08,2017,8,mensual,07015,Ciutadella de Menorca,Menorca,90.12,80.99,90.56,81.62,A
2017-M08,2017,8,mensual,07022,Felanitx,Mallorca,60.13,64.26,62.07,64.81,A
2017-M08,2017,8,mensual,07024,Formentera,Formentera,80.48,67.91,82.65,69.86,A
2017-M08,2017,8,mensual,07026,Eivissa,Eivissa,89.95,72.2,92.17,74.81,A
2017-M08,2017,8,mensual,07040,Palma,Mallorca,87.21,76.95,87.98,78.96,A
2017-M08,2017,8,mensual,07042,Pollença,Mallorca,92.36,85.08,93.44,86.17,A
2017-M08,2017,8,mensual,07046,Sant Antoni de Portmany,Eivissa,92.06,84.92,94.64,87.51,A
2017-M08,2017,8,mensual,07048,Sant Josep de sa Talaia,Eivissa,85.44,72.78,89.4,76.42,A
2017-M08,2017,8,mensual,07051,Sant Llorenç des Cardassar,Mallorca,,,,,U
2017-M08,2017,8,mensual,07052,Sant Lluís,Menorca,,,,,U
2017-M08,2017,8,mensual,07054,Santa Eulària des Riu,Eivissa,76.73,65.0,78.61,67.15,A
2017-M08,2017,8,mensual,07057,Santanyí,Mallorca,87.41,84.0,88.38,85.03,A
2017-M08,2017,8,mensual,07062,Son Servera,Mallorca,90.32,76.2,89.55,75.67,A
2017-M09,2017,9,mensual,07003,Alcúdia,Mallorca,93.77,88.11,93.79,87.75,A
2017-M09,2017,9,mensual,07011,Calvià,Mallorca,90.66,69.73,89.6,69.53,A
2017-M09,2017,9,mensual,07015,Ciutadella de Menorca,Menorca,85.09,67.02,83.01,65.68,A
2017-M09,2017,9,mensual,07022,Felanitx,Mallorca,60.09,53.9,59.72,53.25,A
2017-M09,2017,9,mensual,07024,Formentera,Formentera,74.22,57.68,73.64,58.08,A
2017-M09,2017,9,mensual,07026,Eivissa,Eivissa,84.8,63.96,87.06,66.32,A
2017-M09,2017,9,mensual,07040,Palma,Mallorca,80.19,67.75,87.12,74.46,A
2017-M09,2017,9,mensual,07042,Pollença,Mallorca,91.67,74.17,91.04,73.95,A
2017-M09,2017,9,mensual,07046,Sant Antoni de Portmany,Eivissa,86.18,76.71,84.14,74.6,A
2017-M09,2017,9,mensual,07048,Sant Josep de sa Talaia,Eivissa,81.43,62.58,82.09,64.13,A
2017-M09,2017,9,mensual,07051,Sant Llorenç des Cardassar,Mallorca,,,,,U
2017-M09,2017,9,mensual,07052,Sant Lluís,Menorca,,,,,U
2017-M09,2017,9,mensual,07054,Santa Eulària des Riu,Eivissa,77.77,55.9,77.39,55.78,A
2017-M09,2017,9,mensual,07057,Santanyí,Mallorca,82.85,72.04,80.53,70.09,A
2017-M09,2017,9,mensual,07062,Son Servera,Mallorca,94.8,76.84,92.95,75.66,A
2017-M10,2017,10,mensual,07003,Alcúdia,Mallorca,51.42,54.51,50.98,55.27,A
2017-M10,2017,10,mensual,07011,Calvià,Mallorca,79.57,58.47,80.34,58.78,A
2017-M10,2017,10,mensual,07015,Ciutadella de Menorca,Menorca,46.38,36.79,41.78,33.24,A
2017-M10,2017,10,mensual,07022,Felanitx,Mallorca,,,,,U
2017-M10,2017,10,mensual,07024,Formentera,Formentera,20.86,17.56,19.86,16.92,A
2017-M10,2017,10,mensual,07026,Eivissa,Eivissa,63.5,47.72,65.59,50.53,A
2017-M10,2017,10,mensual,07040,Palma,Mallorca,72.04,58.85,78.77,63.66,A
2017-M10,2017,10,mensual,07042,Pollença,Mallorca,56.59,44.29,54.28,42.59,A
2017-M10,2017,10,mensual,07046,Sant Antoni de Portmany,Eivissa,39.07,28.97,37.87,28.23,A
2017-M10,2017,10,mensual,07048,Sant Josep de sa Talaia,Eivissa,45.41,39.13,46.04,40.62,A
2017-M10,2017,10,mensual,07051,Sant Llorenç des Cardassar,Mallorca,28.75,27.47,26.07,24.98,A
2017-M10,2017,10,mensual,07052,Sant Lluís,Menorca,,,,,U
2017-M10,2017,10,mensual,07054,Santa Eulària des Riu,Eivissa,55.8,36.47,54.67,37.0,A
2017-M10,2017,10,mensual,07057,Santanyí,Mallorca,77.0,70.57,78.8,71.99,A
2017-M10,2017,10,mensual,07062,Son Servera,Mallorca,84.51,69.29,84.46,68.91,A
2017-M11,2017,11,mensual,07003,Alcúdia,Mallorca,,,,,U
2017-M11,2017,11,mensual,07011,Calvià,Mallorca,67.9,37.13,69.59,38.16,A
2017-M11,2017,11,mensual,07015,Ciutadella de Menorca,Menorca,,,,,U
2017-M11,2017,11,mensual,07022,Felanitx,Mallorca,,,,,U
2017-M11,2017,11,mensual,07024,Formentera,Formentera,,,,,U
2017-M11,2017,11,mensual,07026,Eivissa,Eivissa,,,,,U
2017-M11,2017,11,mensual,07040,Palma,Mallorca,66.97,40.54,62.88,41.54,A
2017-M11,2017,11,mensual,07042,Pollença,Mallorca,,,,,U
2017-M11,2017,11,mensual,07046,Sant Antoni de Portmany,Eivissa,,,,,U
2017-M11,2017,11,mensual,07048,Sant Josep de sa Talaia,Eivissa,,,,,U
2017-M11,2017,11,mensual,07051,Sant Llorenç des Cardassar,Mallorca,,,,,U
2017-M11,2017,11,mensual,07052,Sant Lluís,Menorca,,,,,U
2017-M11,2017,11,mensual,07054,Santa Eulària des Riu,Eivissa,,,,,U
2017-M11,2017,11,mensual,07057,Santanyí,Mallorca,,,,,U
2017-M11,2017,11,mensual,07062,Son Servera,Mallorca,,,,,U
2017-M12,2017,12,mensual,07003,Alcúdia,Mallorca,,,,,U
2017-M12,2017,12,mensual,07011,Calvià,Mallorca,60.5,44.97,65.52,48.7,A
2017-M12,2017,12,mensual,07015,Ciutadella de Menorca,Menorca,,,,,U
2017-M12,2017,12,mensual,07022,Felanitx,Mallorca,,,,,U
2017-M12,2017,12,mensual,07024,Formentera,Formentera,,,,,U
2017-M12,2017,12,mensual,07026,Eivissa,Eivissa,,,,,U
2017-M12,2017,12,mensual,07040,Palma,Mallorca,52.63,33.33,57.14,38.41,A
2017-M12,2017,12,mensual,07042,Pollença,Mallorca,,,,,U
2017-M12,2017,12,mensual,07046,Sant Antoni de Portmany,Eivissa,,,,,U
2017-M12,2017,12,mensual,07048,Sant Josep de sa Talaia,Eivissa,,,,,U
2017-M12,2017,12,mensual,07051,Sant Llorenç des Cardassar,Mallorca,,,,,U
2017-M12,2017,12,mensual,07052,Sant Lluís,Menorca,,,,,U
2017-M12,2017,12,mensual,07054,Santa Eulària des Riu,Eivissa,,,,,U
2017-M12,2017,12,mensual,07057,Santanyí,Mallorca,,,,,U
2017-M12,2017,12,mensual,07062,Son Servera,Mallorca,,,,,U
2018,2018,,anual,07003,Alcúdia,Mallorca,77.93,74.35,77.81,74.3,A
2018,2018,,anual,07011,Calvià,Mallorca,78.78,62.19,80.73,63.82,A
2018,2018,,anual,07015,Ciutadella de Menorca,Menorca,73.78,59.39,73.73,59.51,A
2018,2018,,anual,07022,Felanitx,Mallorca,62.29,51.57,63.3,52.78,A
2018,2018,,anual,07024,Formentera,Formentera,64.3,55.62,65.86,57.15,A
2018,2018,,anual,07026,Eivissa,Eivissa,79.48,61.88,82.76,65.35,A
2018,2018,,anual,07040,Palma,Mallorca,79.25,70.07,82.02,73.4,A
2018,2018,,anual,07042,Pollença,Mallorca,81.17,67.32,81.59,67.63,A
2018,2018,,anual,07046,Sant Antoni de Portmany,Eivissa,74.17,66.02,74.46,66.16,A
2018,2018,,anual,07048,Sant Josep de sa Talaia,Eivissa,73.51,59.28,76.99,62.49,A
2018,2018,,anual,07051,Sant Llorenç des Cardassar,Mallorca,85.1,74.87,85.29,75.51,A
2018,2018,,anual,07052,Sant Lluís,Menorca,,,,,U
2018,2018,,anual,07054,Santa Eulària des Riu,Eivissa,77.11,59.22,76.3,58.36,A
2018,2018,,anual,07057,Santanyí,Mallorca,81.45,70.73,80.74,70.3,A
2018,2018,,anual,07062,Son Servera,Mallorca,80.24,71.53,80.63,72.27,A
2018-M01,2018,1,mensual,07003,Alcúdia,Mallorca,,,,,U
2018-M01,2018,1,mensual,07011,Calvià,Mallorca,63.07,43.09,63.21,43.03,A
2018-M01,2018,1,mensual,07015,Ciutadella de Menorca,Menorca,,,,,U
2018-M01,2018,1,mensual,07022,Felanitx,Mallorca,,,,,U
2018-M01,2018,1,mensual,07024,Formentera,Formentera,,,,,U
2018-M01,2018,1,mensual,07026,Eivissa,Eivissa,,,,,U
2018-M01,2018,1,mensual,07040,Palma,Mallorca,,,,,U
2018-M01,2018,1,mensual,07042,Pollença,Mallorca,,,,,U
2018-M01,2018,1,mensual,07046,Sant Antoni de Portmany,Eivissa,,,,,U
2018-M01,2018,1,mensual,07048,Sant Josep de sa Talaia,Eivissa,,,,,U
2018-M01,2018,1,mensual,07051,Sant Llorenç des Cardassar,Mallorca,,,,,U
2018-M01,2018,1,mensual,07052,Sant Lluís,Menorca,,,,,U
2018-M01,2018,1,mensual,07054,Santa Eulària des Riu,Eivissa,,,,,U
2018-M01,2018,1,mensual,07057,Santanyí,Mallorca,,,,,U
2018-M01,2018,1,mensual,07062,Son Servera,Mallorca,,,,,U
2018-M02,2018,2,mensual,07003,Alcúdia,Mallorca,,,,,U
2018-M02,2018,2,mensual,07011,Calvià,Mallorca,65.53,29.66,66.74,29.85,A
2018-M02,2018,2,mensual,07015,Ciutadella de Menorca,Menorca,,,,,U
2018-M02,2018,2,mensual,07022,Felanitx,Mallorca,,,,,U
2018-M02,2018,2,mensual,07024,Formentera,Formentera,,,,,U
2018-M02,2018,2,mensual,07026,Eivissa,Eivissa,,,,,U
2018-M02,2018,2,mensual,07040,Palma,Mallorca,57.66,38.24,52.28,38.48,A
2018-M02,2018,2,mensual,07042,Pollença,Mallorca,,,,,U
2018-M02,2018,2,mensual,07046,Sant Antoni de Portmany,Eivissa,,,,,U
2018-M02,2018,2,mensual,07048,Sant Josep de sa Talaia,Eivissa,,,,,U
2018-M02,2018,2,mensual,07051,Sant Llorenç des Cardassar,Mallorca,,,,,U
2018-M02,2018,2,mensual,07052,Sant Lluís,Menorca,,,,,U
2018-M02,2018,2,mensual,07054,Santa Eulària des Riu,Eivissa,,,,,U
2018-M02,2018,2,mensual,07057,Santanyí,Mallorca,,,,,U
2018-M02,2018,2,mensual,07062,Son Servera,Mallorca,,,,,U
2018-M03,2018,3,mensual,07003,Alcúdia,Mallorca,,,,,U
2018-M03,2018,3,mensual,07011,Calvià,Mallorca,61.05,46.32,61.62,47.52,A
2018-M03,2018,3,mensual,07015,Ciutadella de Menorca,Menorca,,,,,U
2018-M03,2018,3,mensual,07022,Felanitx,Mallorca,,,,,U
2018-M03,2018,3,mensual,07024,Formentera,Formentera,,,,,U
2018-M03,2018,3,mensual,07026,Eivissa,Eivissa,,,,,U
2018-M03,2018,3,mensual,07040,Palma,Mallorca,67.75,48.34,66.16,50.28,A
2018-M03,2018,3,mensual,07042,Pollença,Mallorca,70.92,62.81,71.94,63.5,A
2018-M03,2018,3,mensual,07046,Sant Antoni de Portmany,Eivissa,,,,,U
2018-M03,2018,3,mensual,07048,Sant Josep de sa Talaia,Eivissa,,,,,U
2018-M03,2018,3,mensual,07051,Sant Llorenç des Cardassar,Mallorca,,,,,U
2018-M03,2018,3,mensual,07052,Sant Lluís,Menorca,,,,,U
2018-M03,2018,3,mensual,07054,Santa Eulària des Riu,Eivissa,,,,,U
2018-M03,2018,3,mensual,07057,Santanyí,Mallorca,,,,,U
2018-M03,2018,3,mensual,07062,Son Servera,Mallorca,,,,,U
2018-M04,2018,4,mensual,07003,Alcúdia,Mallorca,,,,,U
2018-M04,2018,4,mensual,07011,Calvià,Mallorca,68.54,50.79,70.38,53.42,A
2018-M04,2018,4,mensual,07015,Ciutadella de Menorca,Menorca,,,,,U
2018-M04,2018,4,mensual,07022,Felanitx,Mallorca,,,,,U
2018-M04,2018,4,mensual,07024,Formentera,Formentera,,,,,U
2018-M04,2018,4,mensual,07026,Eivissa,Eivissa,73.08,56.34,81.59,63.31,A
2018-M04,2018,4,mensual,07040,Palma,Mallorca,75.57,74.79,85.69,86.03,A
2018-M04,2018,4,mensual,07042,Pollença,Mallorca,65.6,59.77,70.23,59.8,A
2018-M04,2018,4,mensual,07046,Sant Antoni de Portmany,Eivissa,,,,,U
2018-M04,2018,4,mensual,07048,Sant Josep de sa Talaia,Eivissa,,,,,U
2018-M04,2018,4,mensual,07051,Sant Llorenç des Cardassar,Mallorca,,,,,U
2018-M04,2018,4,mensual,07052,Sant Lluís,Menorca,,,,,U
2018-M04,2018,4,mensual,07054,Santa Eulària des Riu,Eivissa,,,,,U
2018-M04,2018,4,mensual,07057,Santanyí,Mallorca,48.39,36.41,47.37,34.64,A
2018-M04,2018,4,mensual,07062,Son Servera,Mallorca,,,,,U
2018-M05,2018,5,mensual,07003,Alcúdia,Mallorca,71.96,65.82,70.74,64.82,A
2018-M05,2018,5,mensual,07011,Calvià,Mallorca,77.04,59.44,80.97,63.19,A
2018-M05,2018,5,mensual,07015,Ciutadella de Menorca,Menorca,37.97,31.34,39.22,32.59,A
2018-M05,2018,5,mensual,07022,Felanitx,Mallorca,30.66,19.18,28.58,18.54,A
2018-M05,2018,5,mensual,07024,Formentera,Formentera,40.66,32.22,46.86,37.53,A
2018-M05,2018,5,mensual,07026,Eivissa,Eivissa,72.39,53.04,76.55,57.05,A
2018-M05,2018,5,mensual,07040,Palma,Mallorca,84.91,83.81,88.77,88.69,A
2018-M05,2018,5,mensual,07042,Pollença,Mallorca,78.84,61.05,78.65,60.48,A
2018-M05,2018,5,mensual,07046,Sant Antoni de Portmany,Eivissa,69.0,59.3,69.13,58.43,A
2018-M05,2018,5,mensual,07048,Sant Josep de sa Talaia,Eivissa,65.37,48.3,69.46,51.7,A
2018-M05,2018,5,mensual,07051,Sant Llorenç des Cardassar,Mallorca,82.36,68.34,84.18,69.8,A
2018-M05,2018,5,mensual,07052,Sant Lluís,Menorca,,,,,U
2018-M05,2018,5,mensual,07054,Santa Eulària des Riu,Eivissa,40.65,31.06,38.59,29.48,A
2018-M05,2018,5,mensual,07057,Santanyí,Mallorca,74.97,65.33,73.63,64.66,A
2018-M05,2018,5,mensual,07062,Son Servera,Mallorca,70.86,67.34,67.59,65.29,A
2018-M06,2018,6,mensual,07003,Alcúdia,Mallorca,84.88,81.34,84.68,80.84,A
2018-M06,2018,6,mensual,07011,Calvià,Mallorca,83.26,69.47,84.68,70.32,A
2018-M06,2018,6,mensual,07015,Ciutadella de Menorca,Menorca,78.48,59.22,77.4,58.44,A
2018-M06,2018,6,mensual,07022,Felanitx,Mallorca,63.88,54.58,65.68,55.96,A
2018-M06,2018,6,mensual,07024,Formentera,Formentera,71.56,59.68,70.21,58.33,A
2018-M06,2018,6,mensual,07026,Eivissa,Eivissa,84.47,64.03,85.4,65.61,A
2018-M06,2018,6,mensual,07040,Palma,Mallorca,93.83,87.81,95.2,88.15,A
2018-M06,2018,6,mensual,07042,Pollença,Mallorca,77.66,59.4,77.14,59.46,A
2018-M06,2018,6,mensual,07046,Sant Antoni de Portmany,Eivissa,81.58,77.9,81.78,78.1,A
2018-M06,2018,6,mensual,07048,Sant Josep de sa Talaia,Eivissa,77.59,59.96,81.07,63.55,A
2018-M06,2018,6,mensual,07051,Sant Llorenç des Cardassar,Mallorca,79.24,68.65,77.21,67.7,A
2018-M06,2018,6,mensual,07052,Sant Lluís,Menorca,,,,,U
2018-M06,2018,6,mensual,07054,Santa Eulària des Riu,Eivissa,83.5,62.37,81.9,59.85,A
2018-M06,2018,6,mensual,07057,Santanyí,Mallorca,80.98,66.75,79.59,65.76,A
2018-M06,2018,6,mensual,07062,Son Servera,Mallorca,89.06,78.23,89.98,78.7,A
2018-M07,2018,7,mensual,07003,Alcúdia,Mallorca,94.91,92.85,95.14,92.75,A
2018-M07,2018,7,mensual,07011,Calvià,Mallorca,80.57,66.91,81.83,67.38,A
2018-M07,2018,7,mensual,07015,Ciutadella de Menorca,Menorca,89.87,73.07,90.58,74.34,A
2018-M07,2018,7,mensual,07022,Felanitx,Mallorca,72.76,67.75,75.24,70.06,A
2018-M07,2018,7,mensual,07024,Formentera,Formentera,78.81,70.86,78.99,71.64,A
2018-M07,2018,7,mensual,07026,Eivissa,Eivissa,89.01,70.7,92.32,74.39,A
2018-M07,2018,7,mensual,07040,Palma,Mallorca,94.84,93.69,96.2,95.35,A
2018-M07,2018,7,mensual,07042,Pollença,Mallorca,90.89,75.25,91.61,77.42,A
2018-M07,2018,7,mensual,07046,Sant Antoni de Portmany,Eivissa,80.71,73.91,80.44,73.77,A
2018-M07,2018,7,mensual,07048,Sant Josep de sa Talaia,Eivissa,81.2,67.76,85.16,71.59,A
2018-M07,2018,7,mensual,07051,Sant Llorenç des Cardassar,Mallorca,90.69,88.56,89.09,88.83,A
2018-M07,2018,7,mensual,07052,Sant Lluís,Menorca,,,,,U
2018-M07,2018,7,mensual,07054,Santa Eulària des Riu,Eivissa,90.88,65.8,92.29,66.54,A
2018-M07,2018,7,mensual,07057,Santanyí,Mallorca,86.29,79.51,85.97,79.96,A
2018-M07,2018,7,mensual,07062,Son Servera,Mallorca,95.74,84.29,95.26,84.76,A
2018-M08,2018,8,mensual,07003,Alcúdia,Mallorca,89.48,90.77,89.14,90.95,A
2018-M08,2018,8,mensual,07011,Calvià,Mallorca,81.83,68.02,82.67,68.87,A
2018-M08,2018,8,mensual,07015,Ciutadella de Menorca,Menorca,91.79,78.84,91.89,78.75,A
2018-M08,2018,8,mensual,07022,Felanitx,Mallorca,72.34,68.61,71.39,66.85,A
2018-M08,2018,8,mensual,07024,Formentera,Formentera,81.63,75.79,82.31,76.93,A
2018-M08,2018,8,mensual,07026,Eivissa,Eivissa,84.54,70.21,84.88,72.16,A
2018-M08,2018,8,mensual,07040,Palma,Mallorca,92.43,87.19,92.05,87.61,A
2018-M08,2018,8,mensual,07042,Pollença,Mallorca,93.78,86.94,93.7,87.02,A
2018-M08,2018,8,mensual,07046,Sant Antoni de Portmany,Eivissa,79.32,72.67,80.88,74.06,A
2018-M08,2018,8,mensual,07048,Sant Josep de sa Talaia,Eivissa,80.38,69.25,81.88,70.36,A
2018-M08,2018,8,mensual,07051,Sant Llorenç des Cardassar,Mallorca,94.28,90.01,93.24,89.02,A
2018-M08,2018,8,mensual,07052,Sant Lluís,Menorca,,,,,U
2018-M08,2018,8,mensual,07054,Santa Eulària des Riu,Eivissa,87.03,79.07,84.44,76.91,A
2018-M08,2018,8,mensual,07057,Santanyí,Mallorca,87.29,84.92,86.77,84.43,A
2018-M08,2018,8,mensual,07062,Son Servera,Mallorca,91.5,73.62,92.06,74.67,A
2018-M09,2018,9,mensual,07003,Alcúdia,Mallorca,90.03,78.32,88.83,77.65,A
2018-M09,2018,9,mensual,07011,Calvià,Mallorca,85.57,64.81,87.67,66.6,A
2018-M09,2018,9,mensual,07015,Ciutadella de Menorca,Menorca,79.41,57.64,78.51,56.85,A
2018-M09,2018,9,mensual,07022,Felanitx,Mallorca,72.01,55.81,73.41,59.04,A
2018-M09,2018,9,mensual,07024,Formentera,Formentera,74.82,64.04,75.4,64.85,A
2018-M09,2018,9,mensual,07026,Eivissa,Eivissa,88.34,63.82,90.98,66.76,A
2018-M09,2018,9,mensual,07040,Palma,Mallorca,88.47,77.68,92.66,81.18,A
2018-M09,2018,9,mensual,07042,Pollença,Mallorca,89.56,74.2,88.53,73.11,A
2018-M09,2018,9,mensual,07046,Sant Antoni de Portmany,Eivissa,77.07,65.05,77.27,64.72,A
2018-M09,2018,9,mensual,07048,Sant Josep de sa Talaia,Eivissa,78.06,61.19,80.86,63.49,A
2018-M09,2018,9,mensual,07051,Sant Llorenç des Cardassar,Mallorca,92.72,68.08,90.54,66.05,A
2018-M09,2018,9,mensual,07052,Sant Lluís,Menorca,,,,,U
2018-M09,2018,9,mensual,07054,Santa Eulària des Riu,Eivissa,82.99,63.36,82.58,63.66,A
2018-M09,2018,9,mensual,07057,Santanyí,Mallorca,87.31,69.29,85.62,68.0,A
2018-M09,2018,9,mensual,07062,Son Servera,Mallorca,85.81,79.02,84.8,78.5,A
2018-M10,2018,10,mensual,07003,Alcúdia,Mallorca,51.82,50.42,54.58,53.08,A
2018-M10,2018,10,mensual,07011,Calvià,Mallorca,78.05,61.05,80.96,63.58,A
2018-M10,2018,10,mensual,07015,Ciutadella de Menorca,Menorca,30.92,31.63,30.68,31.51,A
2018-M10,2018,10,mensual,07022,Felanitx,Mallorca,,,,,U
2018-M10,2018,10,mensual,07024,Formentera,Formentera,37.19,30.8,41.05,33.86,A
2018-M10,2018,10,mensual,07026,Eivissa,Eivissa,67.31,52.69,73.81,58.81,A
2018-M10,2018,10,mensual,07040,Palma,Mallorca,58.15,47.36,63.54,50.62,A
2018-M10,2018,10,mensual,07042,Pollença,Mallorca,66.57,51.34,68.51,52.69,A
2018-M10,2018,10,mensual,07046,Sant Antoni de Portmany,Eivissa,51.16,40.4,51.02,40.96,A
2018-M10,2018,10,mensual,07048,Sant Josep de sa Talaia,Eivissa,47.03,42.63,53.73,49.57,A
2018-M10,2018,10,mensual,07051,Sant Llorenç des Cardassar,Mallorca,,,,,U
2018-M10,2018,10,mensual,07052,Sant Lluís,Menorca,,,,,U
2018-M10,2018,10,mensual,07054,Santa Eulària des Riu,Eivissa,62.16,43.44,62.38,43.24,A
2018-M10,2018,10,mensual,07057,Santanyí,Mallorca,78.38,66.02,79.58,66.9,A
2018-M10,2018,10,mensual,07062,Son Servera,Mallorca,70.02,70.18,71.13,71.84,A
2018-M11,2018,11,mensual,07003,Alcúdia,Mallorca,,,,,U
2018-M11,2018,11,mensual,07011,Calvià,Mallorca,56.72,38.26,58.74,41.04,A
2018-M11,2018,11,mensual,07015,Ciutadella de Menorca,Menorca,,,,,U
2018-M11,2018,11,mensual,07022,Felanitx,Mallorca,,,,,U
2018-M11,2018,11,mensual,07024,Formentera,Formentera,,,,,U
2018-M11,2018,11,mensual,07026,Eivissa,Eivissa,,,,,U
2018-M11,2018,11,mensual,07040,Palma,Mallorca,61.6,30.45,63.62,34.49,A
2018-M11,2018,11,mensual,07042,Pollença,Mallorca,,,,,U
2018-M11,2018,11,mensual,07046,Sant Antoni de Portmany,Eivissa,,,,,U
2018-M11,2018,11,mensual,07048,Sant Josep de sa Talaia,Eivissa,,,,,U
2018-M11,2018,11,mensual,07051,Sant Llorenç des Cardassar,Mallorca,,,,,U
2018-M11,2018,11,mensual,07052,Sant Lluís,Menorca,,,,,U
2018-M11,2018,11,mensual,07054,Santa Eulària des Riu,Eivissa,,,,,U
2018-M11,2018,11,mensual,07057,Santanyí,Mallorca,,,,,U
2018-M11,2018,11,mensual,07062,Son Servera,Mallorca,,,,,U
2018-M12,2018,12,mensual,07003,Alcúdia,Mallorca,,,,,U
2018-M12,2018,12,mensual,07011,Calvià,Mallorca,46.88,34.76,51.38,36.69,A
2018-M12,2018,12,mensual,07015,Ciutadella de Menorca,Menorca,,,,,U
2018-M12,2018,12,mensual,07022,Felanitx,Mallorca,,,,,U
2018-M12,2018,12,mensual,07024,Formentera,Formentera,,,,,U
2018-M12,2018,12,mensual,07026,Eivissa,Eivissa,,,,,U
2018-M12,2018,12,mensual,07040,Palma,Mallorca,56.4,29.42,60.31,32.94,A
2018-M12,2018,12,mensual,07042,Pollença,Mallorca,,,,,U
2018-M12,2018,12,mensual,07046,Sant Antoni de Portmany,Eivissa,,,,,U
2018-M12,2018,12,mensual,07048,Sant Josep de sa Talaia,Eivissa,,,,,U
2018-M12,2018,12,mensual,07051,Sant Llorenç des Cardassar,Mallorca,,,,,U
2018-M12,2018,12,mensual,07052,Sant Lluís,Menorca,,,,,U
2018-M12,2018,12,mensual,07054,Santa Eulària des Riu,Eivissa,,,,,U
2018-M12,2018,12,mensual,07057,Santanyí,Mallorca,,,,,U
2018-M12,2018,12,mensual,07062,Son Servera,Mallorca,,,,,U
2019,2019,,anual,07003,Alcúdia,Mallorca,73.97,71.63,74.91,72.03,A
2019,2019,,anual,07011,Calvià,Mallorca,81.1,65.35,82.6,66.91,A
2019,2019,,anual,07015,Ciutadella de Menorca,Menorca,73.07,57.02,73.12,56.92,A
2019,2019,,anual,07022,Felanitx,Mallorca,65.49,53.34,65.9,54.13,A
2019,2019,,anual,07024,Formentera,Formentera,59.04,53.63,60.71,56.09,A
2019,2019,,anual,07026,Eivissa,Eivissa,71.62,57.97,76.98,62.73,A
2019,2019,,anual,07040,Palma,Mallorca,67.53,53.7,69.47,55.56,A
2019,2019,,anual,07042,Pollença,Mallorca,76.27,65.48,76.99,66.31,A
2019,2019,,anual,07046,Sant Antoni de Portmany,Eivissa,79.24,71.24,80.59,73.03,A
2019,2019,,anual,07048,Sant Josep de sa Talaia,Eivissa,76.1,53.77,78.22,55.21,A
2019,2019,,anual,07051,Sant Llorenç des Cardassar,Mallorca,75.18,65.05,74.06,64.25,A
2019,2019,,anual,07052,Sant Lluís,Menorca,,,,,U
2019,2019,,anual,07054,Santa Eulària des Riu,Eivissa,71.12,55.66,71.37,56.44,A
2019,2019,,anual,07057,Santanyí,Mallorca,76.25,59.31,75.99,59.15,A
2019,2019,,anual,07062,Son Servera,Mallorca,73.27,54.87,74.07,54.96,A
2019-M01,2019,1,mensual,07003,Alcúdia,Mallorca,,,,,U
2019-M01,2019,1,mensual,07011,Calvià,Mallorca,57.61,40.98,56.94,41.51,A
2019-M01,2019,1,mensual,07015,Ciutadella de Menorca,Menorca,,,,,U
2019-M01,2019,1,mensual,07022,Felanitx,Mallorca,,,,,U
2019-M01,2019,1,mensual,07024,Formentera,Formentera,,,,,U
2019-M01,2019,1,mensual,07026,Eivissa,Eivissa,,,,,U
2019-M01,2019,1,mensual,07040,Palma,Mallorca,,,,,U
2019-M01,2019,1,mensual,07042,Pollença,Mallorca,,,,,U
2019-M01,2019,1,mensual,07046,Sant Antoni de Portmany,Eivissa,,,,,U
2019-M01,2019,1,mensual,07048,Sant Josep de sa Talaia,Eivissa,,,,,U
2019-M01,2019,1,mensual,07051,Sant Llorenç des Cardassar,Mallorca,,,,,U
2019-M01,2019,1,mensual,07052,Sant Lluís,Menorca,,,,,U
2019-M01,2019,1,mensual,07054,Santa Eulària des Riu,Eivissa,,,,,U
2019-M01,2019,1,mensual,07057,Santanyí,Mallorca,,,,,U
2019-M01,2019,1,mensual,07062,Son Servera,Mallorca,,,,,U
2019-M02,2019,2,mensual,07003,Alcúdia,Mallorca,,,,,U
2019-M02,2019,2,mensual,07011,Calvià,Mallorca,62.36,41.87,57.79,39.06,A
2019-M02,2019,2,mensual,07015,Ciutadella de Menorca,Menorca,,,,,U
2019-M02,2019,2,mensual,07022,Felanitx,Mallorca,,,,,U
2019-M02,2019,2,mensual,07024,Formentera,Formentera,,,,,U
2019-M02,2019,2,mensual,07026,Eivissa,Eivissa,,,,,U
2019-M02,2019,2,mensual,07040,Palma,Mallorca,50.51,32.66,54.98,33.86,A
2019-M02,2019,2,mensual,07042,Pollença,Mallorca,,,,,U
2019-M02,2019,2,mensual,07046,Sant Antoni de Portmany,Eivissa,,,,,U
2019-M02,2019,2,mensual,07048,Sant Josep de sa Talaia,Eivissa,,,,,U
2019-M02,2019,2,mensual,07051,Sant Llorenç des Cardassar,Mallorca,,,,,U
2019-M02,2019,2,mensual,07052,Sant Lluís,Menorca,,,,,U
2019-M02,2019,2,mensual,07054,Santa Eulària des Riu,Eivissa,,,,,U
2019-M02,2019,2,mensual,07057,Santanyí,Mallorca,,,,,U
2019-M02,2019,2,mensual,07062,Son Servera,Mallorca,,,,,U
2019-M03,2019,3,mensual,07003,Alcúdia,Mallorca,,,,,U
2019-M03,2019,3,mensual,07011,Calvià,Mallorca,60.79,39.38,62.55,40.16,A
2019-M03,2019,3,mensual,07015,Ciutadella de Menorca,Menorca,,,,,U
2019-M03,2019,3,mensual,07022,Felanitx,Mallorca,,,,,U
2019-M03,2019,3,mensual,07024,Formentera,Formentera,,,,,U
2019-M03,2019,3,mensual,07026,Eivissa,Eivissa,,,,,U
2019-M03,2019,3,mensual,07040,Palma,Mallorca,68.67,52.75,69.69,55.11,A
2019-M03,2019,3,mensual,07042,Pollença,Mallorca,,,,,U
2019-M03,2019,3,mensual,07046,Sant Antoni de Portmany,Eivissa,,,,,U
2019-M03,2019,3,mensual,07048,Sant Josep de sa Talaia,Eivissa,,,,,U
2019-M03,2019,3,mensual,07051,Sant Llorenç des Cardassar,Mallorca,,,,,U
2019-M03,2019,3,mensual,07052,Sant Lluís,Menorca,,,,,U
2019-M03,2019,3,mensual,07054,Santa Eulària des Riu,Eivissa,,,,,U
2019-M03,2019,3,mensual,07057,Santanyí,Mallorca,,,,,U
2019-M03,2019,3,mensual,07062,Son Servera,Mallorca,,,,,U
2019-M04,2019,4,mensual,07003,Alcúdia,Mallorca,,,,,U
2019-M04,2019,4,mensual,07011,Calvià,Mallorca,77.47,53.94,80.45,56.33,A
2019-M04,2019,4,mensual,07015,Ciutadella de Menorca,Menorca,,,,,U
2019-M04,2019,4,mensual,07022,Felanitx,Mallorca,,,,,U
2019-M04,2019,4,mensual,07024,Formentera,Formentera,,,,,U
2019-M04,2019,4,mensual,07026,Eivissa,Eivissa,,,,,U
2019-M04,2019,4,mensual,07040,Palma,Mallorca,,,,,U
2019-M04,2019,4,mensual,07042,Pollença,Mallorca,,,,,U
2019-M04,2019,4,mensual,07046,Sant Antoni de Portmany,Eivissa,,,,,U
2019-M04,2019,4,mensual,07048,Sant Josep de sa Talaia,Eivissa,,,,,U
2019-M04,2019,4,mensual,07051,Sant Llorenç des Cardassar,Mallorca,,,,,U
2019-M04,2019,4,mensual,07052,Sant Lluís,Menorca,,,,,U
2019-M04,2019,4,mensual,07054,Santa Eulària des Riu,Eivissa,,,,,U
2019-M04,2019,4,mensual,07057,Santanyí,Mallorca,,,,,U
2019-M04,2019,4,mensual,07062,Son Servera,Mallorca,,,,,U
2019-M05,2019,5,mensual,07003,Alcúdia,Mallorca,67.93,60.56,68.82,61.14,A
2019-M05,2019,5,mensual,07011,Calvià,Mallorca,76.29,55.75,78.75,57.92,A
2019-M05,2019,5,mensual,07015,Ciutadella de Menorca,Menorca,39.83,28.16,39.99,28.37,A
2019-M05,2019,5,mensual,07022,Felanitx,Mallorca,41.64,32.67,40.75,33.1,A
2019-M05,2019,5,mensual,07024,Formentera,Formentera,33.57,26.53,34.21,27.86,A
2019-M05,2019,5,mensual,07026,Eivissa,Eivissa,64.1,45.4,72.57,52.28,A
2019-M05,2019,5,mensual,07040,Palma,Mallorca,83.99,67.9,84.63,67.58,A
2019-M05,2019,5,mensual,07042,Pollença,Mallorca,69.0,55.28,69.23,55.84,A
2019-M05,2019,5,mensual,07046,Sant Antoni de Portmany,Eivissa,70.62,62.48,72.55,66.85,A
2019-M05,2019,5,mensual,07048,Sant Josep de sa Talaia,Eivissa,66.63,46.08,69.34,48.81,A
2019-M05,2019,5,mensual,07051,Sant Llorenç des Cardassar,Mallorca,87.83,83.29,86.11,81.28,A
2019-M05,2019,5,mensual,07052,Sant Lluís,Menorca,,,,,U
2019-M05,2019,5,mensual,07054,Santa Eulària des Riu,Eivissa,29.28,20.07,26.3,19.56,A
2019-M05,2019,5,mensual,07057,Santanyí,Mallorca,58.17,40.27,56.6,39.37,A
2019-M05,2019,5,mensual,07062,Son Servera,Mallorca,53.84,34.92,53.19,34.79,A
2019-M06,2019,6,mensual,07003,Alcúdia,Mallorca,66.44,82.22,62.92,80.21,A
2019-M06,2019,6,mensual,07011,Calvià,Mallorca,82.37,66.83,83.89,68.84,A
2019-M06,2019,6,mensual,07015,Ciutadella de Menorca,Menorca,80.31,62.13,79.68,62.27,A
2019-M06,2019,6,mensual,07022,Felanitx,Mallorca,71.23,55.31,72.47,57.7,A
2019-M06,2019,6,mensual,07024,Formentera,Formentera,64.54,58.72,68.37,61.79,A
2019-M06,2019,6,mensual,07026,Eivissa,Eivissa,77.11,57.8,80.99,61.56,A
2019-M06,2019,6,mensual,07040,Palma,Mallorca,74.98,59.12,79.89,63.02,A
2019-M06,2019,6,mensual,07042,Pollença,Mallorca,79.51,65.3,81.56,67.21,A
2019-M06,2019,6,mensual,07046,Sant Antoni de Portmany,Eivissa,77.2,72.99,77.56,73.16,A
2019-M06,2019,6,mensual,07048,Sant Josep de sa Talaia,Eivissa,77.32,52.8,79.48,54.69,A
2019-M06,2019,6,mensual,07051,Sant Llorenç des Cardassar,Mallorca,77.14,55.88,75.02,54.48,A
2019-M06,2019,6,mensual,07052,Sant Lluís,Menorca,,,,,U
2019-M06,2019,6,mensual,07054,Santa Eulària des Riu,Eivissa,80.0,60.7,81.08,62.54,A
2019-M06,2019,6,mensual,07057,Santanyí,Mallorca,83.07,66.36,81.9,65.06,A
2019-M06,2019,6,mensual,07062,Son Servera,Mallorca,78.77,57.58,78.04,58.57,A
2019-M07,2019,7,mensual,07003,Alcúdia,Mallorca,95.25,95.38,95.18,95.33,A
2019-M07,2019,7,mensual,07011,Calvià,Mallorca,86.89,75.13,88.8,76.34,A
2019-M07,2019,7,mensual,07015,Ciutadella de Menorca,Menorca,84.28,68.79,84.66,68.95,A
2019-M07,2019,7,mensual,07022,Felanitx,Mallorca,73.19,66.65,72.71,66.55,A
2019-M07,2019,7,mensual,07024,Formentera,Formentera,77.27,64.51,77.27,66.76,A
2019-M07,2019,7,mensual,07026,Eivissa,Eivissa,78.89,64.95,83.03,69.01,A
2019-M07,2019,7,mensual,07040,Palma,Mallorca,75.6,60.5,76.37,62.28,A
2019-M07,2019,7,mensual,07042,Pollença,Mallorca,81.91,78.66,82.46,79.92,A
2019-M07,2019,7,mensual,07046,Sant Antoni de Portmany,Eivissa,86.01,84.31,88.24,88.61,A
2019-M07,2019,7,mensual,07048,Sant Josep de sa Talaia,Eivissa,82.94,57.9,82.7,55.62,A
2019-M07,2019,7,mensual,07051,Sant Llorenç des Cardassar,Mallorca,81.92,85.23,81.98,86.8,A
2019-M07,2019,7,mensual,07052,Sant Lluís,Menorca,,,,,U
2019-M07,2019,7,mensual,07054,Santa Eulària des Riu,Eivissa,82.46,65.92,84.25,67.93,A
2019-M07,2019,7,mensual,07057,Santanyí,Mallorca,80.54,70.06,81.94,70.42,A
2019-M07,2019,7,mensual,07062,Son Servera,Mallorca,91.79,76.89,90.78,75.31,A
2019-M08,2019,8,mensual,07003,Alcúdia,Mallorca,92.16,93.2,91.25,91.66,A
2019-M08,2019,8,mensual,07011,Calvià,Mallorca,92.28,81.85,92.26,82.81,A
2019-M08,2019,8,mensual,07015,Ciutadella de Menorca,Menorca,87.88,75.56,87.7,74.58,A
2019-M08,2019,8,mensual,07022,Felanitx,Mallorca,77.21,69.47,74.84,66.93,A
2019-M08,2019,8,mensual,07024,Formentera,Formentera,81.11,79.62,81.25,81.16,A
2019-M08,2019,8,mensual,07026,Eivissa,Eivissa,84.24,76.37,86.72,78.81,A
2019-M08,2019,8,mensual,07040,Palma,Mallorca,70.64,60.84,72.7,62.0,A
2019-M08,2019,8,mensual,07042,Pollença,Mallorca,89.25,83.59,88.13,82.72,A
2019-M08,2019,8,mensual,07046,Sant Antoni de Portmany,Eivissa,91.35,81.94,93.36,82.92,A
2019-M08,2019,8,mensual,07048,Sant Josep de sa Talaia,Eivissa,85.25,65.63,85.18,66.31,A
2019-M08,2019,8,mensual,07051,Sant Llorenç des Cardassar,Mallorca,91.46,82.1,90.93,81.2,A
2019-M08,2019,8,mensual,07052,Sant Lluís,Menorca,,,,,U
2019-M08,2019,8,mensual,07054,Santa Eulària des Riu,Eivissa,86.05,76.52,83.63,73.79,A
2019-M08,2019,8,mensual,07057,Santanyí,Mallorca,87.08,72.73,86.68,72.52,A
2019-M08,2019,8,mensual,07062,Son Servera,Mallorca,89.12,75.71,88.43,74.48,A
2019-M09,2019,9,mensual,07003,Alcúdia,Mallorca,91.98,82.62,91.8,80.62,A
2019-M09,2019,9,mensual,07011,Calvià,Mallorca,89.79,72.17,91.59,73.43,A
2019-M09,2019,9,mensual,07015,Ciutadella de Menorca,Menorca,74.39,50.54,73.93,49.79,A
2019-M09,2019,9,mensual,07022,Felanitx,Mallorca,75.41,53.86,79.27,57.01,A
2019-M09,2019,9,mensual,07024,Formentera,Formentera,68.01,64.32,68.3,65.86,A
2019-M09,2019,9,mensual,07026,Eivissa,Eivissa,75.09,62.83,79.43,67.24,A
2019-M09,2019,9,mensual,07040,Palma,Mallorca,66.02,52.16,70.36,55.08,A
2019-M09,2019,9,mensual,07042,Pollença,Mallorca,81.35,68.04,80.49,66.06,A
2019-M09,2019,9,mensual,07046,Sant Antoni de Portmany,Eivissa,83.53,72.83,82.04,71.88,A
2019-M09,2019,9,mensual,07048,Sant Josep de sa Talaia,Eivissa,78.34,58.41,81.83,61.11,A
2019-M09,2019,9,mensual,07051,Sant Llorenç des Cardassar,Mallorca,87.79,68.99,85.28,66.74,A
2019-M09,2019,9,mensual,07052,Sant Lluís,Menorca,,,,,U
2019-M09,2019,9,mensual,07054,Santa Eulària des Riu,Eivissa,74.33,55.18,76.82,57.78,A
2019-M09,2019,9,mensual,07057,Santanyí,Mallorca,87.51,61.6,87.15,61.62,A
2019-M09,2019,9,mensual,07062,Son Servera,Mallorca,91.6,56.14,91.5,54.68,A
2019-M10,2019,10,mensual,07003,Alcúdia,Mallorca,49.08,48.54,54.5,53.91,A
2019-M10,2019,10,mensual,07011,Calvià,Mallorca,70.58,54.52,71.59,55.88,A
2019-M10,2019,10,mensual,07015,Ciutadella de Menorca,Menorca,35.49,27.96,39.35,31.57,A
2019-M10,2019,10,mensual,07022,Felanitx,Mallorca,47.99,36.32,50.35,37.84,A
2019-M10,2019,10,mensual,07024,Formentera,Formentera,27.05,23.88,32.38,29.4,A
2019-M10,2019,10,mensual,07026,Eivissa,Eivissa,46.63,38.05,55.14,44.97,A
2019-M10,2019,10,mensual,07040,Palma,Mallorca,40.93,32.98,46.44,37.87,A
2019-M10,2019,10,mensual,07042,Pollença,Mallorca,61.94,50.75,63.48,53.62,A
2019-M10,2019,10,mensual,07046,Sant Antoni de Portmany,Eivissa,69.79,55.77,74.83,59.31,A
2019-M10,2019,10,mensual,07048,Sant Josep de sa Talaia,Eivissa,65.44,37.55,70.06,39.78,A
2019-M10,2019,10,mensual,07051,Sant Llorenç des Cardassar,Mallorca,,,,,U
2019-M10,2019,10,mensual,07052,Sant Lluís,Menorca,,,,,U
2019-M10,2019,10,mensual,07054,Santa Eulària des Riu,Eivissa,58.26,44.02,58.88,44.58,A
2019-M10,2019,10,mensual,07057,Santanyí,Mallorca,68.11,47.04,68.6,47.52,A
2019-M10,2019,10,mensual,07062,Son Servera,Mallorca,,,,,U
2019-M11,2019,11,mensual,07003,Alcúdia,Mallorca,,,,,U
2019-M11,2019,11,mensual,07011,Calvià,Mallorca,49.68,37.0,49.97,38.8,A
2019-M11,2019,11,mensual,07015,Ciutadella de Menorca,Menorca,,,,,U
2019-M11,2019,11,mensual,07022,Felanitx,Mallorca,,,,,U
2019-M11,2019,11,mensual,07024,Formentera,Formentera,,,,,U
2019-M11,2019,11,mensual,07026,Eivissa,Eivissa,,,,,U
2019-M11,2019,11,mensual,07040,Palma,Mallorca,52.82,32.9,54.93,38.74,A
2019-M11,2019,11,mensual,07042,Pollença,Mallorca,,,,,U
2019-M11,2019,11,mensual,07046,Sant Antoni de Portmany,Eivissa,,,,,U
2019-M11,2019,11,mensual,07048,Sant Josep de sa Talaia,Eivissa,,,,,U
2019-M11,2019,11,mensual,07051,Sant Llorenç des Cardassar,Mallorca,,,,,U
2019-M11,2019,11,mensual,07052,Sant Lluís,Menorca,,,,,U
2019-M11,2019,11,mensual,07054,Santa Eulària des Riu,Eivissa,,,,,U
2019-M11,2019,11,mensual,07057,Santanyí,Mallorca,,,,,U
2019-M11,2019,11,mensual,07062,Son Servera,Mallorca,,,,,U
2019-M12,2019,12,mensual,07003,Alcúdia,Mallorca,,,,,U
2019-M12,2019,12,mensual,07011,Calvià,Mallorca,38.69,28.74,44.81,35.56,A
2019-M12,2019,12,mensual,07015,Ciutadella de Menorca,Menorca,,,,,U
2019-M12,2019,12,mensual,07022,Felanitx,Mallorca,,,,,U
2019-M12,2019,12,mensual,07024,Formentera,Formentera,,,,,U
2019-M12,2019,12,mensual,07026,Eivissa,Eivissa,,,,,U
2019-M12,2019,12,mensual,07040,Palma,Mallorca,54.77,38.29,59.76,41.89,A
2019-M12,2019,12,mensual,07042,Pollença,Mallorca,,,,,U
2019-M12,2019,12,mensual,07046,Sant Antoni de Portmany,Eivissa,,,,,U
2019-M12,2019,12,mensual,07048,Sant Josep de sa Talaia,Eivissa,,,,,U
2019-M12,2019,12,mensual,07051,Sant Llorenç des Cardassar,Mallorca,,,,,U
2019-M12,2019,12,mensual,07052,Sant Lluís,Menorca,,,,,U
2019-M12,2019,12,mensual,07054,Santa Eulària des Riu,Eivissa,,,,,U
2019-M12,2019,12,mensual,07057,Santanyí,Mallorca,,,,,U
2019-M12,2019,12,mensual,07062,Son Servera,Mallorca,,,,,U
2020,2020,,anual,07003,Alcúdia,Mallorca,,,,,U
2020,2020,,anual,07011,Calvià,Mallorca,36.54,29.12,36.96,29.6,A
2020,2020,,anual,07015,Ciutadella de Menorca,Menorca,33.86,24.89,34.14,24.87,A
2020,2020,,anual,07022,Felanitx,Mallorca,,,,,U
2020,2020,,anual,07024,Formentera,Formentera,49.11,44.61,52.12,47.7,A
2020,2020,,anual,07026,Eivissa,Eivissa,46.63,31.84,46.12,31.59,A
2020,2020,,anual,07040,Palma,Mallorca,,,,,U
2020,2020,,anual,07042,Pollença,Mallorca,23.85,19.54,23.6,19.2,A
2020,2020,,anual,07046,Sant Antoni de Portmany,Eivissa,44.15,37.84,44.25,38.33,A
2020,2020,,anual,07048,Sant Josep de sa Talaia,Eivissa,28.42,21.76,28.7,21.94,A
2020,2020,,anual,07051,Sant Llorenç des Cardassar,Mallorca,,,,,U
2020,2020,,anual,07052,Sant Lluís,Menorca,,,,,U
2020,2020,,anual,07054,Santa Eulària des Riu,Eivissa,28.81,22.02,29.63,22.63,A
2020,2020,,anual,07057,Santanyí,Mallorca,,,,,U
2020,2020,,anual,07062,Son Servera,Mallorca,,,,,U
2020-M01,2020,1,mensual,07003,Alcúdia,Mallorca,,,,,U
2020-M01,2020,1,mensual,07011,Calvià,Mallorca,60.15,50.16,61.57,49.32,A
2020-M01,2020,1,mensual,07015,Ciutadella de Menorca,Menorca,,,,,U
2020-M01,2020,1,mensual,07022,Felanitx,Mallorca,,,,,U
2020-M01,2020,1,mensual,07024,Formentera,Formentera,,,,,U
2020-M01,2020,1,mensual,07026,Eivissa,Eivissa,,,,,U
2020-M01,2020,1,mensual,07040,Palma,Mallorca,38.77,23.69,45.38,30.52,A
2020-M01,2020,1,mensual,07042,Pollença,Mallorca,,,,,U
2020-M01,2020,1,mensual,07046,Sant Antoni de Portmany,Eivissa,,,,,U
2020-M01,2020,1,mensual,07048,Sant Josep de sa Talaia,Eivissa,,,,,U
2020-M01,2020,1,mensual,07051,Sant Llorenç des Cardassar,Mallorca,,,,,U
2020-M01,2020,1,mensual,07052,Sant Lluís,Menorca,,,,,U
2020-M01,2020,1,mensual,07054,Santa Eulària des Riu,Eivissa,,,,,U
2020-M01,2020,1,mensual,07057,Santanyí,Mallorca,,,,,U
2020-M01,2020,1,mensual,07062,Son Servera,Mallorca,,,,,U
2020-M02,2020,2,mensual,07003,Alcúdia,Mallorca,,,,,U
2020-M02,2020,2,mensual,07011,Calvià,Mallorca,59.1,40.84,59.73,42.02,A
2020-M02,2020,2,mensual,07015,Ciutadella de Menorca,Menorca,,,,,U
2020-M02,2020,2,mensual,07022,Felanitx,Mallorca,,,,,U
2020-M02,2020,2,mensual,07024,Formentera,Formentera,,,,,U
2020-M02,2020,2,mensual,07026,Eivissa,Eivissa,,,,,U
2020-M02,2020,2,mensual,07040,Palma,Mallorca,44.98,31.3,44.91,31.4,A
2020-M02,2020,2,mensual,07042,Pollença,Mallorca,,,,,U
2020-M02,2020,2,mensual,07046,Sant Antoni de Portmany,Eivissa,,,,,U
2020-M02,2020,2,mensual,07048,Sant Josep de sa Talaia,Eivissa,,,,,U
2020-M02,2020,2,mensual,07051,Sant Llorenç des Cardassar,Mallorca,,,,,U
2020-M02,2020,2,mensual,07052,Sant Lluís,Menorca,,,,,U
2020-M02,2020,2,mensual,07054,Santa Eulària des Riu,Eivissa,,,,,U
2020-M02,2020,2,mensual,07057,Santanyí,Mallorca,,,,,U
2020-M02,2020,2,mensual,07062,Son Servera,Mallorca,,,,,U
2020-M03,2020,3,mensual,07003,Alcúdia,Mallorca,,,,,U
2020-M03,2020,3,mensual,07011,Calvià,Mallorca,,,,,U
2020-M03,2020,3,mensual,07015,Ciutadella de Menorca,Menorca,,,,,U
2020-M03,2020,3,mensual,07022,Felanitx,Mallorca,,,,,U
2020-M03,2020,3,mensual,07024,Formentera,Formentera,,,,,U
2020-M03,2020,3,mensual,07026,Eivissa,Eivissa,,,,,U
2020-M03,2020,3,mensual,07040,Palma,Mallorca,,,,,U
2020-M03,2020,3,mensual,07042,Pollença,Mallorca,,,,,U
2020-M03,2020,3,mensual,07046,Sant Antoni de Portmany,Eivissa,,,,,U
2020-M03,2020,3,mensual,07048,Sant Josep de sa Talaia,Eivissa,,,,,U
2020-M03,2020,3,mensual,07051,Sant Llorenç des Cardassar,Mallorca,,,,,U
2020-M03,2020,3,mensual,07052,Sant Lluís,Menorca,,,,,U
2020-M03,2020,3,mensual,07054,Santa Eulària des Riu,Eivissa,,,,,U
2020-M03,2020,3,mensual,07057,Santanyí,Mallorca,,,,,U
2020-M03,2020,3,mensual,07062,Son Servera,Mallorca,,,,,U
2020-M04,2020,4,mensual,07003,Alcúdia,Mallorca,0.0,0.0,0.0,0.0,A
2020-M04,2020,4,mensual,07011,Calvià,Mallorca,0.0,0.0,0.0,0.0,A
2020-M04,2020,4,mensual,07015,Ciutadella de Menorca,Menorca,0.0,0.0,0.0,0.0,A
2020-M04,2020,4,mensual,07022,Felanitx,Mallorca,0.0,0.0,0.0,0.0,A
2020-M04,2020,4,mensual,07024,Formentera,Formentera,0.0,0.0,0.0,0.0,A
2020-M04,2020,4,mensual,07026,Eivissa,Eivissa,0.0,0.0,0.0,0.0,A
2020-M04,2020,4,mensual,07040,Palma,Mallorca,0.0,0.0,0.0,0.0,A
2020-M04,2020,4,mensual,07042,Pollença,Mallorca,0.0,0.0,0.0,0.0,A
2020-M04,2020,4,mensual,07046,Sant Antoni de Portmany,Eivissa,0.0,0.0,0.0,0.0,A
2020-M04,2020,4,mensual,07048,Sant Josep de sa Talaia,Eivissa,0.0,0.0,0.0,0.0,A
2020-M04,2020,4,mensual,07051,Sant Llorenç des Cardassar,Mallorca,0.0,0.0,0.0,0.0,A
2020-M04,2020,4,mensual,07052,Sant Lluís,Menorca,0.0,0.0,0.0,0.0,A
2020-M04,2020,4,mensual,07054,Santa Eulària des Riu,Eivissa,0.0,0.0,0.0,0.0,A
2020-M04,2020,4,mensual,07057,Santanyí,Mallorca,0.0,0.0,0.0,0.0,A
2020-M04,2020,4,mensual,07062,Son Servera,Mallorca,0.0,0.0,0.0,0.0,A
2020-M05,2020,5,mensual,07003,Alcúdia,Mallorca,,,,,U
2020-M05,2020,5,mensual,07011,Calvià,Mallorca,,,,,U
2020-M05,2020,5,mensual,07015,Ciutadella de Menorca,Menorca,,,,,U
2020-M05,2020,5,mensual,07022,Felanitx,Mallorca,,,,,U
2020-M05,2020,5,mensual,07024,Formentera,Formentera,,,,,U
2020-M05,2020,5,mensual,07026,Eivissa,Eivissa,,,,,U
2020-M05,2020,5,mensual,07040,Palma,Mallorca,,,,,U
2020-M05,2020,5,mensual,07042,Pollença,Mallorca,,,,,U
2020-M05,2020,5,mensual,07046,Sant Antoni de Portmany,Eivissa,,,,,U
2020-M05,2020,5,mensual,07048,Sant Josep de sa Talaia,Eivissa,,,,,U
2020-M05,2020,5,mensual,07051,Sant Llorenç des Cardassar,Mallorca,,,,,U
2020-M05,2020,5,mensual,07052,Sant Lluís,Menorca,,,,,U
2020-M05,2020,5,mensual,07054,Santa Eulària des Riu,Eivissa,,,,,U
2020-M05,2020,5,mensual,07057,Santanyí,Mallorca,,,,,U
2020-M05,2020,5,mensual,07062,Son Servera,Mallorca,,,,,U
2020-M06,2020,6,mensual,07003,Alcúdia,Mallorca,,,,,U
2020-M06,2020,6,mensual,07011,Calvià,Mallorca,,,,,U
2020-M06,2020,6,mensual,07015,Ciutadella de Menorca,Menorca,,,,,U
2020-M06,2020,6,mensual,07022,Felanitx,Mallorca,,,,,U
2020-M06,2020,6,mensual,07024,Formentera,Formentera,,,,,U
2020-M06,2020,6,mensual,07026,Eivissa,Eivissa,,,,,U
2020-M06,2020,6,mensual,07040,Palma,Mallorca,,,,,U
2020-M06,2020,6,mensual,07042,Pollença,Mallorca,,,,,U
2020-M06,2020,6,mensual,07046,Sant Antoni de Portmany,Eivissa,,,,,U
2020-M06,2020,6,mensual,07048,Sant Josep de sa Talaia,Eivissa,,,,,U
2020-M06,2020,6,mensual,07051,Sant Llorenç des Cardassar,Mallorca,,,,,U
2020-M06,2020,6,mensual,07052,Sant Lluís,Menorca,,,,,U
2020-M06,2020,6,mensual,07054,Santa Eulària des Riu,Eivissa,,,,,U
2020-M06,2020,6,mensual,07057,Santanyí,Mallorca,,,,,U
2020-M06,2020,6,mensual,07062,Son Servera,Mallorca,,,,,U
2020-M07,2020,7,mensual,07003,Alcúdia,Mallorca,,,,,U
2020-M07,2020,7,mensual,07011,Calvià,Mallorca,42.58,35.01,41.93,34.79,A
2020-M07,2020,7,mensual,07015,Ciutadella de Menorca,Menorca,27.83,21.38,27.83,21.17,A
2020-M07,2020,7,mensual,07022,Felanitx,Mallorca,,,,,U
2020-M07,2020,7,mensual,07024,Formentera,Formentera,56.82,51.9,59.44,56.03,A
2020-M07,2020,7,mensual,07026,Eivissa,Eivissa,60.99,42.89,61.0,43.48,A
2020-M07,2020,7,mensual,07040,Palma,Mallorca,,,,,U
2020-M07,2020,7,mensual,07042,Pollença,Mallorca,33.34,26.21,32.03,25.44,A
2020-M07,2020,7,mensual,07046,Sant Antoni de Portmany,Eivissa,39.43,35.81,39.64,36.39,A
2020-M07,2020,7,mensual,07048,Sant Josep de sa Talaia,Eivissa,21.49,16.25,20.44,15.28,A
2020-M07,2020,7,mensual,07051,Sant Llorenç des Cardassar,Mallorca,,,,,U
2020-M07,2020,7,mensual,07052,Sant Lluís,Menorca,45.24,42.21,44.69,41.97,A
2020-M07,2020,7,mensual,07054,Santa Eulària des Riu,Eivissa,36.32,29.89,35.78,28.61,A
2020-M07,2020,7,mensual,07057,Santanyí,Mallorca,,,,,U
2020-M07,2020,7,mensual,07062,Son Servera,Mallorca,,,,,U
2020-M08,2020,8,mensual,07003,Alcúdia,Mallorca,,,,,U
2020-M08,2020,8,mensual,07011,Calvià,Mallorca,45.85,38.73,45.99,39.01,A
2020-M08,2020,8,mensual,07015,Ciutadella de Menorca,Menorca,45.43,35.05,45.46,34.67,A
2020-M08,2020,8,mensual,07022,Felanitx,Mallorca,,,,,U
2020-M08,2020,8,mensual,07024,Formentera,Formentera,59.78,54.58,59.62,54.81,A
2020-M08,2020,8,mensual,07026,Eivissa,Eivissa,58.89,41.13,56.62,38.78,A
2020-M08,2020,8,mensual,07040,Palma,Mallorca,,,,,U
2020-M08,2020,8,mensual,07042,Pollença,Mallorca,31.56,29.03,30.85,27.23,A
2020-M08,2020,8,mensual,07046,Sant Antoni de Portmany,Eivissa,55.22,49.35,56.11,50.7,A
2020-M08,2020,8,mensual,07048,Sant Josep de sa Talaia,Eivissa,34.38,30.27,34.26,29.93,A
2020-M08,2020,8,mensual,07051,Sant Llorenç des Cardassar,Mallorca,,,,,U
2020-M08,2020,8,mensual,07052,Sant Lluís,Menorca,,,,,U
2020-M08,2020,8,mensual,07054,Santa Eulària des Riu,Eivissa,40.22,32.52,42.9,34.69,A
2020-M08,2020,8,mensual,07057,Santanyí,Mallorca,,,,,U
2020-M08,2020,8,mensual,07062,Son Servera,Mallorca,,,,,U
2020-M09,2020,9,mensual,07003,Alcúdia,Mallorca,,,,,U
2020-M09,2020,9,mensual,07011,Calvià,Mallorca,26.67,24.78,28.55,27.12,A
2020-M09,2020,9,mensual,07015,Ciutadella de Menorca,Menorca,30.5,19.96,31.38,20.7,A
2020-M09,2020,9,mensual,07022,Felanitx,Mallorca,,,,,U
2020-M09,2020,9,mensual,07024,Formentera,Formentera,50.68,43.89,57.97,49.22,A
2020-M09,2020,9,mensual,07026,Eivissa,Eivissa,28.52,20.31,29.7,21.5,A
2020-M09,2020,9,mensual,07040,Palma,Mallorca,,,,,U
2020-M09,2020,9,mensual,07042,Pollença,Mallorca,12.16,9.88,13.27,11.44,A
2020-M09,2020,9,mensual,07046,Sant Antoni de Portmany,Eivissa,42.3,31.76,43.43,32.5,A
2020-M09,2020,9,mensual,07048,Sant Josep de sa Talaia,Eivissa,24.59,16.15,25.5,17.38,A
2020-M09,2020,9,mensual,07051,Sant Llorenç des Cardassar,Mallorca,,,,,U
2020-M09,2020,9,mensual,07052,Sant Lluís,Menorca,,,,,U
2020-M09,2020,9,mensual,07054,Santa Eulària des Riu,Eivissa,13.12,8.48,12.77,8.58,A
2020-M09,2020,9,mensual,07057,Santanyí,Mallorca,,,,,U
2020-M09,2020,9,mensual,07062,Son Servera,Mallorca,,,,,U
2020-M10,2020,10,mensual,07003,Alcúdia,Mallorca,,,,,U
2020-M10,2020,10,mensual,07011,Calvià,Mallorca,21.17,18.26,20.12,16.89,A
2020-M10,2020,10,mensual,07015,Ciutadella de Menorca,Menorca,,,,,U
2020-M10,2020,10,mensual,07022,Felanitx,Mallorca,,,,,U
2020-M10,2020,10,mensual,07024,Formentera,Formentera,15.91,10.7,25.0,16.79,A
2020-M10,2020,10,mensual,07026,Eivissa,Eivissa,,,,,U
2020-M10,2020,10,mensual,07040,Palma,Mallorca,,,,,U
2020-M10,2020,10,mensual,07042,Pollença,Mallorca,,,,,U
2020-M10,2020,10,mensual,07046,Sant Antoni de Portmany,Eivissa,,,,,U
2020-M10,2020,10,mensual,07048,Sant Josep de sa Talaia,Eivissa,,,,,U
2020-M10,2020,10,mensual,07051,Sant Llorenç des Cardassar,Mallorca,,,,,U
2020-M10,2020,10,mensual,07052,Sant Lluís,Menorca,,,,,U
2020-M10,2020,10,mensual,07054,Santa Eulària des Riu,Eivissa,,,,,U
2020-M10,2020,10,mensual,07057,Santanyí,Mallorca,,,,,U
2020-M10,2020,10,mensual,07062,Son Servera,Mallorca,,,,,U
2020-M11,2020,11,mensual,07003,Alcúdia,Mallorca,,,,,U
2020-M11,2020,11,mensual,07011,Calvià,Mallorca,,,,,U
2020-M11,2020,11,mensual,07015,Ciutadella de Menorca,Menorca,,,,,U
2020-M11,2020,11,mensual,07022,Felanitx,Mallorca,,,,,U
2020-M11,2020,11,mensual,07024,Formentera,Formentera,,,,,U
2020-M11,2020,11,mensual,07026,Eivissa,Eivissa,,,,,U
2020-M11,2020,11,mensual,07040,Palma,Mallorca,,,,,U
2020-M11,2020,11,mensual,07042,Pollença,Mallorca,,,,,U
2020-M11,2020,11,mensual,07046,Sant Antoni de Portmany,Eivissa,,,,,U
2020-M11,2020,11,mensual,07048,Sant Josep de sa Talaia,Eivissa,,,,,U
2020-M11,2020,11,mensual,07051,Sant Llorenç des Cardassar,Mallorca,,,,,U
2020-M11,2020,11,mensual,07052,Sant Lluís,Menorca,,,,,U
2020-M11,2020,11,mensual,07054,Santa Eulària des Riu,Eivissa,,,,,U
2020-M11,2020,11,mensual,07057,Santanyí,Mallorca,,,,,U
2020-M11,2020,11,mensual,07062,Son Servera,Mallorca,,,,,U
2020-M12,2020,12,mensual,07003,Alcúdia,Mallorca,,,,,U
2020-M12,2020,12,mensual,07011,Calvià,Mallorca,,,,,U
2020-M12,2020,12,mensual,07015,Ciutadella de Menorca,Menorca,,,,,U
2020-M12,2020,12,mensual,07022,Felanitx,Mallorca,,,,,U
2020-M12,2020,12,mensual,07024,Formentera,Formentera,,,,,U
2020-M12,2020,12,mensual,07026,Eivissa,Eivissa,,,,,U
2020-M12,2020,12,mensual,07040,Palma,Mallorca,,,,,U
2020-M12,2020,12,mensual,07042,Pollença,Mallorca,,,,,U
2020-M12,2020,12,mensual,07046,Sant Antoni de Portmany,Eivissa,,,,,U
2020-M12,2020,12,mensual,07048,Sant Josep de sa Talaia,Eivissa,,,,,U
2020-M12,2020,12,mensual,07051,Sant Llorenç des Cardassar,Mallorca,,,,,U
2020-M12,2020,12,mensual,07052,Sant Lluís,Menorca,,,,,U
2020-M12,2020,12,mensual,07054,Santa Eulària des Riu,Eivissa,,,,,U
2020-M12,2020,12,mensual,07057,Santanyí,Mallorca,,,,,U
2020-M12,2020,12,mensual,07062,Son Servera,Mallorca,,,,,U
2021,2021,,anual,07003,Alcúdia,Mallorca,32.8,29.66,35.75,32.02,A
2021,2021,,anual,07011,Calvià,Mallorca,54.0,45.03,55.58,46.33,A
2021,2021,,anual,07015,Ciutadella de Menorca,Menorca,59.43,45.56,61.05,46.65,A
2021,2021,,anual,07022,Felanitx,Mallorca,46.3,35.09,46.59,35.3,A
2021,2021,,anual,07024,Formentera,Formentera,59.92,48.58,64.22,52.54,A
2021,2021,,anual,07026,Eivissa,Eivissa,69.69,51.28,72.1,53.74,A
2021,2021,,anual,07040,Palma,Mallorca,51.59,33.92,53.26,35.34,A
2021,2021,,anual,07042,Pollença,Mallorca,36.38,34.04,37.13,34.9,A
2021,2021,,anual,07046,Sant Antoni de Portmany,Eivissa,62.99,52.87,65.17,55.3,A
2021,2021,,anual,07048,Sant Josep de sa Talaia,Eivissa,65.58,43.69,68.26,46.01,A
2021,2021,,anual,07051,Sant Llorenç des Cardassar,Mallorca,,,,,U
2021,2021,,anual,07052,Sant Lluís,Menorca,,,,,U
2021,2021,,anual,07054,Santa Eulària des Riu,Eivissa,46.02,37.84,47.05,39.19,A
2021,2021,,anual,07057,Santanyí,Mallorca,47.73,45.52,47.95,46.85,A
2021,2021,,anual,07062,Son Servera,Mallorca,,,,,U
2021-M01,2021,1,mensual,07003,Alcúdia,Mallorca,,,,,U
2021-M01,2021,1,mensual,07011,Calvià,Mallorca,,,,,U
2021-M01,2021,1,mensual,07015,Ciutadella de Menorca,Menorca,,,,,U
2021-M01,2021,1,mensual,07022,Felanitx,Mallorca,,,,,U
2021-M01,2021,1,mensual,07024,Formentera,Formentera,,,,,U
2021-M01,2021,1,mensual,07026,Eivissa,Eivissa,,,,,U
2021-M01,2021,1,mensual,07040,Palma,Mallorca,,,,,U
2021-M01,2021,1,mensual,07042,Pollença,Mallorca,,,,,U
2021-M01,2021,1,mensual,07046,Sant Antoni de Portmany,Eivissa,,,,,U
2021-M01,2021,1,mensual,07048,Sant Josep de sa Talaia,Eivissa,,,,,U
2021-M01,2021,1,mensual,07051,Sant Llorenç des Cardassar,Mallorca,,,,,U
2021-M01,2021,1,mensual,07052,Sant Lluís,Menorca,,,,,U
2021-M01,2021,1,mensual,07054,Santa Eulària des Riu,Eivissa,,,,,U
2021-M01,2021,1,mensual,07057,Santanyí,Mallorca,,,,,U
2021-M01,2021,1,mensual,07062,Son Servera,Mallorca,,,,,U
2021-M02,2021,2,mensual,07003,Alcúdia,Mallorca,,,,,U
2021-M02,2021,2,mensual,07011,Calvià,Mallorca,,,,,U
2021-M02,2021,2,mensual,07015,Ciutadella de Menorca,Menorca,,,,,U
2021-M02,2021,2,mensual,07022,Felanitx,Mallorca,,,,,U
2021-M02,2021,2,mensual,07024,Formentera,Formentera,,,,,U
2021-M02,2021,2,mensual,07026,Eivissa,Eivissa,,,,,U
2021-M02,2021,2,mensual,07040,Palma,Mallorca,,,,,U
2021-M02,2021,2,mensual,07042,Pollença,Mallorca,,,,,U
2021-M02,2021,2,mensual,07046,Sant Antoni de Portmany,Eivissa,,,,,U
2021-M02,2021,2,mensual,07048,Sant Josep de sa Talaia,Eivissa,,,,,U
2021-M02,2021,2,mensual,07051,Sant Llorenç des Cardassar,Mallorca,,,,,U
2021-M02,2021,2,mensual,07052,Sant Lluís,Menorca,,,,,U
2021-M02,2021,2,mensual,07054,Santa Eulària des Riu,Eivissa,,,,,U
2021-M02,2021,2,mensual,07057,Santanyí,Mallorca,,,,,U
2021-M02,2021,2,mensual,07062,Son Servera,Mallorca,,,,,U
2021-M03,2021,3,mensual,07003,Alcúdia,Mallorca,,,,,U
2021-M03,2021,3,mensual,07011,Calvià,Mallorca,,,,,U
2021-M03,2021,3,mensual,07015,Ciutadella de Menorca,Menorca,,,,,U
2021-M03,2021,3,mensual,07022,Felanitx,Mallorca,,,,,U
2021-M03,2021,3,mensual,07024,Formentera,Formentera,,,,,U
2021-M03,2021,3,mensual,07026,Eivissa,Eivissa,,,,,U
2021-M03,2021,3,mensual,07040,Palma,Mallorca,54.26,31.46,56.06,33.06,A
2021-M03,2021,3,mensual,07042,Pollença,Mallorca,,,,,U
2021-M03,2021,3,mensual,07046,Sant Antoni de Portmany,Eivissa,,,,,U
2021-M03,2021,3,mensual,07048,Sant Josep de sa Talaia,Eivissa,,,,,U
2021-M03,2021,3,mensual,07051,Sant Llorenç des Cardassar,Mallorca,,,,,U
2021-M03,2021,3,mensual,07052,Sant Lluís,Menorca,,,,,U
2021-M03,2021,3,mensual,07054,Santa Eulària des Riu,Eivissa,,,,,U
2021-M03,2021,3,mensual,07057,Santanyí,Mallorca,,,,,U
2021-M03,2021,3,mensual,07062,Son Servera,Mallorca,,,,,U
2021-M04,2021,4,mensual,07003,Alcúdia,Mallorca,,,,,U
2021-M04,2021,4,mensual,07011,Calvià,Mallorca,,,,,U
2021-M04,2021,4,mensual,07015,Ciutadella de Menorca,Menorca,,,,,U
2021-M04,2021,4,mensual,07022,Felanitx,Mallorca,,,,,U
2021-M04,2021,4,mensual,07024,Formentera,Formentera,,,,,U
2021-M04,2021,4,mensual,07026,Eivissa,Eivissa,,,,,U
2021-M04,2021,4,mensual,07040,Palma,Mallorca,,,,,U
2021-M04,2021,4,mensual,07042,Pollença,Mallorca,,,,,U
2021-M04,2021,4,mensual,07046,Sant Antoni de Portmany,Eivissa,,,,,U
2021-M04,2021,4,mensual,07048,Sant Josep de sa Talaia,Eivissa,,,,,U
2021-M04,2021,4,mensual,07051,Sant Llorenç des Cardassar,Mallorca,,,,,U
2021-M04,2021,4,mensual,07052,Sant Lluís,Menorca,,,,,U
2021-M04,2021,4,mensual,07054,Santa Eulària des Riu,Eivissa,,,,,U
2021-M04,2021,4,mensual,07057,Santanyí,Mallorca,,,,,U
2021-M04,2021,4,mensual,07062,Son Servera,Mallorca,,,,,U
2021-M05,2021,5,mensual,07003,Alcúdia,Mallorca,,,,,U
2021-M05,2021,5,mensual,07011,Calvià,Mallorca,33.52,15.44,33.58,14.92,A
2021-M05,2021,5,mensual,07015,Ciutadella de Menorca,Menorca,24.86,17.02,41.91,26.49,A
2021-M05,2021,5,mensual,07022,Felanitx,Mallorca,,,,,U
2021-M05,2021,5,mensual,07024,Formentera,Formentera,31.96,27.77,39.35,35.13,A
2021-M05,2021,5,mensual,07026,Eivissa,Eivissa,,,,,U
2021-M05,2021,5,mensual,07040,Palma,Mallorca,,,,,U
2021-M05,2021,5,mensual,07042,Pollença,Mallorca,,,,,U
2021-M05,2021,5,mensual,07046,Sant Antoni de Portmany,Eivissa,38.92,27.24,43.69,31.02,A
2021-M05,2021,5,mensual,07048,Sant Josep de sa Talaia,Eivissa,31.7,18.18,35.24,20.56,A
2021-M05,2021,5,mensual,07051,Sant Llorenç des Cardassar,Mallorca,,,,,U
2021-M05,2021,5,mensual,07052,Sant Lluís,Menorca,,,,,U
2021-M05,2021,5,mensual,07054,Santa Eulària des Riu,Eivissa,,,,,U
2021-M05,2021,5,mensual,07057,Santanyí,Mallorca,,,,,U
2021-M05,2021,5,mensual,07062,Son Servera,Mallorca,,,,,U
2021-M06,2021,6,mensual,07003,Alcúdia,Mallorca,16.15,14.24,16.79,15.13,A
2021-M06,2021,6,mensual,07011,Calvià,Mallorca,32.98,26.18,33.39,27.12,A
2021-M06,2021,6,mensual,07015,Ciutadella de Menorca,Menorca,37.94,29.25,37.9,28.79,A
2021-M06,2021,6,mensual,07022,Felanitx,Mallorca,33.69,26.93,35.49,28.46,A
2021-M06,2021,6,mensual,07024,Formentera,Formentera,61.37,48.56,68.54,55.7,A
2021-M06,2021,6,mensual,07026,Eivissa,Eivissa,42.46,34.96,42.04,36.41,A
2021-M06,2021,6,mensual,07040,Palma,Mallorca,,,,,U
2021-M06,2021,6,mensual,07042,Pollença,Mallorca,,,,,U
2021-M06,2021,6,mensual,07046,Sant Antoni de Portmany,Eivissa,56.17,45.99,55.91,47.09,A
2021-M06,2021,6,mensual,07048,Sant Josep de sa Talaia,Eivissa,41.72,23.09,43.42,24.82,A
2021-M06,2021,6,mensual,07051,Sant Llorenç des Cardassar,Mallorca,,,,,U
2021-M06,2021,6,mensual,07052,Sant Lluís,Menorca,,,,,U
2021-M06,2021,6,mensual,07054,Santa Eulària des Riu,Eivissa,27.43,16.21,29.8,17.46,A
2021-M06,2021,6,mensual,07057,Santanyí,Mallorca,33.01,39.11,32.14,38.35,A
2021-M06,2021,6,mensual,07062,Son Servera,Mallorca,,,,,U
2021-M07,2021,7,mensual,07003,Alcúdia,Mallorca,30.45,30.79,29.34,30.0,A
2021-M07,2021,7,mensual,07011,Calvià,Mallorca,52.95,47.89,51.69,47.32,A
2021-M07,2021,7,mensual,07015,Ciutadella de Menorca,Menorca,65.95,50.55,65.34,49.83,A
2021-M07,2021,7,mensual,07022,Felanitx,Mallorca,51.91,40.85,47.47,37.84,A
2021-M07,2021,7,mensual,07024,Formentera,Formentera,80.89,63.71,85.52,67.86,A
2021-M07,2021,7,mensual,07026,Eivissa,Eivissa,77.67,59.05,81.19,61.99,A
2021-M07,2021,7,mensual,07040,Palma,Mallorca,73.25,62.88,79.03,68.09,A
2021-M07,2021,7,mensual,07042,Pollença,Mallorca,44.06,39.0,42.86,37.74,A
2021-M07,2021,7,mensual,07046,Sant Antoni de Portmany,Eivissa,73.71,66.08,75.18,66.34,A
2021-M07,2021,7,mensual,07048,Sant Josep de sa Talaia,Eivissa,74.09,51.06,74.81,51.81,A
2021-M07,2021,7,mensual,07051,Sant Llorenç des Cardassar,Mallorca,,,,,U
2021-M07,2021,7,mensual,07052,Sant Lluís,Menorca,,,,,U
2021-M07,2021,7,mensual,07054,Santa Eulària des Riu,Eivissa,47.51,41.64,47.57,43.67,A
2021-M07,2021,7,mensual,07057,Santanyí,Mallorca,45.16,52.29,45.32,52.93,A
2021-M07,2021,7,mensual,07062,Son Servera,Mallorca,,,,,U
2021-M08,2021,8,mensual,07003,Alcúdia,Mallorca,37.36,37.22,38.1,38.02,A
2021-M08,2021,8,mensual,07011,Calvià,Mallorca,66.11,59.13,68.71,61.01,A
2021-M08,2021,8,mensual,07015,Ciutadella de Menorca,Menorca,73.34,59.77,73.74,60.84,A
2021-M08,2021,8,mensual,07022,Felanitx,Mallorca,59.72,49.34,61.58,50.51,A
2021-M08,2021,8,mensual,07024,Formentera,Formentera,79.77,62.87,82.17,65.06,A
2021-M08,2021,8,mensual,07026,Eivissa,Eivissa,82.66,69.43,85.61,72.15,A
2021-M08,2021,8,mensual,07040,Palma,Mallorca,82.26,64.46,85.76,66.71,A
2021-M08,2021,8,mensual,07042,Pollença,Mallorca,57.7,60.97,61.19,63.81,A
2021-M08,2021,8,mensual,07046,Sant Antoni de Portmany,Eivissa,82.44,75.84,86.57,79.99,A
2021-M08,2021,8,mensual,07048,Sant Josep de sa Talaia,Eivissa,81.66,57.33,83.46,59.71,A
2021-M08,2021,8,mensual,07051,Sant Llorenç des Cardassar,Mallorca,,,,,U
2021-M08,2021,8,mensual,07052,Sant Lluís,Menorca,,,,,U
2021-M08,2021,8,mensual,07054,Santa Eulària des Riu,Eivissa,67.19,62.78,69.14,66.35,A
2021-M08,2021,8,mensual,07057,Santanyí,Mallorca,56.52,59.27,56.79,64.8,A
2021-M08,2021,8,mensual,07062,Son Servera,Mallorca,,,,,U
2021-M09,2021,9,mensual,07003,Alcúdia,Mallorca,43.31,36.16,48.12,40.13,A
2021-M09,2021,9,mensual,07011,Calvià,Mallorca,62.48,52.7,65.99,55.44,A
2021-M09,2021,9,mensual,07015,Ciutadella de Menorca,Menorca,54.32,37.97,58.61,41.0,A
2021-M09,2021,9,mensual,07022,Felanitx,Mallorca,46.93,31.93,48.87,33.32,A
2021-M09,2021,9,mensual,07024,Formentera,Formentera,82.11,60.09,88.38,65.68,A
2021-M09,2021,9,mensual,07026,Eivissa,Eivissa,81.22,55.69,86.1,59.29,A
2021-M09,2021,9,mensual,07040,Palma,Mallorca,68.62,48.69,69.95,50.42,A
2021-M09,2021,9,mensual,07042,Pollença,Mallorca,56.14,49.8,57.05,53.08,A
2021-M09,2021,9,mensual,07046,Sant Antoni de Portmany,Eivissa,64.18,53.48,69.22,59.25,A
2021-M09,2021,9,mensual,07048,Sant Josep de sa Talaia,Eivissa,67.52,46.25,73.77,51.04,A
2021-M09,2021,9,mensual,07051,Sant Llorenç des Cardassar,Mallorca,,,,,U
2021-M09,2021,9,mensual,07052,Sant Lluís,Menorca,,,,,U
2021-M09,2021,9,mensual,07054,Santa Eulària des Riu,Eivissa,49.03,37.95,47.59,36.41,A
2021-M09,2021,9,mensual,07057,Santanyí,Mallorca,65.44,53.74,66.89,56.09,A
2021-M09,2021,9,mensual,07062,Son Servera,Mallorca,,,,,U
2021-M10,2021,10,mensual,07003,Alcúdia,Mallorca,35.96,28.93,46.7,36.43,A
2021-M10,2021,10,mensual,07011,Calvià,Mallorca,47.95,39.93,48.51,40.64,A
2021-M10,2021,10,mensual,07015,Ciutadella de Menorca,Menorca,53.97,39.07,57.56,41.05,A
2021-M10,2021,10,mensual,07022,Felanitx,Mallorca,49.9,30.06,46.74,28.77,A
2021-M10,2021,10,mensual,07024,Formentera,Formentera,52.62,40.36,56.04,42.37,A
2021-M10,2021,10,mensual,07026,Eivissa,Eivissa,69.89,37.61,71.01,37.77,A
2021-M10,2021,10,mensual,07040,Palma,Mallorca,76.86,60.28,76.56,60.35,A
2021-M10,2021,10,mensual,07042,Pollença,Mallorca,62.12,58.26,64.53,59.71,A
2021-M10,2021,10,mensual,07046,Sant Antoni de Portmany,Eivissa,53.16,39.37,51.32,38.96,A
2021-M10,2021,10,mensual,07048,Sant Josep de sa Talaia,Eivissa,71.23,45.74,72.91,46.84,A
2021-M10,2021,10,mensual,07051,Sant Llorenç des Cardassar,Mallorca,,,,,U
2021-M10,2021,10,mensual,07052,Sant Lluís,Menorca,,,,,U
2021-M10,2021,10,mensual,07054,Santa Eulària des Riu,Eivissa,44.81,35.32,46.38,36.14,A
2021-M10,2021,10,mensual,07057,Santanyí,Mallorca,54.04,49.33,53.08,47.96,A
2021-M10,2021,10,mensual,07062,Son Servera,Mallorca,,,,,U
2021-M11,2021,11,mensual,07003,Alcúdia,Mallorca,,,,,U
2021-M11,2021,11,mensual,07011,Calvià,Mallorca,58.54,26.97,66.11,31.71,A
2021-M11,2021,11,mensual,07015,Ciutadella de Menorca,Menorca,,,,,U
2021-M11,2021,11,mensual,07022,Felanitx,Mallorca,,,,,U
2021-M11,2021,11,mensual,07024,Formentera,Formentera,,,,,U
2021-M11,2021,11,mensual,07026,Eivissa,Eivissa,,,,,U
2021-M11,2021,11,mensual,07040,Palma,Mallorca,46.75,31.15,52.29,38.1,A
2021-M11,2021,11,mensual,07042,Pollença,Mallorca,,,,,U
2021-M11,2021,11,mensual,07046,Sant Antoni de Portmany,Eivissa,,,,,U
2021-M11,2021,11,mensual,07048,Sant Josep de sa Talaia,Eivissa,,,,,U
2021-M11,2021,11,mensual,07051,Sant Llorenç des Cardassar,Mallorca,,,,,U
2021-M11,2021,11,mensual,07052,Sant Lluís,Menorca,,,,,U
2021-M11,2021,11,mensual,07054,Santa Eulària des Riu,Eivissa,,,,,U
2021-M11,2021,11,mensual,07057,Santanyí,Mallorca,,,,,U
2021-M11,2021,11,mensual,07062,Son Servera,Mallorca,,,,,U
2021-M12,2021,12,mensual,07003,Alcúdia,Mallorca,,,,,U
2021-M12,2021,12,mensual,07011,Calvià,Mallorca,43.2,39.63,46.77,43.18,A
2021-M12,2021,12,mensual,07015,Ciutadella de Menorca,Menorca,,,,,U
2021-M12,2021,12,mensual,07022,Felanitx,Mallorca,,,,,U
2021-M12,2021,12,mensual,07024,Formentera,Formentera,,,,,U
2021-M12,2021,12,mensual,07026,Eivissa,Eivissa,,,,,U
2021-M12,2021,12,mensual,07040,Palma,Mallorca,51.98,29.72,49.3,27.91,A
2021-M12,2021,12,mensual,07042,Pollença,Mallorca,,,,,U
2021-M12,2021,12,mensual,07046,Sant Antoni de Portmany,Eivissa,,,,,U
2021-M12,2021,12,mensual,07048,Sant Josep de sa Talaia,Eivissa,,,,,U
2021-M12,2021,12,mensual,07051,Sant Llorenç des Cardassar,Mallorca,,,,,U
2021-M12,2021,12,mensual,07052,Sant Lluís,Menorca,,,,,U
2021-M12,2021,12,mensual,07054,Santa Eulària des Riu,Eivissa,,,,,U
2021-M12,2021,12,mensual,07057,Santanyí,Mallorca,,,,,U
2021-M12,2021,12,mensual,07062,Son Servera,Mallorca,,,,,U
2022,2022,,anual,07003,Alcúdia,Mallorca,61.05,58.44,61.41,59.43,A
2022,2022,,anual,07011,Calvià,Mallorca,47.52,42.79,48.89,43.99,A
2022,2022,,anual,07015,Ciutadella de Menorca,Menorca,75.44,62.85,75.94,63.35,A
2022,2022,,anual,07022,Felanitx,Mallorca,,,,,U
2022,2022,,anual,07024,Formentera,Formentera,64.97,55.06,68.42,58.21,A
2022,2022,,anual,07026,Eivissa,Eivissa,78.84,63.35,82.54,66.48,A
2022,2022,,anual,07040,Palma,Mallorca,65.41,49.66,70.21,54.48,A
2022,2022,,anual,07042,Pollença,Mallorca,,,,,U
2022,2022,,anual,07046,Sant Antoni de Portmany,Eivissa,83.98,70.69,85.19,72.06,A
2022,2022,,anual,07048,Sant Josep de sa Talaia,Eivissa,81.35,61.25,83.58,64.07,A
2022,2022,,anual,07051,Sant Llorenç des Cardassar,Mallorca,,,,,U
2022,2022,,anual,07052,Sant Lluís,Menorca,,,,,U
2022,2022,,anual,07054,Santa Eulària des Riu,Eivissa,52.28,36.23,51.62,36.1,A
2022,2022,,anual,07057,Santanyí,Mallorca,75.03,67.47,76.65,68.28,A
2022,2022,,anual,07062,Son Servera,Mallorca,,,,,U
2022-M01,2022,1,mensual,07003,Alcúdia,Mallorca,,,,,U
2022-M01,2022,1,mensual,07011,Calvià,Mallorca,46.48,29.25,48.01,30.41,A
2022-M01,2022,1,mensual,07015,Ciutadella de Menorca,Menorca,,,,,U
2022-M01,2022,1,mensual,07022,Felanitx,Mallorca,,,,,U
2022-M01,2022,1,mensual,07024,Formentera,Formentera,,,,,U
2022-M01,2022,1,mensual,07026,Eivissa,Eivissa,,,,,U
2022-M01,2022,1,mensual,07040,Palma,Mallorca,30.05,17.27,33.82,20.72,A
2022-M01,2022,1,mensual,07042,Pollença,Mallorca,,,,,U
2022-M01,2022,1,mensual,07046,Sant Antoni de Portmany,Eivissa,,,,,U
2022-M01,2022,1,mensual,07048,Sant Josep de sa Talaia,Eivissa,,,,,U
2022-M01,2022,1,mensual,07051,Sant Llorenç des Cardassar,Mallorca,,,,,U
2022-M01,2022,1,mensual,07052,Sant Lluís,Menorca,,,,,U
2022-M01,2022,1,mensual,07054,Santa Eulària des Riu,Eivissa,,,,,U
2022-M01,2022,1,mensual,07057,Santanyí,Mallorca,,,,,U
2022-M01,2022,1,mensual,07062,Son Servera,Mallorca,,,,,U
2022-M02,2022,2,mensual,07003,Alcúdia,Mallorca,,,,,U
2022-M02,2022,2,mensual,07011,Calvià,Mallorca,50.88,28.84,55.0,31.68,A
2022-M02,2022,2,mensual,07015,Ciutadella de Menorca,Menorca,,,,,U
2022-M02,2022,2,mensual,07022,Felanitx,Mallorca,,,,,U
2022-M02,2022,2,mensual,07024,Formentera,Formentera,,,,,U
2022-M02,2022,2,mensual,07026,Eivissa,Eivissa,,,,,U
2022-M02,2022,2,mensual,07040,Palma,Mallorca,69.32,39.09,76.04,43.0,A
2022-M02,2022,2,mensual,07042,Pollença,Mallorca,,,,,U
2022-M02,2022,2,mensual,07046,Sant Antoni de Portmany,Eivissa,,,,,U
2022-M02,2022,2,mensual,07048,Sant Josep de sa Talaia,Eivissa,,,,,U
2022-M02,2022,2,mensual,07051,Sant Llorenç des Cardassar,Mallorca,,,,,U
2022-M02,2022,2,mensual,07052,Sant Lluís,Menorca,,,,,U
2022-M02,2022,2,mensual,07054,Santa Eulària des Riu,Eivissa,,,,,U
2022-M02,2022,2,mensual,07057,Santanyí,Mallorca,,,,,U
2022-M02,2022,2,mensual,07062,Son Servera,Mallorca,,,,,U
2022-M03,2022,3,mensual,07003,Alcúdia,Mallorca,,,,,U
2022-M03,2022,3,mensual,07011,Calvià,Mallorca,48.6,39.67,51.27,42.05,A
2022-M03,2022,3,mensual,07015,Ciutadella de Menorca,Menorca,,,,,U
2022-M03,2022,3,mensual,07022,Felanitx,Mallorca,,,,,U
2022-M03,2022,3,mensual,07024,Formentera,Formentera,,,,,U
2022-M03,2022,3,mensual,07026,Eivissa,Eivissa,,,,,U
2022-M03,2022,3,mensual,07040,Palma,Mallorca,72.46,45.36,75.88,47.39,A
2022-M03,2022,3,mensual,07042,Pollença,Mallorca,,,,,U
2022-M03,2022,3,mensual,07046,Sant Antoni de Portmany,Eivissa,,,,,U
2022-M03,2022,3,mensual,07048,Sant Josep de sa Talaia,Eivissa,,,,,U
2022-M03,2022,3,mensual,07051,Sant Llorenç des Cardassar,Mallorca,,,,,U
2022-M03,2022,3,mensual,07052,Sant Lluís,Menorca,,,,,U
2022-M03,2022,3,mensual,07054,Santa Eulària des Riu,Eivissa,,,,,U
2022-M03,2022,3,mensual,07057,Santanyí,Mallorca,,,,,U
2022-M03,2022,3,mensual,07062,Son Servera,Mallorca,,,,,U
2022-M04,2022,4,mensual,07003,Alcúdia,Mallorca,,,,,U
2022-M04,2022,4,mensual,07011,Calvià,Mallorca,30.16,23.52,30.8,24.43,A
2022-M04,2022,4,mensual,07015,Ciutadella de Menorca,Menorca,,,,,U
2022-M04,2022,4,mensual,07022,Felanitx,Mallorca,,,,,U
2022-M04,2022,4,mensual,07024,Formentera,Formentera,,,,,U
2022-M04,2022,4,mensual,07026,Eivissa,Eivissa,,,,,U
2022-M04,2022,4,mensual,07040,Palma,Mallorca,66.1,52.48,64.63,51.54,A
2022-M04,2022,4,mensual,07042,Pollença,Mallorca,,,,,U
2022-M04,2022,4,mensual,07046,Sant Antoni de Portmany,Eivissa,,,,,U
2022-M04,2022,4,mensual,07048,Sant Josep de sa Talaia,Eivissa,,,,,U
2022-M04,2022,4,mensual,07051,Sant Llorenç des Cardassar,Mallorca,,,,,U
2022-M04,2022,4,mensual,07052,Sant Lluís,Menorca,,,,,U
2022-M04,2022,4,mensual,07054,Santa Eulària des Riu,Eivissa,,,,,U
2022-M04,2022,4,mensual,07057,Santanyí,Mallorca,,,,,U
2022-M04,2022,4,mensual,07062,Son Servera,Mallorca,,,,,U
2022-M05,2022,5,mensual,07003,Alcúdia,Mallorca,46.08,41.58,48.67,44.12,A
2022-M05,2022,5,mensual,07011,Calvià,Mallorca,40.28,34.96,43.52,38.06,A
2022-M05,2022,5,mensual,07015,Ciutadella de Menorca,Menorca,45.87,36.36,50.77,39.93,A
2022-M05,2022,5,mensual,07022,Felanitx,Mallorca,,,,,U
2022-M05,2022,5,mensual,07024,Formentera,Formentera,47.23,37.49,58.02,47.43,A
2022-M05,2022,5,mensual,07026,Eivissa,Eivissa,78.05,58.62,84.81,65.06,A
2022-M05,2022,5,mensual,07040,Palma,Mallorca,73.78,59.08,89.29,74.64,A
2022-M05,2022,5,mensual,07042,Pollença,Mallorca,,,,,U
2022-M05,2022,5,mensual,07046,Sant Antoni de Portmany,Eivissa,72.07,58.67,73.84,58.92,A
2022-M05,2022,5,mensual,07048,Sant Josep de sa Talaia,Eivissa,54.97,39.33,59.95,44.56,A
2022-M05,2022,5,mensual,07051,Sant Llorenç des Cardassar,Mallorca,,,,,U
2022-M05,2022,5,mensual,07052,Sant Lluís,Menorca,,,,,U
2022-M05,2022,5,mensual,07054,Santa Eulària des Riu,Eivissa,16.62,9.65,17.71,10.63,A
2022-M05,2022,5,mensual,07057,Santanyí,Mallorca,57.28,49.89,66.56,57.91,A
2022-M05,2022,5,mensual,07062,Son Servera,Mallorca,,,,,U
2022-M06,2022,6,mensual,07003,Alcúdia,Mallorca,67.06,56.36,63.06,54.81,A
2022-M06,2022,6,mensual,07011,Calvià,Mallorca,49.29,45.75,50.87,47.03,A
2022-M06,2022,6,mensual,07015,Ciutadella de Menorca,Menorca,77.71,63.59,76.43,62.64,A
2022-M06,2022,6,mensual,07022,Felanitx,Mallorca,,,,,U
2022-M06,2022,6,mensual,07024,Formentera,Formentera,69.54,58.38,72.02,61.3,A
2022-M06,2022,6,mensual,07026,Eivissa,Eivissa,81.92,60.42,87.04,65.4,A
2022-M06,2022,6,mensual,07040,Palma,Mallorca,82.9,71.44,90.58,78.0,A
2022-M06,2022,6,mensual,07042,Pollença,Mallorca,,,,,U
2022-M06,2022,6,mensual,07046,Sant Antoni de Portmany,Eivissa,94.58,76.51,96.33,77.29,A
2022-M06,2022,6,mensual,07048,Sant Josep de sa Talaia,Eivissa,81.94,54.7,84.43,59.27,A
2022-M06,2022,6,mensual,07051,Sant Llorenç des Cardassar,Mallorca,,,,,U
2022-M06,2022,6,mensual,07052,Sant Lluís,Menorca,77.93,54.2,78.78,57.62,A
2022-M06,2022,6,mensual,07054,Santa Eulària des Riu,Eivissa,65.73,39.49,60.94,38.09,A
2022-M06,2022,6,mensual,07057,Santanyí,Mallorca,85.12,78.58,85.73,78.92,A
2022-M06,2022,6,mensual,07062,Son Servera,Mallorca,,,,,U
2022-M07,2022,7,mensual,07003,Alcúdia,Mallorca,81.81,87.51,82.63,87.78,A
2022-M07,2022,7,mensual,07011,Calvià,Mallorca,53.08,52.7,53.54,53.07,A
2022-M07,2022,7,mensual,07015,Ciutadella de Menorca,Menorca,85.36,74.51,85.43,74.17,A
2022-M07,2022,7,mensual,07022,Felanitx,Mallorca,,,,,U
2022-M07,2022,7,mensual,07024,Formentera,Formentera,81.76,73.28,83.25,74.34,A
2022-M07,2022,7,mensual,07026,Eivissa,Eivissa,86.96,70.38,89.14,72.19,A
2022-M07,2022,7,mensual,07040,Palma,Mallorca,,,,,U
2022-M07,2022,7,mensual,07042,Pollença,Mallorca,,,,,U
2022-M07,2022,7,mensual,07046,Sant Antoni de Portmany,Eivissa,92.26,86.22,93.6,87.95,A
2022-M07,2022,7,mensual,07048,Sant Josep de sa Talaia,Eivissa,93.4,74.48,94.39,75.98,A
2022-M07,2022,7,mensual,07051,Sant Llorenç des Cardassar,Mallorca,,,,,U
2022-M07,2022,7,mensual,07052,Sant Lluís,Menorca,85.36,69.89,87.55,71.32,A
2022-M07,2022,7,mensual,07054,Santa Eulària des Riu,Eivissa,64.45,56.15,62.65,52.63,A
2022-M07,2022,7,mensual,07057,Santanyí,Mallorca,88.85,83.1,86.43,81.21,A
2022-M07,2022,7,mensual,07062,Son Servera,Mallorca,,,,,U
2022-M08,2022,8,mensual,07003,Alcúdia,Mallorca,77.12,84.3,77.94,86.22,A
2022-M08,2022,8,mensual,07011,Calvià,Mallorca,52.19,50.08,53.02,50.44,A
2022-M08,2022,8,mensual,07015,Ciutadella de Menorca,Menorca,88.86,78.91,88.56,78.71,A
2022-M08,2022,8,mensual,07022,Felanitx,Mallorca,,,,,U
2022-M08,2022,8,mensual,07024,Formentera,Formentera,82.09,70.04,82.57,70.82,A
2022-M08,2022,8,mensual,07026,Eivissa,Eivissa,86.08,73.64,88.5,74.66,A
2022-M08,2022,8,mensual,07040,Palma,Mallorca,88.47,72.4,91.24,74.84,A
2022-M08,2022,8,mensual,07042,Pollença,Mallorca,,,,,U
2022-M08,2022,8,mensual,07046,Sant Antoni de Portmany,Eivissa,95.71,84.81,97.43,86.21,A
2022-M08,2022,8,mensual,07048,Sant Josep de sa Talaia,Eivissa,94.99,81.37,95.53,82.97,A
2022-M08,2022,8,mensual,07051,Sant Llorenç des Cardassar,Mallorca,,,,,U
2022-M08,2022,8,mensual,07052,Sant Lluís,Menorca,,,,,U
2022-M08,2022,8,mensual,07054,Santa Eulària des Riu,Eivissa,78.48,58.54,78.92,59.12,A
2022-M08,2022,8,mensual,07057,Santanyí,Mallorca,87.4,83.36,87.49,83.63,A
2022-M08,2022,8,mensual,07062,Son Servera,Mallorca,,,,,U
2022-M09,2022,9,mensual,07003,Alcúdia,Mallorca,79.28,70.47,81.67,74.15,A
2022-M09,2022,9,mensual,07011,Calvià,Mallorca,44.01,41.14,45.37,42.84,A
2022-M09,2022,9,mensual,07015,Ciutadella de Menorca,Menorca,78.41,58.14,79.09,59.43,A
2022-M09,2022,9,mensual,07022,Felanitx,Mallorca,,,,,U
2022-M09,2022,9,mensual,07024,Formentera,Formentera,73.52,58.29,78.87,63.06,A
2022-M09,2022,9,mensual,07026,Eivissa,Eivissa,90.29,74.52,92.72,76.91,A
2022-M09,2022,9,mensual,07040,Palma,Mallorca,83.52,66.22,92.42,77.55,A
2022-M09,2022,9,mensual,07042,Pollença,Mallorca,85.25,67.97,85.2,69.46,A
2022-M09,2022,9,mensual,07046,Sant Antoni de Portmany,Eivissa,87.9,69.8,88.53,70.97,A
2022-M09,2022,9,mensual,07048,Sant Josep de sa Talaia,Eivissa,81.03,63.03,84.07,65.36,A
2022-M09,2022,9,mensual,07051,Sant Llorenç des Cardassar,Mallorca,,,,,U
2022-M09,2022,9,mensual,07052,Sant Lluís,Menorca,,,,,U
2022-M09,2022,9,mensual,07054,Santa Eulària des Riu,Eivissa,52.73,38.02,53.24,39.42,A
2022-M09,2022,9,mensual,07057,Santanyí,Mallorca,83.43,72.65,83.47,73.53,A
2022-M09,2022,9,mensual,07062,Son Servera,Mallorca,,,,,U
2022-M10,2022,10,mensual,07003,Alcúdia,Mallorca,36.47,36.24,36.49,36.86,A
2022-M10,2022,10,mensual,07011,Calvià,Mallorca,72.74,58.04,72.28,57.01,A
2022-M10,2022,10,mensual,07015,Ciutadella de Menorca,Menorca,52.67,46.55,50.71,46.49,A
2022-M10,2022,10,mensual,07022,Felanitx,Mallorca,,,,,U
2022-M10,2022,10,mensual,07024,Formentera,Formentera,42.49,37.1,42.83,36.48,A
2022-M10,2022,10,mensual,07026,Eivissa,Eivissa,69.29,59.4,72.21,60.98,A
2022-M10,2022,10,mensual,07040,Palma,Mallorca,71.45,57.08,78.12,64.11,A
2022-M10,2022,10,mensual,07042,Pollença,Mallorca,69.46,55.86,67.3,54.76,A
2022-M10,2022,10,mensual,07046,Sant Antoni de Portmany,Eivissa,,,,,U
2022-M10,2022,10,mensual,07048,Sant Josep de sa Talaia,Eivissa,81.74,48.49,82.12,48.24,A
2022-M10,2022,10,mensual,07051,Sant Llorenç des Cardassar,Mallorca,,,,,U
2022-M10,2022,10,mensual,07052,Sant Lluís,Menorca,,,,,U
2022-M10,2022,10,mensual,07054,Santa Eulària des Riu,Eivissa,,,,,U
2022-M10,2022,10,mensual,07057,Santanyí,Mallorca,59.82,52.76,59.92,49.27,A
2022-M10,2022,10,mensual,07062,Son Servera,Mallorca,44.93,39.8,42.69,38.62,A
2022-M11,2022,11,mensual,07003,Alcúdia,Mallorca,,,,,U
2022-M11,2022,11,mensual,07011,Calvià,Mallorca,49.92,30.0,57.05,33.98,A
2022-M11,2022,11,mensual,07015,Ciutadella de Menorca,Menorca,,,,,U
2022-M11,2022,11,mensual,07022,Felanitx,Mallorca,,,,,U
2022-M11,2022,11,mensual,07024,Formentera,Formentera,,,,,U
2022-M11,2022,11,mensual,07026,Eivissa,Eivissa,,,,,U
2022-M11,2022,11,mensual,07040,Palma,Mallorca,52.77,30.19,56.54,33.66,A
2022-M11,2022,11,mensual,07042,Pollença,Mallorca,,,,,U
2022-M11,2022,11,mensual,07046,Sant Antoni de Portmany,Eivissa,,,,,U
2022-M11,2022,11,mensual,07048,Sant Josep de sa Talaia,Eivissa,,,,,U
2022-M11,2022,11,mensual,07051,Sant Llorenç des Cardassar,Mallorca,,,,,U
2022-M11,2022,11,mensual,07052,Sant Lluís,Menorca,,,,,U
2022-M11,2022,11,mensual,07054,Santa Eulària des Riu,Eivissa,,,,,U
2022-M11,2022,11,mensual,07057,Santanyí,Mallorca,,,,,U
2022-M11,2022,11,mensual,07062,Son Servera,Mallorca,,,,,U
2022-M12,2022,12,mensual,07003,Alcúdia,Mallorca,,,,,U
2022-M12,2022,12,mensual,07011,Calvià,Mallorca,39.37,24.99,39.96,25.49,A
2022-M12,2022,12,mensual,07015,Ciutadella de Menorca,Menorca,,,,,U
2022-M12,2022,12,mensual,07022,Felanitx,Mallorca,,,,,U
2022-M12,2022,12,mensual,07024,Formentera,Formentera,,,,,U
2022-M12,2022,12,mensual,07026,Eivissa,Eivissa,,,,,U
2022-M12,2022,12,mensual,07040,Palma,Mallorca,48.82,27.5,50.46,28.34,A
2022-M12,2022,12,mensual,07042,Pollença,Mallorca,,,,,U
2022-M12,2022,12,mensual,07046,Sant Antoni de Portmany,Eivissa,,,,,U
2022-M12,2022,12,mensual,07048,Sant Josep de sa Talaia,Eivissa,,,,,U
2022-M12,2022,12,mensual,07051,Sant Llorenç des Cardassar,Mallorca,,,,,U
2022-M12,2022,12,mensual,07052,Sant Lluís,Menorca,,,,,U
2022-M12,2022,12,mensual,07054,Santa Eulària des Riu,Eivissa,,,,,U
2022-M12,2022,12,mensual,07057,Santanyí,Mallorca,,,,,U
2022-M12,2022,12,mensual,07062,Son Servera,Mallorca,,,,,U
2023,2023,,anual,07003,Alcúdia,Mallorca,69.18,67.7,69.89,68.76,A
2023,2023,,anual,07011,Calvià,Mallorca,76.46,59.87,78.66,61.4,A
2023,2023,,anual,07015,Ciutadella de Menorca,Menorca,78.28,62.68,78.65,63.3,A
2023,2023,,anual,07022,Felanitx,Mallorca,,,,,U
2023,2023,,anual,07024,Formentera,Formentera,63.83,49.76,65.61,51.45,A
2023,2023,,anual,07026,Eivissa,Eivissa,81.63,65.28,86.48,68.99,A
2023,2023,,anual,07040,Palma,Mallorca,74.67,51.86,81.8,57.06,A
2023,2023,,anual,07042,Pollença,Mallorca,70.01,55.73,71.38,57.14,A
2023,2023,,anual,07046,Sant Antoni de Portmany,Eivissa,79.1,70.29,79.8,71.32,A
2023,2023,,anual,07048,Sant Josep de sa Talaia,Eivissa,68.74,52.49,70.02,53.74,A
2023,2023,,anual,07051,Sant Llorenç des Cardassar,Mallorca,74.28,59.22,73.3,58.66,A
2023,2023,,anual,07052,Sant Lluís,Menorca,75.94,59.12,76.33,59.76,A
2023,2023,,anual,07054,Santa Eulària des Riu,Eivissa,79.61,64.18,79.81,64.33,A
2023,2023,,anual,07057,Santanyí,Mallorca,80.19,63.07,79.46,62.71,A
2023,2023,,anual,07062,Son Servera,Mallorca,,,,,U
2023-M01,2023,1,mensual,07003,Alcúdia,Mallorca,,,,,U
2023-M01,2023,1,mensual,07011,Calvià,Mallorca,45.13,20.55,43.33,18.02,A
2023-M01,2023,1,mensual,07015,Ciutadella de Menorca,Menorca,,,,,U
2023-M01,2023,1,mensual,07022,Felanitx,Mallorca,,,,,U
2023-M01,2023,1,mensual,07024,Formentera,Formentera,,,,,U
2023-M01,2023,1,mensual,07026,Eivissa,Eivissa,,,,,U
2023-M01,2023,1,mensual,07040,Palma,Mallorca,42.03,24.26,45.96,27.47,A
2023-M01,2023,1,mensual,07042,Pollença,Mallorca,,,,,U
2023-M01,2023,1,mensual,07046,Sant Antoni de Portmany,Eivissa,,,,,U
2023-M01,2023,1,mensual,07048,Sant Josep de sa Talaia,Eivissa,,,,,U
2023-M01,2023,1,mensual,07051,Sant Llorenç des Cardassar,Mallorca,,,,,U
2023-M01,2023,1,mensual,07052,Sant Lluís,Menorca,,,,,U
2023-M01,2023,1,mensual,07054,Santa Eulària des Riu,Eivissa,,,,,U
2023-M01,2023,1,mensual,07057,Santanyí,Mallorca,,,,,U
2023-M01,2023,1,mensual,07062,Son Servera,Mallorca,,,,,U
2023-M02,2023,2,mensual,07003,Alcúdia,Mallorca,,,,,U
2023-M02,2023,2,mensual,07011,Calvià,Mallorca,70.99,41.22,76.38,43.22,A
2023-M02,2023,2,mensual,07015,Ciutadella de Menorca,Menorca,,,,,U
2023-M02,2023,2,mensual,07022,Felanitx,Mallorca,,,,,U
2023-M02,2023,2,mensual,07024,Formentera,Formentera,,,,,U
2023-M02,2023,2,mensual,07026,Eivissa,Eivissa,,,,,U
2023-M02,2023,2,mensual,07040,Palma,Mallorca,66.47,40.63,67.75,41.55,A
2023-M02,2023,2,mensual,07042,Pollença,Mallorca,,,,,U
2023-M02,2023,2,mensual,07046,Sant Antoni de Portmany,Eivissa,,,,,U
2023-M02,2023,2,mensual,07048,Sant Josep de sa Talaia,Eivissa,,,,,U
2023-M02,2023,2,mensual,07051,Sant Llorenç des Cardassar,Mallorca,,,,,U
2023-M02,2023,2,mensual,07052,Sant Lluís,Menorca,,,,,U
2023-M02,2023,2,mensual,07054,Santa Eulària des Riu,Eivissa,,,,,U
2023-M02,2023,2,mensual,07057,Santanyí,Mallorca,,,,,U
2023-M02,2023,2,mensual,07062,Son Servera,Mallorca,,,,,U
2023-M03,2023,3,mensual,07003,Alcúdia,Mallorca,,,,,U
2023-M03,2023,3,mensual,07011,Calvià,Mallorca,68.2,40.51,67.77,39.45,A
2023-M03,2023,3,mensual,07015,Ciutadella de Menorca,Menorca,,,,,U
2023-M03,2023,3,mensual,07022,Felanitx,Mallorca,,,,,U
2023-M03,2023,3,mensual,07024,Formentera,Formentera,,,,,U
2023-M03,2023,3,mensual,07026,Eivissa,Eivissa,,,,,U
2023-M03,2023,3,mensual,07040,Palma,Mallorca,75.74,48.41,79.16,51.4,A
2023-M03,2023,3,mensual,07042,Pollença,Mallorca,14.64,9.82,13.13,8.65,A
2023-M03,2023,3,mensual,07046,Sant Antoni de Portmany,Eivissa,,,,,U
2023-M03,2023,3,mensual,07048,Sant Josep de sa Talaia,Eivissa,,,,,U
2023-M03,2023,3,mensual,07051,Sant Llorenç des Cardassar,Mallorca,,,,,U
2023-M03,2023,3,mensual,07052,Sant Lluís,Menorca,,,,,U
2023-M03,2023,3,mensual,07054,Santa Eulària des Riu,Eivissa,,,,,U
2023-M03,2023,3,mensual,07057,Santanyí,Mallorca,,,,,U
2023-M03,2023,3,mensual,07062,Son Servera,Mallorca,,,,,U
2023-M04,2023,4,mensual,07003,Alcúdia,Mallorca,,,,,U
2023-M04,2023,4,mensual,07011,Calvià,Mallorca,40.59,35.96,43.02,36.85,A
2023-M04,2023,4,mensual,07015,Ciutadella de Menorca,Menorca,,,,,U
2023-M04,2023,4,mensual,07022,Felanitx,Mallorca,,,,,U
2023-M04,2023,4,mensual,07024,Formentera,Formentera,,,,,U
2023-M04,2023,4,mensual,07026,Eivissa,Eivissa,,,,,U
2023-M04,2023,4,mensual,07040,Palma,Mallorca,86.84,52.88,90.67,56.2,A
2023-M04,2023,4,mensual,07042,Pollença,Mallorca,,,,,U
2023-M04,2023,4,mensual,07046,Sant Antoni de Portmany,Eivissa,,,,,U
2023-M04,2023,4,mensual,07048,Sant Josep de sa Talaia,Eivissa,,,,,U
2023-M04,2023,4,mensual,07051,Sant Llorenç des Cardassar,Mallorca,,,,,U
2023-M04,2023,4,mensual,07052,Sant Lluís,Menorca,,,,,U
2023-M04,2023,4,mensual,07054,Santa Eulària des Riu,Eivissa,,,,,U
2023-M04,2023,4,mensual,07057,Santanyí,Mallorca,,,,,U
2023-M04,2023,4,mensual,07062,Son Servera,Mallorca,,,,,U
2023-M05,2023,5,mensual,07003,Alcúdia,Mallorca,58.22,52.65,59.91,54.33,A
2023-M05,2023,5,mensual,07011,Calvià,Mallorca,79.38,67.06,82.86,69.93,A
2023-M05,2023,5,mensual,07015,Ciutadella de Menorca,Menorca,57.73,43.87,60.81,46.15,A
2023-M05,2023,5,mensual,07022,Felanitx,Mallorca,,,,,U
2023-M05,2023,5,mensual,07024,Formentera,Formentera,48.04,33.79,52.11,38.1,A
2023-M05,2023,5,mensual,07026,Eivissa,Eivissa,74.77,53.27,85.11,61.95,A
2023-M05,2023,5,mensual,07040,Palma,Mallorca,74.94,50.01,83.2,56.53,A
2023-M05,2023,5,mensual,07042,Pollença,Mallorca,,,,,U
2023-M05,2023,5,mensual,07046,Sant Antoni de Portmany,Eivissa,84.4,77.62,85.91,79.47,A
2023-M05,2023,5,mensual,07048,Sant Josep de sa Talaia,Eivissa,72.63,55.02,73.94,55.48,A
2023-M05,2023,5,mensual,07051,Sant Llorenç des Cardassar,Mallorca,,,,,U
2023-M05,2023,5,mensual,07052,Sant Lluís,Menorca,62.31,51.44,65.06,53.57,A
2023-M05,2023,5,mensual,07054,Santa Eulària des Riu,Eivissa,59.39,44.16,61.63,44.85,A
2023-M05,2023,5,mensual,07057,Santanyí,Mallorca,68.28,47.35,68.07,46.49,A
2023-M05,2023,5,mensual,07062,Son Servera,Mallorca,,,,,U
2023-M06,2023,6,mensual,07003,Alcúdia,Mallorca,70.88,66.71,70.44,66.76,A
2023-M06,2023,6,mensual,07011,Calvià,Mallorca,85.68,69.84,88.59,72.03,A
2023-M06,2023,6,mensual,07015,Ciutadella de Menorca,Menorca,78.82,60.39,78.4,60.23,A
2023-M06,2023,6,mensual,07022,Felanitx,Mallorca,,,,,U
2023-M06,2023,6,mensual,07024,Formentera,Formentera,67.92,53.87,68.22,53.78,A
2023-M06,2023,6,mensual,07026,Eivissa,Eivissa,87.44,65.25,92.71,68.52,A
2023-M06,2023,6,mensual,07040,Palma,Mallorca,81.35,57.88,89.19,64.36,A
2023-M06,2023,6,mensual,07042,Pollença,Mallorca,,,,,U
2023-M06,2023,6,mensual,07046,Sant Antoni de Portmany,Eivissa,92.76,84.09,91.2,83.59,A
2023-M06,2023,6,mensual,07048,Sant Josep de sa Talaia,Eivissa,61.44,49.69,63.13,51.56,A
2023-M06,2023,6,mensual,07051,Sant Llorenç des Cardassar,Mallorca,70.4,48.59,67.21,46.57,A
2023-M06,2023,6,mensual,07052,Sant Lluís,Menorca,77.93,61.46,77.88,61.47,A
2023-M06,2023,6,mensual,07054,Santa Eulària des Riu,Eivissa,84.82,68.64,82.55,66.36,A
2023-M06,2023,6,mensual,07057,Santanyí,Mallorca,83.38,64.2,80.74,61.55,A
2023-M06,2023,6,mensual,07062,Son Servera,Mallorca,,,,,U
2023-M07,2023,7,mensual,07003,Alcúdia,Mallorca,87.57,89.81,87.76,89.22,A
2023-M07,2023,7,mensual,07011,Calvià,Mallorca,90.23,78.07,91.51,78.98,A
2023-M07,2023,7,mensual,07015,Ciutadella de Menorca,Menorca,88.7,75.04,88.87,75.56,A
2023-M07,2023,7,mensual,07022,Felanitx,Mallorca,,,,,U
2023-M07,2023,7,mensual,07024,Formentera,Formentera,74.58,62.85,74.77,63.58,A
2023-M07,2023,7,mensual,07026,Eivissa,Eivissa,92.08,76.94,96.11,80.99,A
2023-M07,2023,7,mensual,07040,Palma,Mallorca,87.21,67.62,93.61,71.36,A
2023-M07,2023,7,mensual,07042,Pollença,Mallorca,90.3,83.31,92.58,82.79,A
2023-M07,2023,7,mensual,07046,Sant Antoni de Portmany,Eivissa,95.36,88.99,96.48,90.72,A
2023-M07,2023,7,mensual,07048,Sant Josep de sa Talaia,Eivissa,83.28,65.79,85.5,68.45,A
2023-M07,2023,7,mensual,07051,Sant Llorenç des Cardassar,Mallorca,87.51,71.68,89.85,73.74,A
2023-M07,2023,7,mensual,07052,Sant Lluís,Menorca,81.5,69.96,82.23,71.28,A
2023-M07,2023,7,mensual,07054,Santa Eulària des Riu,Eivissa,89.12,74.28,90.07,74.87,A
2023-M07,2023,7,mensual,07057,Santanyí,Mallorca,89.96,72.17,89.02,71.46,A
2023-M07,2023,7,mensual,07062,Son Servera,Mallorca,,,,,U
2023-M08,2023,8,mensual,07003,Alcúdia,Mallorca,82.91,80.98,81.76,81.53,A
2023-M08,2023,8,mensual,07011,Calvià,Mallorca,93.22,82.72,95.64,85.02,A
2023-M08,2023,8,mensual,07015,Ciutadella de Menorca,Menorca,88.9,77.51,90.12,78.73,A
2023-M08,2023,8,mensual,07022,Felanitx,Mallorca,,,,,U
2023-M08,2023,8,mensual,07024,Formentera,Formentera,79.28,65.92,82.15,67.15,A
2023-M08,2023,8,mensual,07026,Eivissa,Eivissa,91.45,81.13,96.81,84.94,A
2023-M08,2023,8,mensual,07040,Palma,Mallorca,84.45,61.89,91.51,66.06,A
2023-M08,2023,8,mensual,07042,Pollença,Mallorca,88.98,80.71,89.12,82.15,A
2023-M08,2023,8,mensual,07046,Sant Antoni de Portmany,Eivissa,95.86,88.52,98.04,90.12,A
2023-M08,2023,8,mensual,07048,Sant Josep de sa Talaia,Eivissa,71.97,59.85,73.26,61.08,A
2023-M08,2023,8,mensual,07051,Sant Llorenç des Cardassar,Mallorca,91.42,73.63,92.5,74.78,A
2023-M08,2023,8,mensual,07052,Sant Lluís,Menorca,84.54,68.26,87.41,70.19,A
2023-M08,2023,8,mensual,07054,Santa Eulària des Riu,Eivissa,91.55,79.43,91.36,79.89,A
2023-M08,2023,8,mensual,07057,Santanyí,Mallorca,88.43,79.36,89.05,80.98,A
2023-M08,2023,8,mensual,07062,Son Servera,Mallorca,,,,,U
2023-M09,2023,9,mensual,07003,Alcúdia,Mallorca,74.65,72.21,75.79,74.31,A
2023-M09,2023,9,mensual,07011,Calvià,Mallorca,90.35,72.52,91.23,73.47,A
2023-M09,2023,9,mensual,07015,Ciutadella de Menorca,Menorca,82.3,60.9,81.02,60.59,A
2023-M09,2023,9,mensual,07022,Felanitx,Mallorca,,,,,U
2023-M09,2023,9,mensual,07024,Formentera,Formentera,59.89,42.98,61.94,45.69,A
2023-M09,2023,9,mensual,07026,Eivissa,Eivissa,90.61,73.58,93.31,75.58,A
2023-M09,2023,9,mensual,07040,Palma,Mallorca,78.19,53.65,87.64,60.26,A
2023-M09,2023,9,mensual,07042,Pollença,Mallorca,91.33,69.65,92.46,73.16,A
2023-M09,2023,9,mensual,07046,Sant Antoni de Portmany,Eivissa,73.5,65.1,74.83,66.5,A
2023-M09,2023,9,mensual,07048,Sant Josep de sa Talaia,Eivissa,89.77,68.23,89.51,67.85,A
2023-M09,2023,9,mensual,07051,Sant Llorenç des Cardassar,Mallorca,85.44,65.97,82.31,63.53,A
2023-M09,2023,9,mensual,07052,Sant Lluís,Menorca,75.23,50.73,70.84,48.44,A
2023-M09,2023,9,mensual,07054,Santa Eulària des Riu,Eivissa,79.57,63.66,78.53,62.58,A
2023-M09,2023,9,mensual,07057,Santanyí,Mallorca,84.45,61.26,82.4,60.58,A
2023-M09,2023,9,mensual,07062,Son Servera,Mallorca,,,,,U
2023-M10,2023,10,mensual,07003,Alcúdia,Mallorca,54.9,54.38,55.04,55.09,A
2023-M10,2023,10,mensual,07011,Calvià,Mallorca,58.82,36.3,60.1,37.04,A
2023-M10,2023,10,mensual,07015,Ciutadella de Menorca,Menorca,52.97,41.57,52.21,41.62,A
2023-M10,2023,10,mensual,07022,Felanitx,Mallorca,,,,,U
2023-M10,2023,10,mensual,07024,Formentera,Formentera,73.63,50.54,74.88,51.9,A
2023-M10,2023,10,mensual,07026,Eivissa,Eivissa,65.44,49.49,67.53,50.13,A
2023-M10,2023,10,mensual,07040,Palma,Mallorca,60.13,40.54,70.59,47.98,A
2023-M10,2023,10,mensual,07042,Pollença,Mallorca,44.85,30.06,48.97,34.26,A
2023-M10,2023,10,mensual,07046,Sant Antoni de Portmany,Eivissa,62.12,51.78,61.82,52.3,A
2023-M10,2023,10,mensual,07048,Sant Josep de sa Talaia,Eivissa,55.79,32.26,56.43,33.16,A
2023-M10,2023,10,mensual,07051,Sant Llorenç des Cardassar,Mallorca,45.6,41.46,43.16,39.78,A
2023-M10,2023,10,mensual,07052,Sant Lluís,Menorca,,,,,U
2023-M10,2023,10,mensual,07054,Santa Eulària des Riu,Eivissa,71.52,54.2,74.81,58.37,A
2023-M10,2023,10,mensual,07057,Santanyí,Mallorca,73.9,59.23,74.6,60.34,A
2023-M10,2023,10,mensual,07062,Son Servera,Mallorca,,,,,U
2023-M11,2023,11,mensual,07003,Alcúdia,Mallorca,,,,,U
2023-M11,2023,11,mensual,07011,Calvià,Mallorca,47.25,20.4,52.02,22.89,A
2023-M11,2023,11,mensual,07015,Ciutadella de Menorca,Menorca,,,,,U
2023-M11,2023,11,mensual,07022,Felanitx,Mallorca,,,,,U
2023-M11,2023,11,mensual,07024,Formentera,Formentera,,,,,U
2023-M11,2023,11,mensual,07026,Eivissa,Eivissa,,,,,U
2023-M11,2023,11,mensual,07040,Palma,Mallorca,42.86,28.56,48.66,33.67,A
2023-M11,2023,11,mensual,07042,Pollença,Mallorca,,,,,U
2023-M11,2023,11,mensual,07046,Sant Antoni de Portmany,Eivissa,,,,,U
2023-M11,2023,11,mensual,07048,Sant Josep de sa Talaia,Eivissa,,,,,U
2023-M11,2023,11,mensual,07051,Sant Llorenç des Cardassar,Mallorca,,,,,U
2023-M11,2023,11,mensual,07052,Sant Lluís,Menorca,,,,,U
2023-M11,2023,11,mensual,07054,Santa Eulària des Riu,Eivissa,,,,,U
2023-M11,2023,11,mensual,07057,Santanyí,Mallorca,,,,,U
2023-M11,2023,11,mensual,07062,Son Servera,Mallorca,,,,,U
2023-M12,2023,12,mensual,07003,Alcúdia,Mallorca,,,,,U
2023-M12,2023,12,mensual,07011,Calvià,Mallorca,48.96,24.8,57.96,30.5,A
2023-M12,2023,12,mensual,07015,Ciutadella de Menorca,Menorca,,,,,U
2023-M12,2023,12,mensual,07022,Felanitx,Mallorca,,,,,U
2023-M12,2023,12,mensual,07024,Formentera,Formentera,,,,,U
2023-M12,2023,12,mensual,07026,Eivissa,Eivissa,,,,,U
2023-M12,2023,12,mensual,07040,Palma,Mallorca,52.43,33.92,57.14,37.4,A
2023-M12,2023,12,mensual,07042,Pollença,Mallorca,,,,,U
2023-M12,2023,12,mensual,07046,Sant Antoni de Portmany,Eivissa,,,,,U
2023-M12,2023,12,mensual,07048,Sant Josep de sa Talaia,Eivissa,,,,,U
2023-M12,2023,12,mensual,07051,Sant Llorenç des Cardassar,Mallorca,,,,,U
2023-M12,2023,12,mensual,07052,Sant Lluís,Menorca,,,,,U
2023-M12,2023,12,mensual,07054,Santa Eulària des Riu,Eivissa,,,,,U
2023-M12,2023,12,mensual,07057,Santanyí,Mallorca,,,,,U
2023-M12,2023,12,mensual,07062,Son Servera,Mallorca,,,,,U
2024,2024,,anual,07003,Alcúdia,Mallorca,65.98,62.79,68.0,63.78,A
2024,2024,,anual,07011,Calvià,Mallorca,79.49,60.72,81.31,62.4,A
2024,2024,,anual,07015,Ciutadella de Menorca,Menorca,78.09,55.05,78.55,55.82,A
2024,2024,,anual,07022,Felanitx,Mallorca,80.72,47.86,82.2,49.71,A
2024,2024,,anual,07024,Formentera,Formentera,74.35,56.08,77.12,58.99,A
2024,2024,,anual,07026,Eivissa,Eivissa,77.38,61.27,82.55,65.87,A
2024,2024,,anual,07040,Palma,Mallorca,56.52,38.39,61.74,41.82,A
2024,2024,,anual,07042,Pollença,Mallorca,71.5,59.36,73.77,61.07,A
2024,2024,,anual,07046,Sant Antoni de Portmany,Eivissa,76.26,62.97,79.04,66.06,A
2024,2024,,anual,07048,Sant Josep de sa Talaia,Eivissa,78.82,58.59,80.69,60.85,A
2024,2024,,anual,07051,Sant Llorenç des Cardassar,Mallorca,76.2,64.82,77.05,64.96,A
2024,2024,,anual,07052,Sant Lluís,Menorca,,,,,U
2024,2024,,anual,07054,Santa Eulària des Riu,Eivissa,74.09,67.83,72.38,65.98,A
2024,2024,,anual,07057,Santanyí,Mallorca,76.18,63.13,77.39,63.87,A
2024,2024,,anual,07062,Son Servera,Mallorca,,,,,U
2024-M01,2024,1,mensual,07003,Alcúdia,Mallorca,,,,,U
2024-M01,2024,1,mensual,07011,Calvià,Mallorca,50.12,22.21,48.4,22.11,A
2024-M01,2024,1,mensual,07015,Ciutadella de Menorca,Menorca,,,,,U
2024-M01,2024,1,mensual,07022,Felanitx,Mallorca,,,,,U
2024-M01,2024,1,mensual,07024,Formentera,Formentera,,,,,U
2024-M01,2024,1,mensual,07026,Eivissa,Eivissa,,,,,U
2024-M01,2024,1,mensual,07040,Palma,Mallorca,54.55,36.1,63.18,39.52,A
2024-M01,2024,1,mensual,07042,Pollença,Mallorca,,,,,U
2024-M01,2024,1,mensual,07046,Sant Antoni de Portmany,Eivissa,,,,,U
2024-M01,2024,1,mensual,07048,Sant Josep de sa Talaia,Eivissa,,,,,U
2024-M01,2024,1,mensual,07051,Sant Llorenç des Cardassar,Mallorca,,,,,U
2024-M01,2024,1,mensual,07052,Sant Lluís,Menorca,,,,,U
2024-M01,2024,1,mensual,07054,Santa Eulària des Riu,Eivissa,,,,,U
2024-M01,2024,1,mensual,07057,Santanyí,Mallorca,,,,,U
2024-M01,2024,1,mensual,07062,Son Servera,Mallorca,,,,,U
2024-M02,2024,2,mensual,07003,Alcúdia,Mallorca,,,,,U
2024-M02,2024,2,mensual,07011,Calvià,Mallorca,56.97,25.58,61.08,27.53,A
2024-M02,2024,2,mensual,07015,Ciutadella de Menorca,Menorca,,,,,U
2024-M02,2024,2,mensual,07022,Felanitx,Mallorca,,,,,U
2024-M02,2024,2,mensual,07024,Formentera,Formentera,,,,,U
2024-M02,2024,2,mensual,07026,Eivissa,Eivissa,,,,,U
2024-M02,2024,2,mensual,07040,Palma,Mallorca,64.36,43.62,70.08,47.05,A
2024-M02,2024,2,mensual,07042,Pollença,Mallorca,,,,,U
2024-M02,2024,2,mensual,07046,Sant Antoni de Portmany,Eivissa,,,,,U
2024-M02,2024,2,mensual,07048,Sant Josep de sa Talaia,Eivissa,,,,,U
2024-M02,2024,2,mensual,07051,Sant Llorenç des Cardassar,Mallorca,,,,,U
2024-M02,2024,2,mensual,07052,Sant Lluís,Menorca,,,,,U
2024-M02,2024,2,mensual,07054,Santa Eulària des Riu,Eivissa,,,,,U
2024-M02,2024,2,mensual,07057,Santanyí,Mallorca,,,,,U
2024-M02,2024,2,mensual,07062,Son Servera,Mallorca,,,,,U
2024-M03,2024,3,mensual,07003,Alcúdia,Mallorca,,,,,U
2024-M03,2024,3,mensual,07011,Calvià,Mallorca,65.12,38.07,68.25,40.8,A
2024-M03,2024,3,mensual,07015,Ciutadella de Menorca,Menorca,,,,,U
2024-M03,2024,3,mensual,07022,Felanitx,Mallorca,,,,,U
2024-M03,2024,3,mensual,07024,Formentera,Formentera,,,,,U
2024-M03,2024,3,mensual,07026,Eivissa,Eivissa,,,,,U
2024-M03,2024,3,mensual,07040,Palma,Mallorca,,,,,U
2024-M03,2024,3,mensual,07042,Pollença,Mallorca,,,,,U
2024-M03,2024,3,mensual,07046,Sant Antoni de Portmany,Eivissa,,,,,U
2024-M03,2024,3,mensual,07048,Sant Josep de sa Talaia,Eivissa,,,,,U
2024-M03,2024,3,mensual,07051,Sant Llorenç des Cardassar,Mallorca,,,,,U
2024-M03,2024,3,mensual,07052,Sant Lluís,Menorca,,,,,U
2024-M03,2024,3,mensual,07054,Santa Eulària des Riu,Eivissa,,,,,U
2024-M03,2024,3,mensual,07057,Santanyí,Mallorca,,,,,U
2024-M03,2024,3,mensual,07062,Son Servera,Mallorca,,,,,U
2024-M04,2024,4,mensual,07003,Alcúdia,Mallorca,,,,,U
2024-M04,2024,4,mensual,07011,Calvià,Mallorca,78.83,51.21,84.06,54.86,A
2024-M04,2024,4,mensual,07015,Ciutadella de Menorca,Menorca,,,,,U
2024-M04,2024,4,mensual,07022,Felanitx,Mallorca,,,,,U
2024-M04,2024,4,mensual,07024,Formentera,Formentera,,,,,U
2024-M04,2024,4,mensual,07026,Eivissa,Eivissa,,,,,U
2024-M04,2024,4,mensual,07040,Palma,Mallorca,,,,,U
2024-M04,2024,4,mensual,07042,Pollença,Mallorca,,,,,U
2024-M04,2024,4,mensual,07046,Sant Antoni de Portmany,Eivissa,,,,,U
2024-M04,2024,4,mensual,07048,Sant Josep de sa Talaia,Eivissa,,,,,U
2024-M04,2024,4,mensual,07051,Sant Llorenç des Cardassar,Mallorca,,,,,U
2024-M04,2024,4,mensual,07052,Sant Lluís,Menorca,,,,,U
2024-M04,2024,4,mensual,07054,Santa Eulària des Riu,Eivissa,,,,,U
2024-M04,2024,4,mensual,07057,Santanyí,Mallorca,52.92,42.14,55.47,44.91,A
2024-M04,2024,4,mensual,07062,Son Servera,Mallorca,,,,,U
2024-M05,2024,5,mensual,07003,Alcúdia,Mallorca,63.8,54.54,64.11,54.16,A
2024-M05,2024,5,mensual,07011,Calvià,Mallorca,60.16,50.93,61.49,52.76,A
2024-M05,2024,5,mensual,07015,Ciutadella de Menorca,Menorca,55.84,20.36,56.75,20.92,A
2024-M05,2024,5,mensual,07022,Felanitx,Mallorca,,,,,U
2024-M05,2024,5,mensual,07024,Formentera,Formentera,71.45,48.9,79.33,56.45,A
2024-M05,2024,5,mensual,07026,Eivissa,Eivissa,66.08,45.94,72.1,51.15,A
2024-M05,2024,5,mensual,07040,Palma,Mallorca,73.42,53.36,80.11,56.99,A
2024-M05,2024,5,mensual,07042,Pollença,Mallorca,75.56,54.5,76.49,55.39,A
2024-M05,2024,5,mensual,07046,Sant Antoni de Portmany,Eivissa,79.6,71.77,85.01,77.91,A
2024-M05,2024,5,mensual,07048,Sant Josep de sa Talaia,Eivissa,72.08,46.34,74.36,48.89,A
2024-M05,2024,5,mensual,07051,Sant Llorenç des Cardassar,Mallorca,75.79,65.34,75.09,64.5,A
2024-M05,2024,5,mensual,07052,Sant Lluís,Menorca,,,,,U
2024-M05,2024,5,mensual,07054,Santa Eulària des Riu,Eivissa,73.44,67.9,70.72,63.52,A
2024-M05,2024,5,mensual,07057,Santanyí,Mallorca,74.72,57.36,74.13,55.82,A
2024-M05,2024,5,mensual,07062,Son Servera,Mallorca,,,,,U
2024-M06,2024,6,mensual,07003,Alcúdia,Mallorca,77.24,66.35,77.29,64.1,A
2024-M06,2024,6,mensual,07011,Calvià,Mallorca,87.61,69.83,89.85,72.49,A
2024-M06,2024,6,mensual,07015,Ciutadella de Menorca,Menorca,83.91,66.62,84.07,67.97,A
2024-M06,2024,6,mensual,07022,Felanitx,Mallorca,,,,,U
2024-M06,2024,6,mensual,07024,Formentera,Formentera,79.64,55.89,80.74,57.92,A
2024-M06,2024,6,mensual,07026,Eivissa,Eivissa,79.6,63.48,82.77,66.87,A
2024-M06,2024,6,mensual,07040,Palma,Mallorca,76.1,53.35,87.82,63.33,A
2024-M06,2024,6,mensual,07042,Pollença,Mallorca,84.95,69.7,83.59,69.89,A
2024-M06,2024,6,mensual,07046,Sant Antoni de Portmany,Eivissa,92.68,85.09,94.86,86.95,A
2024-M06,2024,6,mensual,07048,Sant Josep de sa Talaia,Eivissa,81.77,64.03,85.25,66.6,A
2024-M06,2024,6,mensual,07051,Sant Llorenç des Cardassar,Mallorca,70.96,61.73,72.64,62.03,A
2024-M06,2024,6,mensual,07052,Sant Lluís,Menorca,,,,,U
2024-M06,2024,6,mensual,07054,Santa Eulària des Riu,Eivissa,77.36,71.08,74.61,67.58,A
2024-M06,2024,6,mensual,07057,Santanyí,Mallorca,85.19,68.67,85.16,69.29,A
2024-M06,2024,6,mensual,07062,Son Servera,Mallorca,,,,,U
2024-M07,2024,7,mensual,07003,Alcúdia,Mallorca,89.41,91.53,89.43,91.79,A
2024-M07,2024,7,mensual,07011,Calvià,Mallorca,89.8,73.0,90.74,73.28,A
2024-M07,2024,7,mensual,07015,Ciutadella de Menorca,Menorca,85.62,75.05,86.09,75.84,A
2024-M07,2024,7,mensual,07022,Felanitx,Mallorca,92.68,31.54,92.07,31.09,A
2024-M07,2024,7,mensual,07024,Formentera,Formentera,85.49,66.29,89.17,70.71,A
2024-M07,2024,7,mensual,07026,Eivissa,Eivissa,80.74,68.99,84.78,73.02,A
2024-M07,2024,7,mensual,07040,Palma,Mallorca,91.95,71.44,94.68,75.41,A
2024-M07,2024,7,mensual,07042,Pollença,Mallorca,81.35,70.0,84.8,73.56,A
2024-M07,2024,7,mensual,07046,Sant Antoni de Portmany,Eivissa,88.22,69.61,92.54,75.97,A
2024-M07,2024,7,mensual,07048,Sant Josep de sa Talaia,Eivissa,86.63,67.29,89.41,69.57,A
2024-M07,2024,7,mensual,07051,Sant Llorenç des Cardassar,Mallorca,87.74,68.34,88.25,68.67,A
2024-M07,2024,7,mensual,07052,Sant Lluís,Menorca,,,,,U
2024-M07,2024,7,mensual,07054,Santa Eulària des Riu,Eivissa,84.05,80.55,86.08,83.41,A
2024-M07,2024,7,mensual,07057,Santanyí,Mallorca,90.73,77.79,90.49,76.87,A
2024-M07,2024,7,mensual,07062,Son Servera,Mallorca,,,,,U
2024-M08,2024,8,mensual,07003,Alcúdia,Mallorca,85.14,89.51,84.73,88.05,A
2024-M08,2024,8,mensual,07011,Calvià,Mallorca,91.79,75.69,92.17,75.83,A
2024-M08,2024,8,mensual,07015,Ciutadella de Menorca,Menorca,90.85,81.39,89.54,80.08,A
2024-M08,2024,8,mensual,07022,Felanitx,Mallorca,93.95,62.65,94.07,63.24,A
2024-M08,2024,8,mensual,07024,Formentera,Formentera,90.31,76.65,90.35,76.34,A
2024-M08,2024,8,mensual,07026,Eivissa,Eivissa,87.27,70.83,91.54,74.64,A
2024-M08,2024,8,mensual,07040,Palma,Mallorca,81.89,60.5,83.87,61.27,A
2024-M08,2024,8,mensual,07042,Pollença,Mallorca,87.45,76.3,84.04,70.99,A
2024-M08,2024,8,mensual,07046,Sant Antoni de Portmany,Eivissa,94.3,80.97,95.98,82.8,A
2024-M08,2024,8,mensual,07048,Sant Josep de sa Talaia,Eivissa,92.94,70.52,93.41,70.08,A
2024-M08,2024,8,mensual,07051,Sant Llorenç des Cardassar,Mallorca,92.61,76.3,90.63,75.12,A
2024-M08,2024,8,mensual,07052,Sant Lluís,Menorca,,,,,U
2024-M08,2024,8,mensual,07054,Santa Eulària des Riu,Eivissa,87.63,81.52,81.6,76.45,A
2024-M08,2024,8,mensual,07057,Santanyí,Mallorca,91.8,80.17,91.09,78.56,A
2024-M08,2024,8,mensual,07062,Son Servera,Mallorca,,,,,U
2024-M09,2024,9,mensual,07003,Alcúdia,Mallorca,74.26,70.58,74.32,66.95,A
2024-M09,2024,9,mensual,07011,Calvià,Mallorca,91.0,65.53,92.67,67.04,A
2024-M09,2024,9,mensual,07015,Ciutadella de Menorca,Menorca,81.29,62.61,81.11,63.09,A
2024-M09,2024,9,mensual,07022,Felanitx,Mallorca,91.75,61.46,91.4,61.78,A
2024-M09,2024,9,mensual,07024,Formentera,Formentera,81.49,59.06,82.7,59.87,A
2024-M09,2024,9,mensual,07026,Eivissa,Eivissa,85.74,67.12,90.64,71.58,A
2024-M09,2024,9,mensual,07040,Palma,Mallorca,75.76,59.52,83.22,65.31,A
2024-M09,2024,9,mensual,07042,Pollença,Mallorca,84.12,80.75,92.37,88.25,A
2024-M09,2024,9,mensual,07046,Sant Antoni de Portmany,Eivissa,87.96,70.58,90.41,72.62,A
2024-M09,2024,9,mensual,07048,Sant Josep de sa Talaia,Eivissa,85.53,61.08,87.67,63.61,A
2024-M09,2024,9,mensual,07051,Sant Llorenç des Cardassar,Mallorca,88.93,77.88,89.86,76.87,A
2024-M09,2024,9,mensual,07052,Sant Lluís,Menorca,,,,,U
2024-M09,2024,9,mensual,07054,Santa Eulària des Riu,Eivissa,73.15,65.78,70.28,62.83,A
2024-M09,2024,9,mensual,07057,Santanyí,Mallorca,85.42,68.07,85.13,66.59,A
2024-M09,2024,9,mensual,07062,Son Servera,Mallorca,,,,,U
2024-M10,2024,10,mensual,07003,Alcúdia,Mallorca,51.2,53.94,56.7,58.92,A
2024-M10,2024,10,mensual,07011,Calvià,Mallorca,80.06,57.87,82.69,60.02,A
2024-M10,2024,10,mensual,07015,Ciutadella de Menorca,Menorca,43.53,39.76,50.2,46.44,A
2024-M10,2024,10,mensual,07022,Felanitx,Mallorca,82.81,46.16,88.76,51.23,A
2024-M10,2024,10,mensual,07024,Formentera,Formentera,59.25,42.24,63.14,46.5,A
2024-M10,2024,10,mensual,07026,Eivissa,Eivissa,64.52,51.81,75.2,60.07,A
2024-M10,2024,10,mensual,07040,Palma,Mallorca,68.05,48.73,77.63,54.82,A
2024-M10,2024,10,mensual,07042,Pollença,Mallorca,69.24,57.66,77.11,63.25,A
2024-M10,2024,10,mensual,07046,Sant Antoni de Portmany,Eivissa,43.24,28.93,46.51,31.67,A
2024-M10,2024,10,mensual,07048,Sant Josep de sa Talaia,Eivissa,74.44,54.22,71.52,57.94,A
2024-M10,2024,10,mensual,07051,Sant Llorenç des Cardassar,Mallorca,44.2,40.47,49.71,44.68,A
2024-M10,2024,10,mensual,07052,Sant Lluís,Menorca,,,,,U
2024-M10,2024,10,mensual,07054,Santa Eulària des Riu,Eivissa,51.61,47.22,57.32,52.45,A
2024-M10,2024,10,mensual,07057,Santanyí,Mallorca,68.93,58.35,75.42,64.75,A
2024-M10,2024,10,mensual,07062,Son Servera,Mallorca,,,,,U
2024-M11,2024,11,mensual,07003,Alcúdia,Mallorca,,,,,U
2024-M11,2024,11,mensual,07011,Calvià,Mallorca,51.52,39.1,53.95,40.69,A
2024-M11,2024,11,mensual,07015,Ciutadella de Menorca,Menorca,,,,,U
2024-M11,2024,11,mensual,07022,Felanitx,Mallorca,,,,,U
2024-M11,2024,11,mensual,07024,Formentera,Formentera,,,,,U
2024-M11,2024,11,mensual,07026,Eivissa,Eivissa,,,,,U
2024-M11,2024,11,mensual,07040,Palma,Mallorca,49.91,31.77,55.79,35.94,A
2024-M11,2024,11,mensual,07042,Pollença,Mallorca,,,,,U
2024-M11,2024,11,mensual,07046,Sant Antoni de Portmany,Eivissa,,,,,U
2024-M11,2024,11,mensual,07048,Sant Josep de sa Talaia,Eivissa,,,,,U
2024-M11,2024,11,mensual,07051,Sant Llorenç des Cardassar,Mallorca,,,,,U
2024-M11,2024,11,mensual,07052,Sant Lluís,Menorca,,,,,U
2024-M11,2024,11,mensual,07054,Santa Eulària des Riu,Eivissa,,,,,U
2024-M11,2024,11,mensual,07057,Santanyí,Mallorca,,,,,U
2024-M11,2024,11,mensual,07062,Son Servera,Mallorca,,,,,U
2024-M12,2024,12,mensual,07003,Alcúdia,Mallorca,,,,,U
2024-M12,2024,12,mensual,07011,Calvià,Mallorca,39.73,30.01,44.7,35.33,A
2024-M12,2024,12,mensual,07015,Ciutadella de Menorca,Menorca,,,,,U
2024-M12,2024,12,mensual,07022,Felanitx,Mallorca,,,,,U
2024-M12,2024,12,mensual,07024,Formentera,Formentera,,,,,U
2024-M12,2024,12,mensual,07026,Eivissa,Eivissa,,,,,U
2024-M12,2024,12,mensual,07040,Palma,Mallorca,66.01,39.69,70.29,41.39,A
2024-M12,2024,12,mensual,07042,Pollença,Mallorca,,,,,U
2024-M12,2024,12,mensual,07046,Sant Antoni de Portmany,Eivissa,,,,,U
2024-M12,2024,12,mensual,07048,Sant Josep de sa Talaia,Eivissa,,,,,U
2024-M12,2024,12,mensual,07051,Sant Llorenç des Cardassar,Mallorca,,,,,U
2024-M12,2024,12,mensual,07052,Sant Lluís,Menorca,,,,,U
2024-M12,2024,12,mensual,07054,Santa Eulària des Riu,Eivissa,,,,,U
2024-M12,2024,12,mensual,07057,Santanyí,Mallorca,,,,,U
2024-M12,2024,12,mensual,07062,Son Servera,Mallorca,,,,,U
2025,2025,,anual,07003,Alcúdia,Mallorca,64.08,57.69,66.2,59.25,P
2025,2025,,anual,07011,Calvià,Mallorca,75.05,61.87,76.93,63.73,P
2025,2025,,anual,07015,Ciutadella de Menorca,Menorca,65.5,54.64,65.55,54.47,P
2025,2025,,anual,07022,Felanitx,Mallorca,,,,,U
2025,2025,,anual,07024,Formentera,Formentera,61.24,45.49,65.19,49.74,P
2025,2025,,anual,07026,Eivissa,Eivissa,43.85,36.25,46.93,38.57,P
2025,2025,,anual,07040,Palma,Mallorca,71.27,46.75,76.11,51.09,P
2025,2025,,anual,07042,Pollença,Mallorca,,,,,U
2025,2025,,anual,07046,Sant Antoni de Portmany,Eivissa,42.84,26.59,42.95,26.74,P
2025,2025,,anual,07048,Sant Josep de sa Talaia,Eivissa,58.31,45.21,60.64,47.18,P
2025,2025,,anual,07051,Sant Llorenç des Cardassar,Mallorca,63.26,53.14,62.59,52.09,P
2025,2025,,anual,07052,Sant Lluís,Menorca,57.51,34.99,57.71,35.43,P
2025,2025,,anual,07054,Santa Eulària des Riu,Eivissa,51.84,41.21,52.31,41.63,P
2025,2025,,anual,07057,Santanyí,Mallorca,66.62,48.3,67.27,48.38,P
2025,2025,,anual,07062,Son Servera,Mallorca,60.46,44.18,60.76,43.78,P
2025-M01,2025,1,mensual,07003,Alcúdia,Mallorca,,,,,U
2025-M01,2025,1,mensual,07011,Calvià,Mallorca,,,,,U
2025-M01,2025,1,mensual,07015,Ciutadella de Menorca,Menorca,,,,,U
2025-M01,2025,1,mensual,07022,Felanitx,Mallorca,,,,,U
2025-M01,2025,1,mensual,07024,Formentera,Formentera,,,,,U
2025-M01,2025,1,mensual,07026,Eivissa,Eivissa,,,,,U
2025-M01,2025,1,mensual,07040,Palma,Mallorca,,,,,U
2025-M01,2025,1,mensual,07042,Pollença,Mallorca,,,,,U
2025-M01,2025,1,mensual,07046,Sant Antoni de Portmany,Eivissa,,,,,U
2025-M01,2025,1,mensual,07048,Sant Josep de sa Talaia,Eivissa,,,,,U
2025-M01,2025,1,mensual,07051,Sant Llorenç des Cardassar,Mallorca,,,,,U
2025-M01,2025,1,mensual,07052,Sant Lluís,Menorca,,,,,U
2025-M01,2025,1,mensual,07054,Santa Eulària des Riu,Eivissa,,,,,U
2025-M01,2025,1,mensual,07057,Santanyí,Mallorca,,,,,U
2025-M01,2025,1,mensual,07062,Son Servera,Mallorca,,,,,U
2025-M02,2025,2,mensual,07003,Alcúdia,Mallorca,,,,,U
2025-M02,2025,2,mensual,07011,Calvià,Mallorca,,,,,U
2025-M02,2025,2,mensual,07015,Ciutadella de Menorca,Menorca,,,,,U
2025-M02,2025,2,mensual,07022,Felanitx,Mallorca,,,,,U
2025-M02,2025,2,mensual,07024,Formentera,Formentera,,,,,U
2025-M02,2025,2,mensual,07026,Eivissa,Eivissa,,,,,U
2025-M02,2025,2,mensual,07040,Palma,Mallorca,,,,,U
2025-M02,2025,2,mensual,07042,Pollença,Mallorca,,,,,U
2025-M02,2025,2,mensual,07046,Sant Antoni de Portmany,Eivissa,,,,,U
2025-M02,2025,2,mensual,07048,Sant Josep de sa Talaia,Eivissa,,,,,U
2025-M02,2025,2,mensual,07051,Sant Llorenç des Cardassar,Mallorca,,,,,U
2025-M02,2025,2,mensual,07052,Sant Lluís,Menorca,,,,,U
2025-M02,2025,2,mensual,07054,Santa Eulària des Riu,Eivissa,,,,,U
2025-M02,2025,2,mensual,07057,Santanyí,Mallorca,,,,,U
2025-M02,2025,2,mensual,07062,Son Servera,Mallorca,,,,,U
2025-M03,2025,3,mensual,07003,Alcúdia,Mallorca,,,,,U
2025-M03,2025,3,mensual,07011,Calvià,Mallorca,,,,,U
2025-M03,2025,3,mensual,07015,Ciutadella de Menorca,Menorca,,,,,U
2025-M03,2025,3,mensual,07022,Felanitx,Mallorca,,,,,U
2025-M03,2025,3,mensual,07024,Formentera,Formentera,,,,,U
2025-M03,2025,3,mensual,07026,Eivissa,Eivissa,,,,,U
2025-M03,2025,3,mensual,07040,Palma,Mallorca,,,,,U
2025-M03,2025,3,mensual,07042,Pollença,Mallorca,,,,,U
2025-M03,2025,3,mensual,07046,Sant Antoni de Portmany,Eivissa,,,,,U
2025-M03,2025,3,mensual,07048,Sant Josep de sa Talaia,Eivissa,,,,,U
2025-M03,2025,3,mensual,07051,Sant Llorenç des Cardassar,Mallorca,,,,,U
2025-M03,2025,3,mensual,07052,Sant Lluís,Menorca,,,,,U
2025-M03,2025,3,mensual,07054,Santa Eulària des Riu,Eivissa,,,,,U
2025-M03,2025,3,mensual,07057,Santanyí,Mallorca,,,,,U
2025-M03,2025,3,mensual,07062,Son Servera,Mallorca,,,,,U
2025-M04,2025,4,mensual,07003,Alcúdia,Mallorca,,,,,U
2025-M04,2025,4,mensual,07011,Calvià,Mallorca,60.15,38.91,61.17,40.34,P
2025-M04,2025,4,mensual,07015,Ciutadella de Menorca,Menorca,,,,,U
2025-M04,2025,4,mensual,07022,Felanitx,Mallorca,,,,,U
2025-M04,2025,4,mensual,07024,Formentera,Formentera,,,,,U
2025-M04,2025,4,mensual,07026,Eivissa,Eivissa,,,,,U
2025-M04,2025,4,mensual,07040,Palma,Mallorca,,,,,U
2025-M04,2025,4,mensual,07042,Pollença,Mallorca,,,,,U
2025-M04,2025,4,mensual,07046,Sant Antoni de Portmany,Eivissa,,,,,U
2025-M04,2025,4,mensual,07048,Sant Josep de sa Talaia,Eivissa,,,,,U
2025-M04,2025,4,mensual,07051,Sant Llorenç des Cardassar,Mallorca,,,,,U
2025-M04,2025,4,mensual,07052,Sant Lluís,Menorca,,,,,U
2025-M04,2025,4,mensual,07054,Santa Eulària des Riu,Eivissa,,,,,U
2025-M04,2025,4,mensual,07057,Santanyí,Mallorca,57.35,42.57,60.65,44.55,P
2025-M04,2025,4,mensual,07062,Son Servera,Mallorca,,,,,U
2025-M05,2025,5,mensual,07003,Alcúdia,Mallorca,63.11,47.53,67.57,50.91,P
2025-M05,2025,5,mensual,07011,Calvià,Mallorca,67.71,52.81,71.59,55.9,P
2025-M05,2025,5,mensual,07015,Ciutadella de Menorca,Menorca,56.21,41.86,56.3,42.57,P
2025-M05,2025,5,mensual,07022,Felanitx,Mallorca,,,,,U
2025-M05,2025,5,mensual,07024,Formentera,Formentera,38.76,27.23,47.6,33.5,P
2025-M05,2025,5,mensual,07026,Eivissa,Eivissa,76.18,72.63,83.25,84.78,P
2025-M05,2025,5,mensual,07040,Palma,Mallorca,80.28,53.17,87.98,60.18,P
2025-M05,2025,5,mensual,07042,Pollença,Mallorca,,,,,U
2025-M05,2025,5,mensual,07046,Sant Antoni de Portmany,Eivissa,69.58,50.1,67.89,49.51,P
2025-M05,2025,5,mensual,07048,Sant Josep de sa Talaia,Eivissa,44.32,32.48,45.87,34.87,P
2025-M05,2025,5,mensual,07051,Sant Llorenç des Cardassar,Mallorca,,,,,U
2025-M05,2025,5,mensual,07052,Sant Lluís,Menorca,,,,,U
2025-M05,2025,5,mensual,07054,Santa Eulària des Riu,Eivissa,41.49,28.28,43.76,29.76,P
2025-M05,2025,5,mensual,07057,Santanyí,Mallorca,77.53,46.18,77.36,45.69,P
2025-M05,2025,5,mensual,07062,Son Servera,Mallorca,73.87,47.04,72.81,45.14,P
2025-M06,2025,6,mensual,07003,Alcúdia,Mallorca,70.99,71.14,70.64,71.74,P
2025-M06,2025,6,mensual,07011,Calvià,Mallorca,80.36,69.52,83.4,72.7,P
2025-M06,2025,6,mensual,07015,Ciutadella de Menorca,Menorca,47.11,41.24,46.18,40.28,P
2025-M06,2025,6,mensual,07022,Felanitx,Mallorca,,,,,U
2025-M06,2025,6,mensual,07024,Formentera,Formentera,66.45,47.18,75.87,56.07,P
2025-M06,2025,6,mensual,07026,Eivissa,Eivissa,84.68,71.09,93.21,85.85,P
2025-M06,2025,6,mensual,07040,Palma,Mallorca,83.01,57.87,90.28,64.82,P
2025-M06,2025,6,mensual,07042,Pollença,Mallorca,,,,,U
2025-M06,2025,6,mensual,07046,Sant Antoni de Portmany,Eivissa,89.43,62.86,91.64,64.71,P
2025-M06,2025,6,mensual,07048,Sant Josep de sa Talaia,Eivissa,55.26,46.66,60.22,51.68,P
2025-M06,2025,6,mensual,07051,Sant Llorenç des Cardassar,Mallorca,,,,,U
2025-M06,2025,6,mensual,07052,Sant Lluís,Menorca,90.01,52.17,87.9,50.2,P
2025-M06,2025,6,mensual,07054,Santa Eulària des Riu,Eivissa,84.15,58.76,82.85,58.67,P
2025-M06,2025,6,mensual,07057,Santanyí,Mallorca,89.94,65.81,89.69,65.78,P
2025-M06,2025,6,mensual,07062,Son Servera,Mallorca,91.99,66.68,92.98,67.28,P
2025-M07,2025,7,mensual,07003,Alcúdia,Mallorca,91.92,81.51,92.85,84.41,P
2025-M07,2025,7,mensual,07011,Calvià,Mallorca,85.94,77.17,86.93,78.82,P
2025-M07,2025,7,mensual,07015,Ciutadella de Menorca,Menorca,85.1,73.19,85.03,72.93,P
2025-M07,2025,7,mensual,07022,Felanitx,Mallorca,,,,,U
2025-M07,2025,7,mensual,07024,Formentera,Formentera,65.85,57.8,70.99,67.95,P
2025-M07,2025,7,mensual,07026,Eivissa,Eivissa,89.5,85.37,94.64,92.41,P
2025-M07,2025,7,mensual,07040,Palma,Mallorca,88.91,61.43,93.93,67.42,P
2025-M07,2025,7,mensual,07042,Pollença,Mallorca,,,,,U
2025-M07,2025,7,mensual,07046,Sant Antoni de Portmany,Eivissa,91.2,65.57,91.1,65.49,P
2025-M07,2025,7,mensual,07048,Sant Josep de sa Talaia,Eivissa,85.11,66.61,85.09,69.09,P
2025-M07,2025,7,mensual,07051,Sant Llorenç des Cardassar,Mallorca,87.19,75.61,85.96,74.01,P
2025-M07,2025,7,mensual,07052,Sant Lluís,Menorca,,,,,U
2025-M07,2025,7,mensual,07054,Santa Eulària des Riu,Eivissa,76.64,61.16,76.95,61.48,P
2025-M07,2025,7,mensual,07057,Santanyí,Mallorca,89.61,70.9,90.34,70.28,P
2025-M07,2025,7,mensual,07062,Son Servera,Mallorca,95.22,74.08,94.21,72.82,P
2025-M08,2025,8,mensual,07003,Alcúdia,Mallorca,86.27,77.15,85.45,76.44,P
2025-M08,2025,8,mensual,07011,Calvià,Mallorca,83.95,82.44,83.91,84.06,P
2025-M08,2025,8,mensual,07015,Ciutadella de Menorca,Menorca,80.44,72.22,79.9,71.77,P
2025-M08,2025,8,mensual,07022,Felanitx,Mallorca,,,,,U
2025-M08,2025,8,mensual,07024,Formentera,Formentera,81.95,61.47,82.3,61.29,P
2025-M08,2025,8,mensual,07026,Eivissa,Eivissa,91.39,76.7,93.07,85.36,P
2025-M08,2025,8,mensual,07040,Palma,Mallorca,92.6,68.53,93.17,69.17,P
2025-M08,2025,8,mensual,07042,Pollença,Mallorca,,,,,U
2025-M08,2025,8,mensual,07046,Sant Antoni de Portmany,Eivissa,91.28,68.18,91.96,69.28,P
2025-M08,2025,8,mensual,07048,Sant Josep de sa Talaia,Eivissa,86.41,70.43,89.23,75.16,P
2025-M08,2025,8,mensual,07051,Sant Llorenç des Cardassar,Mallorca,93.85,92.85,91.75,91.51,P
2025-M08,2025,8,mensual,07052,Sant Lluís,Menorca,93.98,64.65,94.53,64.49,P
2025-M08,2025,8,mensual,07054,Santa Eulària des Riu,Eivissa,76.86,69.32,77.13,69.01,P
2025-M08,2025,8,mensual,07057,Santanyí,Mallorca,91.6,76.15,92.1,75.76,P
2025-M08,2025,8,mensual,07062,Son Servera,Mallorca,94.49,77.84,94.39,77.17,P
2025-M09,2025,9,mensual,07003,Alcúdia,Mallorca,81.69,75.57,84.34,78.35,P
2025-M09,2025,9,mensual,07011,Calvià,Mallorca,84.16,67.55,86.77,69.86,P
2025-M09,2025,9,mensual,07015,Ciutadella de Menorca,Menorca,74.26,52.36,75.54,53.38,P
2025-M09,2025,9,mensual,07022,Felanitx,Mallorca,,,,,U
2025-M09,2025,9,mensual,07024,Formentera,Formentera,72.49,51.76,69.35,51.13,P
2025-M09,2025,9,mensual,07026,Eivissa,Eivissa,92.72,77.8,94.7,82.33,P
2025-M09,2025,9,mensual,07040,Palma,Mallorca,87.24,61.61,93.34,66.08,P
2025-M09,2025,9,mensual,07042,Pollença,Mallorca,,,,,U
2025-M09,2025,9,mensual,07046,Sant Antoni de Portmany,Eivissa,89.63,61.16,90.36,61.56,P
2025-M09,2025,9,mensual,07048,Sant Josep de sa Talaia,Eivissa,74.12,57.97,78.95,61.78,P
2025-M09,2025,9,mensual,07051,Sant Llorenç des Cardassar,Mallorca,88.5,71.04,86.39,68.8,P
2025-M09,2025,9,mensual,07052,Sant Lluís,Menorca,92.04,46.33,93.89,49.5,P
2025-M09,2025,9,mensual,07054,Santa Eulària des Riu,Eivissa,64.95,48.79,67.11,49.81,P
2025-M09,2025,9,mensual,07057,Santanyí,Mallorca,76.49,46.12,77.37,46.35,P
2025-M09,2025,9,mensual,07062,Son Servera,Mallorca,92.14,53.06,93.85,53.07,P
2025-M10,2025,10,mensual,07003,Alcúdia,Mallorca,56.17,55.08,59.17,57.68,P
2025-M10,2025,10,mensual,07011,Calvià,Mallorca,79.91,61.65,80.98,63.31,P
2025-M10,2025,10,mensual,07015,Ciutadella de Menorca,Menorca,45.21,32.61,50.78,34.8,P
2025-M10,2025,10,mensual,07022,Felanitx,Mallorca,,,,,U
2025-M10,2025,10,mensual,07024,Formentera,Formentera,60.81,43.54,68.43,48.47,P
2025-M10,2025,10,mensual,07026,Eivissa,Eivissa,,,,,U
2025-M10,2025,10,mensual,07040,Palma,Mallorca,65.92,45.03,73.34,51.96,P
2025-M10,2025,10,mensual,07042,Pollença,Mallorca,,,,,U
2025-M10,2025,10,mensual,07046,Sant Antoni de Portmany,Eivissa,,,,,U
2025-M10,2025,10,mensual,07048,Sant Josep de sa Talaia,Eivissa,74.93,55.52,73.55,54.38,P
2025-M10,2025,10,mensual,07051,Sant Llorenç des Cardassar,Mallorca,,,,,U
2025-M10,2025,10,mensual,07052,Sant Lluís,Menorca,,,,,U
2025-M10,2025,10,mensual,07054,Santa Eulària des Riu,Eivissa,64.5,46.4,64.21,46.75,P
2025-M10,2025,10,mensual,07057,Santanyí,Mallorca,,,,,U
2025-M10,2025,10,mensual,07062,Son Servera,Mallorca,82.65,55.68,85.24,55.87,P
2025-M11,2025,11,mensual,07003,Alcúdia,Mallorca,,,,,U
2025-M11,2025,11,mensual,07011,Calvià,Mallorca,,,,,U
2025-M11,2025,11,mensual,07015,Ciutadella de Menorca,Menorca,,,,,U
2025-M11,2025,11,mensual,07022,Felanitx,Mallorca,,,,,U
2025-M11,2025,11,mensual,07024,Formentera,Formentera,,,,,U
2025-M11,2025,11,mensual,07026,Eivissa,Eivissa,,,,,U
2025-M11,2025,11,mensual,07040,Palma,Mallorca,,,,,U
2025-M11,2025,11,mensual,07042,Pollença,Mallorca,,,,,U
2025-M11,2025,11,mensual,07046,Sant Antoni de Portmany,Eivissa,,,,,U
2025-M11,2025,11,mensual,07048,Sant Josep de sa Talaia,Eivissa,,,,,U
2025-M11,2025,11,mensual,07051,Sant Llorenç des Cardassar,Mallorca,,,,,U
2025-M11,2025,11,mensual,07052,Sant Lluís,Menorca,,,,,U
2025-M11,2025,11,mensual,07054,Santa Eulària des Riu,Eivissa,,,,,U
2025-M11,2025,11,mensual,07057,Santanyí,Mallorca,,,,,U
2025-M11,2025,11,mensual,07062,Son Servera,Mallorca,,,,,U
2025-M12,2025,12,mensual,07003,Alcúdia,Mallorca,,,,,U
2025-M12,2025,12,mensual,07011,Calvià,Mallorca,,,,,U
2025-M12,2025,12,mensual,07015,Ciutadella de Menorca,Menorca,,,,,U
2025-M12,2025,12,mensual,07022,Felanitx,Mallorca,,,,,U
2025-M12,2025,12,mensual,07024,Formentera,Formentera,,,,,U
2025-M12,2025,12,mensual,07026,Eivissa,Eivissa,,,,,U
2025-M12,2025,12,mensual,07040,Palma,Mallorca,,,,,U
2025-M12,2025,12,mensual,07042,Pollença,Mallorca,,,,,U
2025-M12,2025,12,mensual,07046,Sant Antoni de Portmany,Eivissa,,,,,U
2025-M12,2025,12,mensual,07048,Sant Josep de sa Talaia,Eivissa,,,,,U
2025-M12,2025,12,mensual,07051,Sant Llorenç des Cardassar,Mallorca,,,,,U
2025-M12,2025,12,mensual,07052,Sant Lluís,Menorca,,,,,U
2025-M12,2025,12,mensual,07054,Santa Eulària des Riu,Eivissa,,,,,U
2025-M12,2025,12,mensual,07057,Santanyí,Mallorca,,,,,U
2025-M12,2025,12,mensual,07062,Son Servera,Mallorca,,,,,U
