periode_codi,any,mes,tipus_periode,codi_municipi,municipi,illa,ocupacio_places_pct,ocupacio_habitacions_pct,ocupacio_places_cap_setmana_pct,qualitat
2008,2008,,anual,07002,Alaior,Menorca,,,,U
2008,2008,,anual,07003,Alcúdia,Mallorca,69.73,69.66,69.01,A
2008,2008,,anual,07005,Andratx,Mallorca,64.43,62.8,63.9,A
2008,2008,,anual,07011,Calvià,Mallorca,73.7,73.16,72.97,A
2008,2008,,anual,07014,Capdepera,Mallorca,66.71,70.9,69.89,A
2008,2008,,anual,07015,Ciutadella de Menorca,Menorca,69.4,70.13,66.92,A
2008,2008,,anual,07022,Felanitx,Mallorca,,,,U
2008,2008,,anual,07024,Formentera,Formentera,65.89,70.51,69.91,A
2008,2008,,anual,07026,Eivissa,Eivissa,57.55,61.82,62.53,A
2008,2008,,anual,07031,Llucmajor,Mallorca,70.31,69.86,69.41,A
2008,2008,,anual,07032,Maó,Menorca,53.32,61.03,52.93,A
2008,2008,,anual,07033,Manacor,Mallorca,,,,U
2008,2008,,anual,07039,Muro,Mallorca,80.29,76.87,79.07,A
2008,2008,,anual,07040,Palma,Mallorca,66.71,69.16,68.66,A
2008,2008,,anual,07042,Pollença,Mallorca,76.66,77.79,79.48,A
2008,2008,,anual,07046,Sant Antoni de Portmany,Eivissa,67.67,65.12,69.22,A
2008,2008,,anual,07048,Sant Josep de sa Talaia,Eivissa,73.21,71.47,74.68,A
2008,2008,,anual,07050,Sant Joan de Labritja,Eivissa,,,,U
2008,2008,,anual,07051,Sant Llorenç des Cardassar,Mallorca,72.43,71.66,70.84,A
2008,2008,,anual,07052,Sant Lluís,Menorca,70.32,64.29,71.51,A
2008,2008,,anual,07054,Santa Eulària des Riu,Eivissa,67.69,66.99,69.34,A
2008,2008,,anual,07055,Santa Margalida,Mallorca,78.04,77.81,80.34,A
2008,2008,,anual,07057,Santanyí,Mallorca,67.19,65.68,65.27,A
2008,2008,,anual,07059,Ses Salines,Mallorca,73.43,74.23,74.73,A
2008,2008,,anual,07061,Sóller,Mallorca,70.75,69.72,71.63,A
2008,2008,,anual,07062,Son Servera,Mallorca,74.25,74.44,76.46,A
2008-M01,2008,1,mensual,07002,Alaior,Menorca,,,,U
2008-M01,2008,1,mensual,07003,Alcúdia,Mallorca,,,,U
2008-M01,2008,1,mensual,07005,Andratx,Mallorca,,,,U
2008-M01,2008,1,mensual,07011,Calvià,Mallorca,38.3,40.74,34.84,A
2008-M01,2008,1,mensual,07014,Capdepera,Mallorca,,,,U
2008-M01,2008,1,mensual,07015,Ciutadella de Menorca,Menorca,,,,U
2008-M01,2008,1,mensual,07022,Felanitx,Mallorca,,,,U
2008-M01,2008,1,mensual,07024,Formentera,Formentera,,,,U
2008-M01,2008,1,mensual,07026,Eivissa,Eivissa,29.9,37.71,27.96,A
2008-M01,2008,1,mensual,07031,Llucmajor,Mallorca,,,,U
2008-M01,2008,1,mensual,07032,Maó,Menorca,,,,U
2008-M01,2008,1,mensual,07033,Manacor,Mallorca,,,,U
2008-M01,2008,1,mensual,07039,Muro,Mallorca,0.0,0.0,0.0,A
2008-M01,2008,1,mensual,07040,Palma,Mallorca,47.63,53.78,45.58,A
2008-M01,2008,1,mensual,07042,Pollença,Mallorca,,,,U
2008-M01,2008,1,mensual,07046,Sant Antoni de Portmany,Eivissa,,,,U
2008-M01,2008,1,mensual,07048,Sant Josep de sa Talaia,Eivissa,,,,U
2008-M01,2008,1,mensual,07050,Sant Joan de Labritja,Eivissa,,,,U
2008-M01,2008,1,mensual,07051,Sant Llorenç des Cardassar,Mallorca,41.81,41.44,37.73,A
2008-M01,2008,1,mensual,07052,Sant Lluís,Menorca,0.0,0.0,0.0,A
2008-M01,2008,1,mensual,07054,Santa Eulària des Riu,Eivissa,,,,U
2008-M01,2008,1,mensual,07055,Santa Margalida,Mallorca,,,,U
2008-M01,2008,1,mensual,07057,Santanyí,Mallorca,,,,U
2008-M01,2008,1,mensual,07059,Ses Salines,Mallorca,,,,U
2008-M01,2008,1,mensual,07061,Sóller,Mallorca,,,,U
2008-M01,2008,1,mensual,07062,Son Servera,Mallorca,,,,U
2008-M02,2008,2,mensual,07002,Alaior,Menorca,,,,U
2008-M02,2008,2,mensual,07003,Alcúdia,Mallorca,,,,U
2008-M02,2008,2,mensual,07005,Andratx,Mallorca,,,,U
2008-M02,2008,2,mensual,07011,Calvià,Mallorca,50.45,55.22,51.12,A
2008-M02,2008,2,mensual,07014,Capdepera,Mallorca,,,,U
2008-M02,2008,2,mensual,07015,Ciutadella de Menorca,Menorca,,,,U
2008-M02,2008,2,mensual,07022,Felanitx,Mallorca,,,,U
2008-M02,2008,2,mensual,07024,Formentera,Formentera,,,,U
2008-M02,2008,2,mensual,07026,Eivissa,Eivissa,32.02,45.5,30.78,A
2008-M02,2008,2,mensual,07031,Llucmajor,Mallorca,,,,U
2008-M02,2008,2,mensual,07032,Maó,Menorca,,,,U
2008-M02,2008,2,mensual,07033,Manacor,Mallorca,,,,U
2008-M02,2008,2,mensual,07039,Muro,Mallorca,,,,U
2008-M02,2008,2,mensual,07040,Palma,Mallorca,57.1,65.71,58.91,A
2008-M02,2008,2,mensual,07042,Pollença,Mallorca,,,,U
2008-M02,2008,2,mensual,07046,Sant Antoni de Portmany,Eivissa,,,,U
2008-M02,2008,2,mensual,07048,Sant Josep de sa Talaia,Eivissa,,,,U
2008-M02,2008,2,mensual,07050,Sant Joan de Labritja,Eivissa,,,,U
2008-M02,2008,2,mensual,07051,Sant Llorenç des Cardassar,Mallorca,48.3,49.98,50.87,A
2008-M02,2008,2,mensual,07052,Sant Lluís,Menorca,0.0,0.0,0.0,A
2008-M02,2008,2,mensual,07054,Santa Eulària des Riu,Eivissa,,,,U
2008-M02,2008,2,mensual,07055,Santa Margalida,Mallorca,,,,U
2008-M02,2008,2,mensual,07057,Santanyí,Mallorca,,,,U
2008-M02,2008,2,mensual,07059,Ses Salines,Mallorca,,,,U
2008-M02,2008,2,mensual,07061,Sóller,Mallorca,37.87,46.38,47.79,A
2008-M02,2008,2,mensual,07062,Son Servera,Mallorca,,,,U
2008-M03,2008,3,mensual,07002,Alaior,Menorca,,,,U
2008-M03,2008,3,mensual,07003,Alcúdia,Mallorca,,,,U
2008-M03,2008,3,mensual,07005,Andratx,Mallorca,,,,U
2008-M03,2008,3,mensual,07011,Calvià,Mallorca,58.97,60.77,60.39,A
2008-M03,2008,3,mensual,07014,Capdepera,Mallorca,,,,U
2008-M03,2008,3,mensual,07015,Ciutadella de Menorca,Menorca,,,,U
2008-M03,2008,3,mensual,07022,Felanitx,Mallorca,,,,U
2008-M03,2008,3,mensual,07024,Formentera,Formentera,,,,U
2008-M03,2008,3,mensual,07026,Eivissa,Eivissa,41.03,44.47,48.68,A
2008-M03,2008,3,mensual,07031,Llucmajor,Mallorca,,,,U
2008-M03,2008,3,mensual,07032,Maó,Menorca,,,,U
2008-M03,2008,3,mensual,07033,Manacor,Mallorca,,,,U
2008-M03,2008,3,mensual,07039,Muro,Mallorca,,,,U
2008-M03,2008,3,mensual,07040,Palma,Mallorca,60.03,58.87,55.54,A
2008-M03,2008,3,mensual,07042,Pollença,Mallorca,,,,U
2008-M03,2008,3,mensual,07046,Sant Antoni de Portmany,Eivissa,,,,U
2008-M03,2008,3,mensual,07048,Sant Josep de sa Talaia,Eivissa,,,,U
2008-M03,2008,3,mensual,07050,Sant Joan de Labritja,Eivissa,,,,U
2008-M03,2008,3,mensual,07051,Sant Llorenç des Cardassar,Mallorca,57.17,50.62,49.89,A
2008-M03,2008,3,mensual,07052,Sant Lluís,Menorca,0.0,0.0,0.0,A
2008-M03,2008,3,mensual,07054,Santa Eulària des Riu,Eivissa,,,,U
2008-M03,2008,3,mensual,07055,Santa Margalida,Mallorca,,,,U
2008-M03,2008,3,mensual,07057,Santanyí,Mallorca,,,,U
2008-M03,2008,3,mensual,07059,Ses Salines,Mallorca,,,,U
2008-M03,2008,3,mensual,07061,Sóller,Mallorca,56.83,53.1,54.19,A
2008-M03,2008,3,mensual,07062,Son Servera,Mallorca,,,,U
2008-M04,2008,4,mensual,07002,Alaior,Menorca,,,,U
2008-M04,2008,4,mensual,07003,Alcúdia,Mallorca,41.15,47.88,42.5,A
2008-M04,2008,4,mensual,07005,Andratx,Mallorca,,,,U
2008-M04,2008,4,mensual,07011,Calvià,Mallorca,67.71,68.65,67.55,A
2008-M04,2008,4,mensual,07014,Capdepera,Mallorca,35.37,46.92,39.67,A
2008-M04,2008,4,mensual,07015,Ciutadella de Menorca,Menorca,28.28,29.78,30.78,A
2008-M04,2008,4,mensual,07022,Felanitx,Mallorca,,,,U
2008-M04,2008,4,mensual,07024,Formentera,Formentera,,,,U
2008-M04,2008,4,mensual,07026,Eivissa,Eivissa,46.79,51.04,45.98,A
2008-M04,2008,4,mensual,07031,Llucmajor,Mallorca,82.35,78.16,78.53,A
2008-M04,2008,4,mensual,07032,Maó,Menorca,,,,U
2008-M04,2008,4,mensual,07033,Manacor,Mallorca,,,,U
2008-M04,2008,4,mensual,07039,Muro,Mallorca,54.94,50.37,48.05,A
2008-M04,2008,4,mensual,07040,Palma,Mallorca,64.78,67.55,65.34,A
2008-M04,2008,4,mensual,07042,Pollença,Mallorca,36.68,33.74,26.31,A
2008-M04,2008,4,mensual,07046,Sant Antoni de Portmany,Eivissa,,,,U
2008-M04,2008,4,mensual,07048,Sant Josep de sa Talaia,Eivissa,,,,U
2008-M04,2008,4,mensual,07050,Sant Joan de Labritja,Eivissa,,,,U
2008-M04,2008,4,mensual,07051,Sant Llorenç des Cardassar,Mallorca,48.24,52.32,50.46,A
2008-M04,2008,4,mensual,07052,Sant Lluís,Menorca,,,,U
2008-M04,2008,4,mensual,07054,Santa Eulària des Riu,Eivissa,,,,U
2008-M04,2008,4,mensual,07055,Santa Margalida,Mallorca,,,,U
2008-M04,2008,4,mensual,07057,Santanyí,Mallorca,35.86,27.99,28.05,A
2008-M04,2008,4,mensual,07059,Ses Salines,Mallorca,56.9,64.1,57.67,A
2008-M04,2008,4,mensual,07061,Sóller,Mallorca,61.73,61.55,61.57,A
2008-M04,2008,4,mensual,07062,Son Servera,Mallorca,52.17,43.65,44.69,A
2008-M05,2008,5,mensual,07002,Alaior,Menorca,,,,U
2008-M05,2008,5,mensual,07003,Alcúdia,Mallorca,57.47,58.85,58.56,A
2008-M05,2008,5,mensual,07005,Andratx,Mallorca,61.07,63.67,59.58,A
2008-M05,2008,5,mensual,07011,Calvià,Mallorca,71.07,69.71,67.6,A
2008-M05,2008,5,mensual,07014,Capdepera,Mallorca,51.4,62.08,54.08,A
2008-M05,2008,5,mensual,07015,Ciutadella de Menorca,Menorca,54.56,50.58,48.02,A
2008-M05,2008,5,mensual,07022,Felanitx,Mallorca,,,,U
2008-M05,2008,5,mensual,07024,Formentera,Formentera,,,,U
2008-M05,2008,5,mensual,07026,Eivissa,Eivissa,48.62,56.82,56.84,A
2008-M05,2008,5,mensual,07031,Llucmajor,Mallorca,56.64,54.58,54.96,A
2008-M05,2008,5,mensual,07032,Maó,Menorca,,,,U
2008-M05,2008,5,mensual,07033,Manacor,Mallorca,,,,U
2008-M05,2008,5,mensual,07039,Muro,Mallorca,73.59,74.07,75.04,A
2008-M05,2008,5,mensual,07040,Palma,Mallorca,69.85,70.21,71.29,A
2008-M05,2008,5,mensual,07042,Pollença,Mallorca,72.43,82.13,82.08,A
2008-M05,2008,5,mensual,07046,Sant Antoni de Portmany,Eivissa,41.76,41.3,47.61,A
2008-M05,2008,5,mensual,07048,Sant Josep de sa Talaia,Eivissa,45.9,44.84,47.36,A
2008-M05,2008,5,mensual,07050,Sant Joan de Labritja,Eivissa,,,,U
2008-M05,2008,5,mensual,07051,Sant Llorenç des Cardassar,Mallorca,55.79,53.55,47.84,A
2008-M05,2008,5,mensual,07052,Sant Lluís,Menorca,,,,U
2008-M05,2008,5,mensual,07054,Santa Eulària des Riu,Eivissa,49.56,55.62,53.91,A
2008-M05,2008,5,mensual,07055,Santa Margalida,Mallorca,62.08,67.24,66.51,A
2008-M05,2008,5,mensual,07057,Santanyí,Mallorca,62.41,61.81,60.35,A
2008-M05,2008,5,mensual,07059,Ses Salines,Mallorca,59.21,56.48,54.43,A
2008-M05,2008,5,mensual,07061,Sóller,Mallorca,76.93,72.47,80.15,A
2008-M05,2008,5,mensual,07062,Son Servera,Mallorca,68.67,73.28,74.47,A
2008-M06,2008,6,mensual,07002,Alaior,Menorca,,,,U
2008-M06,2008,6,mensual,07003,Alcúdia,Mallorca,75.39,78.68,74.2,A
2008-M06,2008,6,mensual,07005,Andratx,Mallorca,71.2,75.91,71.92,A
2008-M06,2008,6,mensual,07011,Calvià,Mallorca,83.26,82.51,84.98,A
2008-M06,2008,6,mensual,07014,Capdepera,Mallorca,70.66,68.5,66.56,A
2008-M06,2008,6,mensual,07015,Ciutadella de Menorca,Menorca,81.01,76.17,73.57,A
2008-M06,2008,6,mensual,07022,Felanitx,Mallorca,,,,U
2008-M06,2008,6,mensual,07024,Formentera,Formentera,76.93,85.47,84.75,A
2008-M06,2008,6,mensual,07026,Eivissa,Eivissa,59.84,66.67,73.3,A
2008-M06,2008,6,mensual,07031,Llucmajor,Mallorca,68.81,74.04,76.65,A
2008-M06,2008,6,mensual,07032,Maó,Menorca,,,,U
2008-M06,2008,6,mensual,07033,Manacor,Mallorca,,,,U
2008-M06,2008,6,mensual,07039,Muro,Mallorca,88.19,85.41,88.49,A
2008-M06,2008,6,mensual,07040,Palma,Mallorca,72.95,75.95,79.82,A
2008-M06,2008,6,mensual,07042,Pollença,Mallorca,83.02,82.52,84.36,A
2008-M06,2008,6,mensual,07046,Sant Antoni de Portmany,Eivissa,62.99,62.01,67.75,A
2008-M06,2008,6,mensual,07048,Sant Josep de sa Talaia,Eivissa,73.16,63.27,68.66,A
2008-M06,2008,6,mensual,07050,Sant Joan de Labritja,Eivissa,,,,U
2008-M06,2008,6,mensual,07051,Sant Llorenç des Cardassar,Mallorca,79.06,76.67,78.14,A
2008-M06,2008,6,mensual,07052,Sant Lluís,Menorca,,,,U
2008-M06,2008,6,mensual,07054,Santa Eulària des Riu,Eivissa,70.5,68.65,72.73,A
2008-M06,2008,6,mensual,07055,Santa Margalida,Mallorca,81.14,83.31,83.72,A
2008-M06,2008,6,mensual,07057,Santanyí,Mallorca,74.34,78.79,79.35,A
2008-M06,2008,6,mensual,07059,Ses Salines,Mallorca,80.11,73.03,73.4,A
2008-M06,2008,6,mensual,07061,Sóller,Mallorca,78.42,84.26,83.37,A
2008-M06,2008,6,mensual,07062,Son Servera,Mallorca,80.37,81.48,84.97,A
2008-M07,2008,7,mensual,07002,Alaior,Menorca,,,,U
2008-M07,2008,7,mensual,07003,Alcúdia,Mallorca,87.97,81.29,83.01,A
2008-M07,2008,7,mensual,07005,Andratx,Mallorca,83.09,74.59,80.29,A
2008-M07,2008,7,mensual,07011,Calvià,Mallorca,90.34,87.58,89.67,A
2008-M07,2008,7,mensual,07014,Capdepera,Mallorca,88.16,86.47,89.81,A
2008-M07,2008,7,mensual,07015,Ciutadella de Menorca,Menorca,90.97,91.13,89.28,A
2008-M07,2008,7,mensual,07022,Felanitx,Mallorca,,,,U
2008-M07,2008,7,mensual,07024,Formentera,Formentera,87.09,88.14,89.59,A
2008-M07,2008,7,mensual,07026,Eivissa,Eivissa,76.53,78.3,81.26,A
2008-M07,2008,7,mensual,07031,Llucmajor,Mallorca,86.21,85.84,85.75,A
2008-M07,2008,7,mensual,07032,Maó,Menorca,79.67,88.39,81.27,A
2008-M07,2008,7,mensual,07033,Manacor,Mallorca,,,,U
2008-M07,2008,7,mensual,07039,Muro,Mallorca,96.66,94.49,97.85,A
2008-M07,2008,7,mensual,07040,Palma,Mallorca,83.36,79.46,81.99,A
2008-M07,2008,7,mensual,07042,Pollença,Mallorca,91.44,88.1,89.37,A
2008-M07,2008,7,mensual,07046,Sant Antoni de Portmany,Eivissa,81.56,78.33,83.36,A
2008-M07,2008,7,mensual,07048,Sant Josep de sa Talaia,Eivissa,85.66,91.1,91.68,A
2008-M07,2008,7,mensual,07050,Sant Joan de Labritja,Eivissa,,,,U
2008-M07,2008,7,mensual,07051,Sant Llorenç des Cardassar,Mallorca,95.97,90.08,91.59,A
2008-M07,2008,7,mensual,07052,Sant Lluís,Menorca,89.23,73.43,78.54,A
2008-M07,2008,7,mensual,07054,Santa Eulària des Riu,Eivissa,80.79,79.35,84.59,A
2008-M07,2008,7,mensual,07055,Santa Margalida,Mallorca,97.49,92.88,93.97,A
2008-M07,2008,7,mensual,07057,Santanyí,Mallorca,89.96,92.1,91.02,A
2008-M07,2008,7,mensual,07059,Ses Salines,Mallorca,89.74,88.45,93.14,A
2008-M07,2008,7,mensual,07061,Sóller,Mallorca,81.78,78.03,82.35,A
2008-M07,2008,7,mensual,07062,Son Servera,Mallorca,88.42,89.77,88.85,A
2008-M08,2008,8,mensual,07002,Alaior,Menorca,,,,U
2008-M08,2008,8,mensual,07003,Alcúdia,Mallorca,87.24,84.44,85.61,A
2008-M08,2008,8,mensual,07005,Andratx,Mallorca,86.66,69.85,76.07,A
2008-M08,2008,8,mensual,07011,Calvià,Mallorca,92.32,91.65,89.76,A
2008-M08,2008,8,mensual,07014,Capdepera,Mallorca,83.72,90.99,90.93,A
2008-M08,2008,8,mensual,07015,Ciutadella de Menorca,Menorca,91.12,97.38,88.68,A
2008-M08,2008,8,mensual,07022,Felanitx,Mallorca,,,,U
2008-M08,2008,8,mensual,07024,Formentera,Formentera,81.9,93.48,81.98,A
2008-M08,2008,8,mensual,07026,Eivissa,Eivissa,79.94,77.76,76.73,A
2008-M08,2008,8,mensual,07031,Llucmajor,Mallorca,86.24,87.33,84.07,A
2008-M08,2008,8,mensual,07032,Maó,Menorca,87.75,91.17,81.64,A
2008-M08,2008,8,mensual,07033,Manacor,Mallorca,78.99,69.38,72.06,A
2008-M08,2008,8,mensual,07039,Muro,Mallorca,94.15,95.44,92.8,A
2008-M08,2008,8,mensual,07040,Palma,Mallorca,83.4,83.28,84.78,A
2008-M08,2008,8,mensual,07042,Pollença,Mallorca,95.09,89.38,94.77,A
2008-M08,2008,8,mensual,07046,Sant Antoni de Portmany,Eivissa,86.61,84.4,85.86,A
2008-M08,2008,8,mensual,07048,Sant Josep de sa Talaia,Eivissa,96.44,91.94,93.95,A
2008-M08,2008,8,mensual,07050,Sant Joan de Labritja,Eivissa,,,,U
2008-M08,2008,8,mensual,07051,Sant Llorenç des Cardassar,Mallorca,92.1,92.91,94.44,A
2008-M08,2008,8,mensual,07052,Sant Lluís,Menorca,89.44,77.95,89.71,A
2008-M08,2008,8,mensual,07054,Santa Eulària des Riu,Eivissa,85.78,84.89,84.35,A
2008-M08,2008,8,mensual,07055,Santa Margalida,Mallorca,92.36,92.57,91.44,A
2008-M08,2008,8,mensual,07057,Santanyí,Mallorca,96.84,89.97,90.77,A
2008-M08,2008,8,mensual,07059,Ses Salines,Mallorca,87.7,93.54,93.02,A
2008-M08,2008,8,mensual,07061,Sóller,Mallorca,98.52,92.16,92.2,A
2008-M08,2008,8,mensual,07062,Son Servera,Mallorca,91.26,89.19,92.21,A
2008-M09,2008,9,mensual,07002,Alaior,Menorca,,,,U
2008-M09,2008,9,mensual,07003,Alcúdia,Mallorca,72.11,75.48,73.81,A
2008-M09,2008,9,mensual,07005,Andratx,Mallorca,71.57,73.88,74.74,A
2008-M09,2008,9,mensual,07011,Calvià,Mallorca,82.47,81.83,80.88,A
2008-M09,2008,9,mensual,07014,Capdepera,Mallorca,81.17,88.26,85.99,A
2008-M09,2008,9,mensual,07015,Ciutadella de Menorca,Menorca,62.93,69.75,62.07,A
2008-M09,2008,9,mensual,07022,Felanitx,Mallorca,,,,U
2008-M09,2008,9,mensual,07024,Formentera,Formentera,66.08,71.85,67.55,A
2008-M09,2008,9,mensual,07026,Eivissa,Eivissa,64.51,69.41,72.99,A
2008-M09,2008,9,mensual,07031,Llucmajor,Mallorca,60.03,52.5,52.58,A
2008-M09,2008,9,mensual,07032,Maó,Menorca,47.34,61.62,49.16,A
2008-M09,2008,9,mensual,07033,Manacor,Mallorca,47.44,59.89,51.92,A
2008-M09,2008,9,mensual,07039,Muro,Mallorca,85.89,74.58,77.9,A
2008-M09,2008,9,mensual,07040,Palma,Mallorca,73.44,77.24,79.99,A
2008-M09,2008,9,mensual,07042,Pollença,Mallorca,89.51,89.01,93.1,A
2008-M09,2008,9,mensual,07046,Sant Antoni de Portmany,Eivissa,64.17,60.46,63.61,A
2008-M09,2008,9,mensual,07048,Sant Josep de sa Talaia,Eivissa,69.81,77.5,80.93,A
2008-M09,2008,9,mensual,07050,Sant Joan de Labritja,Eivissa,,,,U
2008-M09,2008,9,mensual,07051,Sant Llorenç des Cardassar,Mallorca,83.3,82.95,80.66,A
2008-M09,2008,9,mensual,07052,Sant Lluís,Menorca,79.96,79.54,87.98,A
2008-M09,2008,9,mensual,07054,Santa Eulària des Riu,Eivissa,65.51,66.81,66.62,A
2008-M09,2008,9,mensual,07055,Santa Margalida,Mallorca,90.39,88.44,89.38,A
2008-M09,2008,9,mensual,07057,Santanyí,Mallorca,90.6,87.05,88.18,A
2008-M09,2008,9,mensual,07059,Ses Salines,Mallorca,85.59,90.57,86.93,A
2008-M09,2008,9,mensual,07061,Sóller,Mallorca,79.81,76.09,79.22,A
2008-M09,2008,9,mensual,07062,Son Servera,Mallorca,81.83,83.68,84.78,A
2008-M10,2008,10,mensual,07002,Alaior,Menorca,,,,U
2008-M10,2008,10,mensual,07003,Alcúdia,Mallorca,49.4,45.35,48.83,A
2008-M10,2008,10,mensual,07005,Andratx,Mallorca,57.88,47.69,50.92,A
2008-M10,2008,10,mensual,07011,Calvià,Mallorca,62.34,56.97,59.49,A
2008-M10,2008,10,mensual,07014,Capdepera,Mallorca,48.54,47.88,51.19,A
2008-M10,2008,10,mensual,07015,Ciutadella de Menorca,Menorca,35.53,36.26,37.8,A
2008-M10,2008,10,mensual,07022,Felanitx,Mallorca,,,,U
2008-M10,2008,10,mensual,07024,Formentera,Formentera,,,,U
2008-M10,2008,10,mensual,07026,Eivissa,Eivissa,31.79,36.45,37.86,A
2008-M10,2008,10,mensual,07031,Llucmajor,Mallorca,41.37,37.15,43.13,A
2008-M10,2008,10,mensual,07032,Maó,Menorca,,,,U
2008-M10,2008,10,mensual,07033,Manacor,Mallorca,,,,U
2008-M10,2008,10,mensual,07039,Muro,Mallorca,51.34,43.33,50.71,A
2008-M10,2008,10,mensual,07040,Palma,Mallorca,54.31,59.64,60.41,A
2008-M10,2008,10,mensual,07042,Pollença,Mallorca,64.57,76.64,77.02,A
2008-M10,2008,10,mensual,07046,Sant Antoni de Portmany,Eivissa,44.24,38.27,41.93,A
2008-M10,2008,10,mensual,07048,Sant Josep de sa Talaia,Eivissa,50.72,38.0,39.75,A
2008-M10,2008,10,mensual,07050,Sant Joan de Labritja,Eivissa,,,,U
2008-M10,2008,10,mensual,07051,Sant Llorenç des Cardassar,Mallorca,58.96,61.32,62.38,A
2008-M10,2008,10,mensual,07052,Sant Lluís,Menorca,,,,U
2008-M10,2008,10,mensual,07054,Santa Eulària des Riu,Eivissa,49.6,38.82,48.86,A
2008-M10,2008,10,mensual,07055,Santa Margalida,Mallorca,62.91,54.36,67.64,A
2008-M10,2008,10,mensual,07057,Santanyí,Mallorca,55.59,46.33,50.01,A
2008-M10,2008,10,mensual,07059,Ses Salines,Mallorca,60.69,67.05,73.4,A
2008-M10,2008,10,mensual,07061,Sóller,Mallorca,,,,U
2008-M10,2008,10,mensual,07062,Son Servera,Mallorca,64.4,61.78,65.81,A
2008-M11,2008,11,mensual,07002,Alaior,Menorca,,,,U
2008-M11,2008,11,mensual,07003,Alcúdia,Mallorca,,,,U
2008-M11,2008,11,mensual,07005,Andratx,Mallorca,,,,U
2008-M11,2008,11,mensual,07011,Calvià,Mallorca,39.46,43.87,39.15,A
2008-M11,2008,11,mensual,07014,Capdepera,Mallorca,,,,U
2008-M11,2008,11,mensual,07015,Ciutadella de Menorca,Menorca,,,,U
2008-M11,2008,11,mensual,07022,Felanitx,Mallorca,,,,U
2008-M11,2008,11,mensual,07024,Formentera,Formentera,,,,U
2008-M11,2008,11,mensual,07026,Eivissa,Eivissa,30.82,39.65,26.86,A
2008-M11,2008,11,mensual,07031,Llucmajor,Mallorca,,,,U
2008-M11,2008,11,mensual,07032,Maó,Menorca,,,,U
2008-M11,2008,11,mensual,07033,Manacor,Mallorca,,,,U
2008-M11,2008,11,mensual,07039,Muro,Mallorca,,,,U
2008-M11,2008,11,mensual,07040,Palma,Mallorca,45.74,57.58,49.56,A
2008-M11,2008,11,mensual,07042,Pollença,Mallorca,,,,U
2008-M11,2008,11,mensual,07046,Sant Antoni de Portmany,Eivissa,,,,U
2008-M11,2008,11,mensual,07048,Sant Josep de sa Talaia,Eivissa,,,,U
2008-M11,2008,11,mensual,07050,Sant Joan de Labritja,Eivissa,,,,U
2008-M11,2008,11,mensual,07051,Sant Llorenç des Cardassar,Mallorca,,,,U
2008-M11,2008,11,mensual,07052,Sant Lluís,Menorca,0.0,0.0,0.0,A
2008-M11,2008,11,mensual,07054,Santa Eulària des Riu,Eivissa,,,,U
2008-M11,2008,11,mensual,07055,Santa Margalida,Mallorca,,,,U
2008-M11,2008,11,mensual,07057,Santanyí,Mallorca,,,,U
2008-M11,2008,11,mensual,07059,Ses Salines,Mallorca,,,,U
2008-M11,2008,11,mensual,07061,Sóller,Mallorca,,,,U
2008-M11,2008,11,mensual,07062,Son Servera,Mallorca,,,,U
2008-M12,2008,12,mensual,07002,Alaior,Menorca,,,,U
2008-M12,2008,12,mensual,07003,Alcúdia,Mallorca,,,,U
2008-M12,2008,12,mensual,07005,Andratx,Mallorca,,,,U
2008-M12,2008,12,mensual,07011,Calvià,Mallorca,28.59,36.2,52.48,A
2008-M12,2008,12,mensual,07014,Capdepera,Mallorca,,,,U
2008-M12,2008,12,mensual,07015,Ciutadella de Menorca,Menorca,,,,U
2008-M12,2008,12,mensual,07022,Felanitx,Mallorca,,,,U
2008-M12,2008,12,mensual,07024,Formentera,Formentera,,,,U
2008-M12,2008,12,mensual,07026,Eivissa,Eivissa,26.91,30.67,24.5,A
2008-M12,2008,12,mensual,07031,Llucmajor,Mallorca,,,,U
2008-M12,2008,12,mensual,07032,Maó,Menorca,,,,U
2008-M12,2008,12,mensual,07033,Manacor,Mallorca,,,,U
2008-M12,2008,12,mensual,07039,Muro,Mallorca,0.0,0.0,0.0,A
2008-M12,2008,12,mensual,07040,Palma,Mallorca,42.9,42.91,38.06,A
2008-M12,2008,12,mensual,07042,Pollença,Mallorca,,,,U
2008-M12,2008,12,mensual,07046,Sant Antoni de Portmany,Eivissa,,,,U
2008-M12,2008,12,mensual,07048,Sant Josep de sa Talaia,Eivissa,,,,U
2008-M12,2008,12,mensual,07050,Sant Joan de Labritja,Eivissa,,,,U
2008-M12,2008,12,mensual,07051,Sant Llorenç des Cardassar,Mallorca,,,,U
2008-M12,2008,12,mensual,07052,Sant Lluís,Menorca,0.0,0.0,0.0,A
2008-M12,2008,12,mensual,07054,Santa Eulària des Riu,Eivissa,,,,U
2008-M12,2008,12,mensual,07055,Santa Margalida,Mallorca,,,,U
2008-M12,2008,12,mensual,07057,Santanyí,Mallorca,,,,U
2008-M12,2008,12,mensual,07059,Ses Salines,Mallorca,,,,U
2008-M12,2008,12,mensual,07061,Sóller,Mallorca,,,,U
2008-M12,2008,12,mensual,07062,Son Servera,Mallorca,,,,U
2009,2009,,anual,07002,Alaior,Menorca,,,,U
2009,2009,,anual,07003,Alcúdia,Mallorca,67.46,65.28,65.8,A
2009,2009,,anual,07005,Andratx,Mallorca,62.66,61.19,62.53,A
2009,2009,,anual,07011,Calvià,Mallorca,68.56,66.79,69.68,A
2009,2009,,anual,07014,Capdepera,Mallorca,62.6,68.95,64.34,A
2009,2009,,anual,07015,Ciutadella de Menorca,Menorca,64.62,66.89,66.74,A
2009,2009,,anual,07022,Felanitx,Mallorca,,,,U
2009,2009,,anual,07024,Formentera,Formentera,61.86,66.64,64.14,A
2009,2009,,anual,07026,Eivissa,Eivissa,58.38,61.42,63.59,A
2009,2009,,anual,07031,Llucmajor,Mallorca,60.45,60.66,64.42,A
2009,2009,,anual,07032,Maó,Menorca,,,,U
2009,2009,,anual,07033,Manacor,Mallorca,,,,U
2009,2009,,anual,07039,Muro,Mallorca,73.8,71.1,76.07,A
2009,2009,,anual,07040,Palma,Mallorca,63.72,66.1,67.61,A
2009,2009,,anual,07042,Pollença,Mallorca,67.1,64.78,65.95,A
2009,2009,,anual,07046,Sant Antoni de Portmany,Eivissa,59.3,58.05,59.87,A
2009,2009,,anual,07048,Sant Josep de sa Talaia,Eivissa,67.52,65.47,69.86,A
2009,2009,,anual,07050,Sant Joan de Labritja,Eivissa,,,,U
2009,2009,,anual,07051,Sant Llorenç des Cardassar,Mallorca,67.69,64.76,66.86,A
2009,2009,,anual,07052,Sant Lluís,Menorca,71.09,62.37,68.43,A
2009,2009,,anual,07054,Santa Eulària des Riu,Eivissa,59.8,61.44,62.38,A
2009,2009,,anual,07055,Santa Margalida,Mallorca,73.61,71.77,71.98,A
2009,2009,,anual,07057,Santanyí,Mallorca,77.26,70.92,76.47,A
2009,2009,,anual,07059,Ses Salines,Mallorca,61.02,62.5,61.9,A
2009,2009,,anual,07061,Sóller,Mallorca,70.55,70.91,72.86,A
2009,2009,,anual,07062,Son Servera,Mallorca,69.1,71.02,72.51,A
2009-M01,2009,1,mensual,07002,Alaior,Menorca,,,,U
2009-M01,2009,1,mensual,07003,Alcúdia,Mallorca,,,,U
2009-M01,2009,1,mensual,07005,Andratx,Mallorca,,,,U
2009-M01,2009,1,mensual,07011,Calvià,Mallorca,32.31,33.82,31.83,A
2009-M01,2009,1,mensual,07014,Capdepera,Mallorca,,,,U
2009-M01,2009,1,mensual,07015,Ciutadella de Menorca,Menorca,,,,U
2009-M01,2009,1,mensual,07022,Felanitx,Mallorca,,,,U
2009-M01,2009,1,mensual,07024,Formentera,Formentera,,,,U
2009-M01,2009,1,mensual,07026,Eivissa,Eivissa,22.22,29.13,22.38,A
2009-M01,2009,1,mensual,07031,Llucmajor,Mallorca,,,,U
2009-M01,2009,1,mensual,07032,Maó,Menorca,,,,U
2009-M01,2009,1,mensual,07033,Manacor,Mallorca,,,,U
2009-M01,2009,1,mensual,07039,Muro,Mallorca,0.0,0.0,0.0,A
2009-M01,2009,1,mensual,07040,Palma,Mallorca,43.21,51.16,46.53,A
2009-M01,2009,1,mensual,07042,Pollença,Mallorca,,,,U
2009-M01,2009,1,mensual,07046,Sant Antoni de Portmany,Eivissa,,,,U
2009-M01,2009,1,mensual,07048,Sant Josep de sa Talaia,Eivissa,,,,U
2009-M01,2009,1,mensual,07050,Sant Joan de Labritja,Eivissa,,,,U
2009-M01,2009,1,mensual,07051,Sant Llorenç des Cardassar,Mallorca,,,,U
2009-M01,2009,1,mensual,07052,Sant Lluís,Menorca,0.0,0.0,0.0,A
2009-M01,2009,1,mensual,07054,Santa Eulària des Riu,Eivissa,,,,U
2009-M01,2009,1,mensual,07055,Santa Margalida,Mallorca,,,,U
2009-M01,2009,1,mensual,07057,Santanyí,Mallorca,,,,U
2009-M01,2009,1,mensual,07059,Ses Salines,Mallorca,,,,U
2009-M01,2009,1,mensual,07061,Sóller,Mallorca,,,,U
2009-M01,2009,1,mensual,07062,Son Servera,Mallorca,,,,U
2009-M02,2009,2,mensual,07002,Alaior,Menorca,,,,U
2009-M02,2009,2,mensual,07003,Alcúdia,Mallorca,,,,U
2009-M02,2009,2,mensual,07005,Andratx,Mallorca,,,,U
2009-M02,2009,2,mensual,07011,Calvià,Mallorca,44.12,43.69,46.29,A
2009-M02,2009,2,mensual,07014,Capdepera,Mallorca,,,,U
2009-M02,2009,2,mensual,07015,Ciutadella de Menorca,Menorca,,,,U
2009-M02,2009,2,mensual,07022,Felanitx,Mallorca,,,,U
2009-M02,2009,2,mensual,07024,Formentera,Formentera,,,,U
2009-M02,2009,2,mensual,07026,Eivissa,Eivissa,23.55,29.66,25.5,A
2009-M02,2009,2,mensual,07031,Llucmajor,Mallorca,,,,U
2009-M02,2009,2,mensual,07032,Maó,Menorca,,,,U
2009-M02,2009,2,mensual,07033,Manacor,Mallorca,,,,U
2009-M02,2009,2,mensual,07039,Muro,Mallorca,,,,U
2009-M02,2009,2,mensual,07040,Palma,Mallorca,50.27,60.48,56.5,A
2009-M02,2009,2,mensual,07042,Pollença,Mallorca,,,,U
2009-M02,2009,2,mensual,07046,Sant Antoni de Portmany,Eivissa,,,,U
2009-M02,2009,2,mensual,07048,Sant Josep de sa Talaia,Eivissa,,,,U
2009-M02,2009,2,mensual,07050,Sant Joan de Labritja,Eivissa,,,,U
2009-M02,2009,2,mensual,07051,Sant Llorenç des Cardassar,Mallorca,48.96,54.1,57.37,A
2009-M02,2009,2,mensual,07052,Sant Lluís,Menorca,0.0,0.0,0.0,A
2009-M02,2009,2,mensual,07054,Santa Eulària des Riu,Eivissa,,,,U
2009-M02,2009,2,mensual,07055,Santa Margalida,Mallorca,,,,U
2009-M02,2009,2,mensual,07057,Santanyí,Mallorca,,,,U
2009-M02,2009,2,mensual,07059,Ses Salines,Mallorca,,,,U
2009-M02,2009,2,mensual,07061,Sóller,Mallorca,44.19,50.39,54.58,A
2009-M02,2009,2,mensual,07062,Son Servera,Mallorca,,,,U
2009-M03,2009,3,mensual,07002,Alaior,Menorca,,,,U
2009-M03,2009,3,mensual,07003,Alcúdia,Mallorca,51.1,42.12,41.2,A
2009-M03,2009,3,mensual,07005,Andratx,Mallorca,,,,U
2009-M03,2009,3,mensual,07011,Calvià,Mallorca,58.21,60.91,60.1,A
2009-M03,2009,3,mensual,07014,Capdepera,Mallorca,,,,U
2009-M03,2009,3,mensual,07015,Ciutadella de Menorca,Menorca,,,,U
2009-M03,2009,3,mensual,07022,Felanitx,Mallorca,,,,U
2009-M03,2009,3,mensual,07024,Formentera,Formentera,,,,U
2009-M03,2009,3,mensual,07026,Eivissa,Eivissa,32.03,38.17,29.68,A
2009-M03,2009,3,mensual,07031,Llucmajor,Mallorca,,,,U
2009-M03,2009,3,mensual,07032,Maó,Menorca,,,,U
2009-M03,2009,3,mensual,07033,Manacor,Mallorca,,,,U
2009-M03,2009,3,mensual,07039,Muro,Mallorca,,,,U
2009-M03,2009,3,mensual,07040,Palma,Mallorca,53.3,61.7,58.31,A
2009-M03,2009,3,mensual,07042,Pollença,Mallorca,,,,U
2009-M03,2009,3,mensual,07046,Sant Antoni de Portmany,Eivissa,,,,U
2009-M03,2009,3,mensual,07048,Sant Josep de sa Talaia,Eivissa,,,,U
2009-M03,2009,3,mensual,07050,Sant Joan de Labritja,Eivissa,,,,U
2009-M03,2009,3,mensual,07051,Sant Llorenç des Cardassar,Mallorca,51.86,58.88,58.47,A
2009-M03,2009,3,mensual,07052,Sant Lluís,Menorca,0.0,0.0,0.0,A
2009-M03,2009,3,mensual,07054,Santa Eulària des Riu,Eivissa,,,,U
2009-M03,2009,3,mensual,07055,Santa Margalida,Mallorca,,,,U
2009-M03,2009,3,mensual,07057,Santanyí,Mallorca,,,,U
2009-M03,2009,3,mensual,07059,Ses Salines,Mallorca,,,,U
2009-M03,2009,3,mensual,07061,Sóller,Mallorca,57.78,67.05,68.98,A
2009-M03,2009,3,mensual,07062,Son Servera,Mallorca,45.7,56.99,62.65,A
2009-M04,2009,4,mensual,07002,Alaior,Menorca,,,,U
2009-M04,2009,4,mensual,07003,Alcúdia,Mallorca,65.63,73.68,72.17,A
2009-M04,2009,4,mensual,07005,Andratx,Mallorca,56.11,53.98,50.45,A
2009-M04,2009,4,mensual,07011,Calvià,Mallorca,65.82,60.7,61.72,A
2009-M04,2009,4,mensual,07014,Capdepera,Mallorca,34.51,41.54,42.87,A
2009-M04,2009,4,mensual,07015,Ciutadella de Menorca,Menorca,63.33,61.95,69.2,A
2009-M04,2009,4,mensual,07022,Felanitx,Mallorca,,,,U
2009-M04,2009,4,mensual,07024,Formentera,Formentera,,,,U
2009-M04,2009,4,mensual,07026,Eivissa,Eivissa,43.71,46.34,47.03,A
2009-M04,2009,4,mensual,07031,Llucmajor,Mallorca,57.79,58.16,61.84,A
2009-M04,2009,4,mensual,07032,Maó,Menorca,,,,U
2009-M04,2009,4,mensual,07033,Manacor,Mallorca,,,,U
2009-M04,2009,4,mensual,07039,Muro,Mallorca,45.22,42.49,46.29,A
2009-M04,2009,4,mensual,07040,Palma,Mallorca,66.63,65.38,67.04,A
2009-M04,2009,4,mensual,07042,Pollença,Mallorca,32.63,29.36,31.85,A
2009-M04,2009,4,mensual,07046,Sant Antoni de Portmany,Eivissa,,,,U
2009-M04,2009,4,mensual,07048,Sant Josep de sa Talaia,Eivissa,,,,U
2009-M04,2009,4,mensual,07050,Sant Joan de Labritja,Eivissa,,,,U
2009-M04,2009,4,mensual,07051,Sant Llorenç des Cardassar,Mallorca,48.71,48.57,50.81,A
2009-M04,2009,4,mensual,07052,Sant Lluís,Menorca,,,,U
2009-M04,2009,4,mensual,07054,Santa Eulària des Riu,Eivissa,,,,U
2009-M04,2009,4,mensual,07055,Santa Margalida,Mallorca,52.49,48.81,40.47,A
2009-M04,2009,4,mensual,07057,Santanyí,Mallorca,76.6,58.82,74.38,A
2009-M04,2009,4,mensual,07059,Ses Salines,Mallorca,60.5,52.91,51.32,A
2009-M04,2009,4,mensual,07061,Sóller,Mallorca,71.58,78.14,74.42,A
2009-M04,2009,4,mensual,07062,Son Servera,Mallorca,53.66,51.01,51.62,A
2009-M05,2009,5,mensual,07002,Alaior,Menorca,,,,U
2009-M05,2009,5,mensual,07003,Alcúdia,Mallorca,55.54,49.02,46.65,A
2009-M05,2009,5,mensual,07005,Andratx,Mallorca,54.19,60.99,64.54,A
2009-M05,2009,5,mensual,07011,Calvià,Mallorca,63.39,60.84,63.37,A
2009-M05,2009,5,mensual,07014,Capdepera,Mallorca,47.39,48.0,46.53,A
2009-M05,2009,5,mensual,07015,Ciutadella de Menorca,Menorca,47.33,50.47,50.48,A
2009-M05,2009,5,mensual,07022,Felanitx,Mallorca,,,,U
2009-M05,2009,5,mensual,07024,Formentera,Formentera,41.47,39.66,39.72,A
2009-M05,2009,5,mensual,07026,Eivissa,Eivissa,40.19,49.27,51.86,A
2009-M05,2009,5,mensual,07031,Llucmajor,Mallorca,54.44,55.68,61.21,A
2009-M05,2009,5,mensual,07032,Maó,Menorca,,,,U
2009-M05,2009,5,mensual,07033,Manacor,Mallorca,,,,U
2009-M05,2009,5,mensual,07039,Muro,Mallorca,70.83,70.8,76.22,A
2009-M05,2009,5,mensual,07040,Palma,Mallorca,62.92,64.66,68.64,A
2009-M05,2009,5,mensual,07042,Pollença,Mallorca,61.27,55.02,52.97,A
2009-M05,2009,5,mensual,07046,Sant Antoni de Portmany,Eivissa,53.27,57.69,63.45,A
2009-M05,2009,5,mensual,07048,Sant Josep de sa Talaia,Eivissa,48.11,46.79,50.04,A
2009-M05,2009,5,mensual,07050,Sant Joan de Labritja,Eivissa,,,,U
2009-M05,2009,5,mensual,07051,Sant Llorenç des Cardassar,Mallorca,54.39,49.59,47.57,A
2009-M05,2009,5,mensual,07052,Sant Lluís,Menorca,,,,U
2009-M05,2009,5,mensual,07054,Santa Eulària des Riu,Eivissa,41.25,45.85,46.95,A
2009-M05,2009,5,mensual,07055,Santa Margalida,Mallorca,58.49,61.26,62.53,A
2009-M05,2009,5,mensual,07057,Santanyí,Mallorca,69.63,63.0,75.54,A
2009-M05,2009,5,mensual,07059,Ses Salines,Mallorca,46.98,40.84,44.85,A
2009-M05,2009,5,mensual,07061,Sóller,Mallorca,71.41,70.98,75.85,A
2009-M05,2009,5,mensual,07062,Son Servera,Mallorca,64.36,65.97,67.77,A
2009-M06,2009,6,mensual,07002,Alaior,Menorca,,,,U
2009-M06,2009,6,mensual,07003,Alcúdia,Mallorca,72.41,72.97,74.36,A
2009-M06,2009,6,mensual,07005,Andratx,Mallorca,74.05,65.76,65.39,A
2009-M06,2009,6,mensual,07011,Calvià,Mallorca,74.45,75.67,79.67,A
2009-M06,2009,6,mensual,07014,Capdepera,Mallorca,63.48,68.99,63.61,A
2009-M06,2009,6,mensual,07015,Ciutadella de Menorca,Menorca,63.24,65.57,62.04,A
2009-M06,2009,6,mensual,07022,Felanitx,Mallorca,,,,U
2009-M06,2009,6,mensual,07024,Formentera,Formentera,69.5,74.78,71.38,A
2009-M06,2009,6,mensual,07026,Eivissa,Eivissa,57.8,62.03,64.62,A
2009-M06,2009,6,mensual,07031,Llucmajor,Mallorca,67.35,67.8,75.03,A
2009-M06,2009,6,mensual,07032,Maó,Menorca,,,,U
2009-M06,2009,6,mensual,07033,Manacor,Mallorca,,,,U
2009-M06,2009,6,mensual,07039,Muro,Mallorca,83.37,70.82,79.32,A
2009-M06,2009,6,mensual,07040,Palma,Mallorca,73.56,74.23,80.56,A
2009-M06,2009,6,mensual,07042,Pollença,Mallorca,68.51,64.45,67.59,A
2009-M06,2009,6,mensual,07046,Sant Antoni de Portmany,Eivissa,47.29,41.45,45.28,A
2009-M06,2009,6,mensual,07048,Sant Josep de sa Talaia,Eivissa,68.19,71.37,72.54,A
2009-M06,2009,6,mensual,07050,Sant Joan de Labritja,Eivissa,,,,U
2009-M06,2009,6,mensual,07051,Sant Llorenç des Cardassar,Mallorca,75.98,73.86,76.48,A
2009-M06,2009,6,mensual,07052,Sant Lluís,Menorca,,,,U
2009-M06,2009,6,mensual,07054,Santa Eulària des Riu,Eivissa,58.07,56.91,56.04,A
2009-M06,2009,6,mensual,07055,Santa Margalida,Mallorca,80.15,79.98,81.7,A
2009-M06,2009,6,mensual,07057,Santanyí,Mallorca,74.43,68.82,74.75,A
2009-M06,2009,6,mensual,07059,Ses Salines,Mallorca,70.07,73.51,73.11,A
2009-M06,2009,6,mensual,07061,Sóller,Mallorca,78.85,77.37,73.58,A
2009-M06,2009,6,mensual,07062,Son Servera,Mallorca,76.87,81.18,82.64,A
2009-M07,2009,7,mensual,07002,Alaior,Menorca,,,,U
2009-M07,2009,7,mensual,07003,Alcúdia,Mallorca,83.72,77.36,81.28,A
2009-M07,2009,7,mensual,07005,Andratx,Mallorca,79.89,83.16,89.59,A
2009-M07,2009,7,mensual,07011,Calvià,Mallorca,84.71,77.71,82.02,A
2009-M07,2009,7,mensual,07014,Capdepera,Mallorca,77.41,81.21,81.91,A
2009-M07,2009,7,mensual,07015,Ciutadella de Menorca,Menorca,77.9,79.49,78.9,A
2009-M07,2009,7,mensual,07022,Felanitx,Mallorca,,,,U
2009-M07,2009,7,mensual,07024,Formentera,Formentera,74.77,80.98,78.55,A
2009-M07,2009,7,mensual,07026,Eivissa,Eivissa,77.86,76.15,82.44,A
2009-M07,2009,7,mensual,07031,Llucmajor,Mallorca,73.88,76.59,80.79,A
2009-M07,2009,7,mensual,07032,Maó,Menorca,,,,U
2009-M07,2009,7,mensual,07033,Manacor,Mallorca,78.02,74.79,82.96,A
2009-M07,2009,7,mensual,07039,Muro,Mallorca,80.34,85.81,88.11,A
2009-M07,2009,7,mensual,07040,Palma,Mallorca,78.05,73.47,77.25,A
2009-M07,2009,7,mensual,07042,Pollença,Mallorca,75.85,70.39,71.14,A
2009-M07,2009,7,mensual,07046,Sant Antoni de Portmany,Eivissa,65.26,62.93,63.91,A
2009-M07,2009,7,mensual,07048,Sant Josep de sa Talaia,Eivissa,80.63,72.52,78.96,A
2009-M07,2009,7,mensual,07050,Sant Joan de Labritja,Eivissa,,,,U
2009-M07,2009,7,mensual,07051,Sant Llorenç des Cardassar,Mallorca,93.0,77.97,84.38,A
2009-M07,2009,7,mensual,07052,Sant Lluís,Menorca,,,,U
2009-M07,2009,7,mensual,07054,Santa Eulària des Riu,Eivissa,66.25,66.17,68.0,A
2009-M07,2009,7,mensual,07055,Santa Margalida,Mallorca,90.73,89.12,90.64,A
2009-M07,2009,7,mensual,07057,Santanyí,Mallorca,83.44,77.63,82.65,A
2009-M07,2009,7,mensual,07059,Ses Salines,Mallorca,70.92,72.89,68.71,A
2009-M07,2009,7,mensual,07061,Sóller,Mallorca,83.27,79.34,86.95,A
2009-M07,2009,7,mensual,07062,Son Servera,Mallorca,84.35,80.78,83.91,A
2009-M08,2009,8,mensual,07002,Alaior,Menorca,,,,U
2009-M08,2009,8,mensual,07003,Alcúdia,Mallorca,81.58,75.02,76.96,A
2009-M08,2009,8,mensual,07005,Andratx,Mallorca,81.63,74.72,79.32,A
2009-M08,2009,8,mensual,07011,Calvià,Mallorca,85.52,82.24,87.6,A
2009-M08,2009,8,mensual,07014,Capdepera,Mallorca,85.89,86.83,82.24,A
2009-M08,2009,8,mensual,07015,Ciutadella de Menorca,Menorca,86.78,83.95,85.57,A
2009-M08,2009,8,mensual,07022,Felanitx,Mallorca,,,,U
2009-M08,2009,8,mensual,07024,Formentera,Formentera,75.34,85.09,77.86,A
2009-M08,2009,8,mensual,07026,Eivissa,Eivissa,80.57,81.77,84.62,A
2009-M08,2009,8,mensual,07031,Llucmajor,Mallorca,70.62,69.7,73.7,A
2009-M08,2009,8,mensual,07032,Maó,Menorca,,,,U
2009-M08,2009,8,mensual,07033,Manacor,Mallorca,,,,U
2009-M08,2009,8,mensual,07039,Muro,Mallorca,82.91,82.34,86.52,A
2009-M08,2009,8,mensual,07040,Palma,Mallorca,79.52,77.23,82.15,A
2009-M08,2009,8,mensual,07042,Pollença,Mallorca,79.7,81.31,86.4,A
2009-M08,2009,8,mensual,07046,Sant Antoni de Portmany,Eivissa,73.37,72.37,75.65,A
2009-M08,2009,8,mensual,07048,Sant Josep de sa Talaia,Eivissa,81.79,77.74,85.94,A
2009-M08,2009,8,mensual,07050,Sant Joan de Labritja,Eivissa,,,,U
2009-M08,2009,8,mensual,07051,Sant Llorenç des Cardassar,Mallorca,85.08,77.96,85.8,A
2009-M08,2009,8,mensual,07052,Sant Lluís,Menorca,,,,U
2009-M08,2009,8,mensual,07054,Santa Eulària des Riu,Eivissa,79.19,79.61,81.32,A
2009-M08,2009,8,mensual,07055,Santa Margalida,Mallorca,95.44,90.45,92.58,A
2009-M08,2009,8,mensual,07057,Santanyí,Mallorca,85.49,78.32,80.87,A
2009-M08,2009,8,mensual,07059,Ses Salines,Mallorca,74.19,78.25,77.97,A
2009-M08,2009,8,mensual,07061,Sóller,Mallorca,94.35,88.27,93.6,A
2009-M08,2009,8,mensual,07062,Son Servera,Mallorca,81.99,80.8,83.17,A
2009-M09,2009,9,mensual,07002,Alaior,Menorca,,,,U
2009-M09,2009,9,mensual,07003,Alcúdia,Mallorca,71.84,71.44,68.67,A
2009-M09,2009,9,mensual,07005,Andratx,Mallorca,68.86,70.16,71.36,A
2009-M09,2009,9,mensual,07011,Calvià,Mallorca,74.78,75.28,78.2,A
2009-M09,2009,9,mensual,07014,Capdepera,Mallorca,68.97,80.21,70.16,A
2009-M09,2009,9,mensual,07015,Ciutadella de Menorca,Menorca,65.79,71.34,66.82,A
2009-M09,2009,9,mensual,07022,Felanitx,Mallorca,,,,U
2009-M09,2009,9,mensual,07024,Formentera,Formentera,55.92,63.08,56.67,A
2009-M09,2009,9,mensual,07026,Eivissa,Eivissa,70.75,73.68,77.05,A
2009-M09,2009,9,mensual,07031,Llucmajor,Mallorca,42.61,38.88,41.31,A
2009-M09,2009,9,mensual,07032,Maó,Menorca,,,,U
2009-M09,2009,9,mensual,07033,Manacor,Mallorca,,,,U
2009-M09,2009,9,mensual,07039,Muro,Mallorca,76.13,71.52,79.45,A
2009-M09,2009,9,mensual,07040,Palma,Mallorca,69.17,72.35,74.3,A
2009-M09,2009,9,mensual,07042,Pollença,Mallorca,78.2,74.58,76.5,A
2009-M09,2009,9,mensual,07046,Sant Antoni de Portmany,Eivissa,51.52,51.25,57.06,A
2009-M09,2009,9,mensual,07048,Sant Josep de sa Talaia,Eivissa,65.03,64.82,67.01,A
2009-M09,2009,9,mensual,07050,Sant Joan de Labritja,Eivissa,,,,U
2009-M09,2009,9,mensual,07051,Sant Llorenç des Cardassar,Mallorca,68.1,70.34,71.0,A
2009-M09,2009,9,mensual,07052,Sant Lluís,Menorca,,,,U
2009-M09,2009,9,mensual,07054,Santa Eulària des Riu,Eivissa,61.83,69.06,68.5,A
2009-M09,2009,9,mensual,07055,Santa Margalida,Mallorca,79.77,82.94,81.64,A
2009-M09,2009,9,mensual,07057,Santanyí,Mallorca,93.93,85.31,89.8,A
2009-M09,2009,9,mensual,07059,Ses Salines,Mallorca,65.24,71.87,71.07,A
2009-M09,2009,9,mensual,07061,Sóller,Mallorca,81.53,79.26,81.76,A
2009-M09,2009,9,mensual,07062,Son Servera,Mallorca,77.53,82.77,82.9,A
2009-M10,2009,10,mensual,07002,Alaior,Menorca,,,,U
2009-M10,2009,10,mensual,07003,Alcúdia,Mallorca,46.69,50.36,53.09,A
2009-M10,2009,10,mensual,07005,Andratx,Mallorca,51.41,40.51,38.17,A
2009-M10,2009,10,mensual,07011,Calvià,Mallorca,52.13,50.71,52.8,A
2009-M10,2009,10,mensual,07014,Capdepera,Mallorca,46.85,59.89,52.19,A
2009-M10,2009,10,mensual,07015,Ciutadella de Menorca,Menorca,45.83,59.23,57.81,A
2009-M10,2009,10,mensual,07022,Felanitx,Mallorca,,,,U
2009-M10,2009,10,mensual,07024,Formentera,Formentera,35.33,37.5,36.91,A
2009-M10,2009,10,mensual,07026,Eivissa,Eivissa,42.69,45.35,46.09,A
2009-M10,2009,10,mensual,07031,Llucmajor,Mallorca,42.06,35.95,36.21,A
2009-M10,2009,10,mensual,07032,Maó,Menorca,,,,U
2009-M10,2009,10,mensual,07033,Manacor,Mallorca,,,,U
2009-M10,2009,10,mensual,07039,Muro,Mallorca,57.52,52.07,52.0,A
2009-M10,2009,10,mensual,07040,Palma,Mallorca,55.84,59.96,61.44,A
2009-M10,2009,10,mensual,07042,Pollença,Mallorca,64.85,71.01,68.33,A
2009-M10,2009,10,mensual,07046,Sant Antoni de Portmany,Eivissa,49.47,45.78,34.84,A
2009-M10,2009,10,mensual,07048,Sant Josep de sa Talaia,Eivissa,42.58,41.89,49.54,A
2009-M10,2009,10,mensual,07050,Sant Joan de Labritja,Eivissa,,,,U
2009-M10,2009,10,mensual,07051,Sant Llorenç des Cardassar,Mallorca,50.1,51.5,50.88,A
2009-M10,2009,10,mensual,07052,Sant Lluís,Menorca,,,,U
2009-M10,2009,10,mensual,07054,Santa Eulària des Riu,Eivissa,51.03,50.9,54.44,A
2009-M10,2009,10,mensual,07055,Santa Margalida,Mallorca,52.03,39.85,39.15,A
2009-M10,2009,10,mensual,07057,Santanyí,Mallorca,69.47,67.93,67.24,A
2009-M10,2009,10,mensual,07059,Ses Salines,Mallorca,47.53,57.36,58.62,A
2009-M10,2009,10,mensual,07061,Sóller,Mallorca,56.91,58.86,58.36,A
2009-M10,2009,10,mensual,07062,Son Servera,Mallorca,56.21,61.0,60.54,A
2009-M11,2009,11,mensual,07002,Alaior,Menorca,0.0,0.0,0.0,A
2009-M11,2009,11,mensual,07003,Alcúdia,Mallorca,,,,U
2009-M11,2009,11,mensual,07005,Andratx,Mallorca,,,,U
2009-M11,2009,11,mensual,07011,Calvià,Mallorca,37.87,41.76,44.3,A
2009-M11,2009,11,mensual,07014,Capdepera,Mallorca,,,,U
2009-M11,2009,11,mensual,07015,Ciutadella de Menorca,Menorca,,,,U
2009-M11,2009,11,mensual,07022,Felanitx,Mallorca,,,,U
2009-M11,2009,11,mensual,07024,Formentera,Formentera,,,,U
2009-M11,2009,11,mensual,07026,Eivissa,Eivissa,26.14,33.54,24.76,A
2009-M11,2009,11,mensual,07031,Llucmajor,Mallorca,,,,U
2009-M11,2009,11,mensual,07032,Maó,Menorca,,,,U
2009-M11,2009,11,mensual,07033,Manacor,Mallorca,,,,U
2009-M11,2009,11,mensual,07039,Muro,Mallorca,,,,U
2009-M11,2009,11,mensual,07040,Palma,Mallorca,44.16,52.12,48.78,A
2009-M11,2009,11,mensual,07042,Pollença,Mallorca,,,,U
2009-M11,2009,11,mensual,07046,Sant Antoni de Portmany,Eivissa,,,,U
2009-M11,2009,11,mensual,07048,Sant Josep de sa Talaia,Eivissa,,,,U
2009-M11,2009,11,mensual,07050,Sant Joan de Labritja,Eivissa,,,,U
2009-M11,2009,11,mensual,07051,Sant Llorenç des Cardassar,Mallorca,,,,U
2009-M11,2009,11,mensual,07052,Sant Lluís,Menorca,0.0,0.0,0.0,A
2009-M11,2009,11,mensual,07054,Santa Eulària des Riu,Eivissa,,,,U
2009-M11,2009,11,mensual,07055,Santa Margalida,Mallorca,,,,U
2009-M11,2009,11,mensual,07057,Santanyí,Mallorca,,,,U
2009-M11,2009,11,mensual,07059,Ses Salines,Mallorca,,,,U
2009-M11,2009,11,mensual,07061,Sóller,Mallorca,,,,U
2009-M11,2009,11,mensual,07062,Son Servera,Mallorca,,,,U
2009-M12,2009,12,mensual,07002,Alaior,Menorca,0.0,0.0,0.0,A
2009-M12,2009,12,mensual,07003,Alcúdia,Mallorca,,,,U
2009-M12,2009,12,mensual,07005,Andratx,Mallorca,,,,U
2009-M12,2009,12,mensual,07011,Calvià,Mallorca,29.42,39.03,39.87,A
2009-M12,2009,12,mensual,07014,Capdepera,Mallorca,,,,U
2009-M12,2009,12,mensual,07015,Ciutadella de Menorca,Menorca,,,,U
2009-M12,2009,12,mensual,07022,Felanitx,Mallorca,,,,U
2009-M12,2009,12,mensual,07024,Formentera,Formentera,,,,U
2009-M12,2009,12,mensual,07026,Eivissa,Eivissa,22.93,23.88,21.71,A
2009-M12,2009,12,mensual,07031,Llucmajor,Mallorca,,,,U
2009-M12,2009,12,mensual,07032,Maó,Menorca,,,,U
2009-M12,2009,12,mensual,07033,Manacor,Mallorca,,,,U
2009-M12,2009,12,mensual,07039,Muro,Mallorca,0.0,0.0,0.0,A
2009-M12,2009,12,mensual,07040,Palma,Mallorca,36.37,44.13,37.98,A
2009-M12,2009,12,mensual,07042,Pollença,Mallorca,,,,U
2009-M12,2009,12,mensual,07046,Sant Antoni de Portmany,Eivissa,,,,U
2009-M12,2009,12,mensual,07048,Sant Josep de sa Talaia,Eivissa,,,,U
2009-M12,2009,12,mensual,07050,Sant Joan de Labritja,Eivissa,,,,U
2009-M12,2009,12,mensual,07051,Sant Llorenç des Cardassar,Mallorca,,,,U
2009-M12,2009,12,mensual,07052,Sant Lluís,Menorca,0.0,0.0,0.0,A
2009-M12,2009,12,mensual,07054,Santa Eulària des Riu,Eivissa,,,,U
2009-M12,2009,12,mensual,07055,Santa Margalida,Mallorca,,,,U
2009-M12,2009,12,mensual,07057,Santanyí,Mallorca,,,,U
2009-M12,2009,12,mensual,07059,Ses Salines,Mallorca,,,,U
2009-M12,2009,12,mensual,07061,Sóller,Mallorca,,,,U
2009-M12,2009,12,mensual,07062,Son Servera,Mallorca,,,,U
2010,2010,,anual,07002,Alaior,Menorca,60.62,59.56,57.83,A
2010,2010,,anual,07003,Alcúdia,Mallorca,74.84,72.21,71.42,A
2010,2010,,anual,07005,Andratx,Mallorca,72.35,70.27,70.58,A
2010,2010,,anual,07011,Calvià,Mallorca,69.8,70.21,70.92,A
2010,2010,,anual,07014,Capdepera,Mallorca,66.33,71.62,67.71,A
2010,2010,,anual,07015,Ciutadella de Menorca,Menorca,70.23,72.27,67.8,A
2010,2010,,anual,07022,Felanitx,Mallorca,,,,U
2010,2010,,anual,07024,Formentera,Formentera,63.77,66.95,67.43,A
2010,2010,,anual,07026,Eivissa,Eivissa,66.08,68.7,70.84,A
2010,2010,,anual,07031,Llucmajor,Mallorca,53.89,52.8,54.95,A
2010,2010,,anual,07032,Maó,Menorca,,,,U
2010,2010,,anual,07033,Manacor,Mallorca,59.53,55.54,60.88,A
2010,2010,,anual,07039,Muro,Mallorca,79.24,80.57,77.09,A
2010,2010,,anual,07040,Palma,Mallorca,66.21,69.9,68.82,A
2010,2010,,anual,07042,Pollença,Mallorca,62.5,59.58,64.65,A
2010,2010,,anual,07046,Sant Antoni de Portmany,Eivissa,70.48,71.5,73.55,A
2010,2010,,anual,07048,Sant Josep de sa Talaia,Eivissa,74.31,77.84,81.19,A
2010,2010,,anual,07050,Sant Joan de Labritja,Eivissa,,,,U
2010,2010,,anual,07051,Sant Llorenç des Cardassar,Mallorca,69.33,66.58,68.25,A
2010,2010,,anual,07052,Sant Lluís,Menorca,76.64,69.61,73.06,A
2010,2010,,anual,07054,Santa Eulària des Riu,Eivissa,66.47,67.42,68.52,A
2010,2010,,anual,07055,Santa Margalida,Mallorca,71.79,71.9,71.03,A
2010,2010,,anual,07057,Santanyí,Mallorca,77.91,71.1,73.45,A
2010,2010,,anual,07059,Ses Salines,Mallorca,67.94,65.28,65.72,A
2010,2010,,anual,07061,Sóller,Mallorca,,,,U
2010,2010,,anual,07062,Son Servera,Mallorca,72.61,74.24,75.99,A
2010-M01,2010,1,mensual,07002,Alaior,Menorca,0.0,0.0,0.0,A
2010-M01,2010,1,mensual,07003,Alcúdia,Mallorca,,,,U
2010-M01,2010,1,mensual,07005,Andratx,Mallorca,,,,U
2010-M01,2010,1,mensual,07011,Calvià,Mallorca,25.0,32.3,35.5,A
2010-M01,2010,1,mensual,07014,Capdepera,Mallorca,,,,U
2010-M01,2010,1,mensual,07015,Ciutadella de Menorca,Menorca,,,,U
2010-M01,2010,1,mensual,07022,Felanitx,Mallorca,,,,U
2010-M01,2010,1,mensual,07024,Formentera,Formentera,,,,U
2010-M01,2010,1,mensual,07026,Eivissa,Eivissa,21.89,29.26,24.23,A
2010-M01,2010,1,mensual,07031,Llucmajor,Mallorca,,,,U
2010-M01,2010,1,mensual,07032,Maó,Menorca,,,,U
2010-M01,2010,1,mensual,07033,Manacor,Mallorca,,,,U
2010-M01,2010,1,mensual,07039,Muro,Mallorca,0.0,0.0,0.0,A
2010-M01,2010,1,mensual,07040,Palma,Mallorca,36.21,43.94,39.06,A
2010-M01,2010,1,mensual,07042,Pollença,Mallorca,,,,U
2010-M01,2010,1,mensual,07046,Sant Antoni de Portmany,Eivissa,,,,U
2010-M01,2010,1,mensual,07048,Sant Josep de sa Talaia,Eivissa,,,,U
2010-M01,2010,1,mensual,07050,Sant Joan de Labritja,Eivissa,,,,U
2010-M01,2010,1,mensual,07051,Sant Llorenç des Cardassar,Mallorca,44.06,53.09,53.94,A
2010-M01,2010,1,mensual,07052,Sant Lluís,Menorca,0.0,0.0,0.0,A
2010-M01,2010,1,mensual,07054,Santa Eulària des Riu,Eivissa,,,,U
2010-M01,2010,1,mensual,07055,Santa Margalida,Mallorca,,,,U
2010-M01,2010,1,mensual,07057,Santanyí,Mallorca,,,,U
2010-M01,2010,1,mensual,07059,Ses Salines,Mallorca,,,,U
2010-M01,2010,1,mensual,07061,Sóller,Mallorca,,,,U
2010-M01,2010,1,mensual,07062,Son Servera,Mallorca,,,,U
2010-M02,2010,2,mensual,07002,Alaior,Menorca,0.0,0.0,0.0,A
2010-M02,2010,2,mensual,07003,Alcúdia,Mallorca,,,,U
2010-M02,2010,2,mensual,07005,Andratx,Mallorca,,,,U
2010-M02,2010,2,mensual,07011,Calvià,Mallorca,40.78,46.83,45.91,A
2010-M02,2010,2,mensual,07014,Capdepera,Mallorca,,,,U
2010-M02,2010,2,mensual,07015,Ciutadella de Menorca,Menorca,,,,U
2010-M02,2010,2,mensual,07022,Felanitx,Mallorca,,,,U
2010-M02,2010,2,mensual,07024,Formentera,Formentera,,,,U
2010-M02,2010,2,mensual,07026,Eivissa,Eivissa,24.03,36.19,32.36,A
2010-M02,2010,2,mensual,07031,Llucmajor,Mallorca,,,,U
2010-M02,2010,2,mensual,07032,Maó,Menorca,,,,U
2010-M02,2010,2,mensual,07033,Manacor,Mallorca,,,,U
2010-M02,2010,2,mensual,07039,Muro,Mallorca,,,,U
2010-M02,2010,2,mensual,07040,Palma,Mallorca,48.41,57.53,55.06,A
2010-M02,2010,2,mensual,07042,Pollença,Mallorca,,,,U
2010-M02,2010,2,mensual,07046,Sant Antoni de Portmany,Eivissa,,,,U
2010-M02,2010,2,mensual,07048,Sant Josep de sa Talaia,Eivissa,,,,U
2010-M02,2010,2,mensual,07050,Sant Joan de Labritja,Eivissa,,,,U
2010-M02,2010,2,mensual,07051,Sant Llorenç des Cardassar,Mallorca,51.61,48.73,49.64,A
2010-M02,2010,2,mensual,07052,Sant Lluís,Menorca,0.0,0.0,0.0,A
2010-M02,2010,2,mensual,07054,Santa Eulària des Riu,Eivissa,,,,U
2010-M02,2010,2,mensual,07055,Santa Margalida,Mallorca,,,,U
2010-M02,2010,2,mensual,07057,Santanyí,Mallorca,,,,U
2010-M02,2010,2,mensual,07059,Ses Salines,Mallorca,,,,U
2010-M02,2010,2,mensual,07061,Sóller,Mallorca,,,,U
2010-M02,2010,2,mensual,07062,Son Servera,Mallorca,,,,U
2010-M03,2010,3,mensual,07002,Alaior,Menorca,0.0,0.0,0.0,A
2010-M03,2010,3,mensual,07003,Alcúdia,Mallorca,52.35,53.35,50.88,A
2010-M03,2010,3,mensual,07005,Andratx,Mallorca,,,,U
2010-M03,2010,3,mensual,07011,Calvià,Mallorca,53.25,54.89,52.2,A
2010-M03,2010,3,mensual,07014,Capdepera,Mallorca,,,,U
2010-M03,2010,3,mensual,07015,Ciutadella de Menorca,Menorca,,,,U
2010-M03,2010,3,mensual,07022,Felanitx,Mallorca,,,,U
2010-M03,2010,3,mensual,07024,Formentera,Formentera,,,,U
2010-M03,2010,3,mensual,07026,Eivissa,Eivissa,29.29,39.92,29.87,A
2010-M03,2010,3,mensual,07031,Llucmajor,Mallorca,,,,U
2010-M03,2010,3,mensual,07032,Maó,Menorca,,,,U
2010-M03,2010,3,mensual,07033,Manacor,Mallorca,,,,U
2010-M03,2010,3,mensual,07039,Muro,Mallorca,,,,U
2010-M03,2010,3,mensual,07040,Palma,Mallorca,54.29,66.29,62.3,A
2010-M03,2010,3,mensual,07042,Pollença,Mallorca,,,,U
2010-M03,2010,3,mensual,07046,Sant Antoni de Portmany,Eivissa,,,,U
2010-M03,2010,3,mensual,07048,Sant Josep de sa Talaia,Eivissa,,,,U
2010-M03,2010,3,mensual,07050,Sant Joan de Labritja,Eivissa,,,,U
2010-M03,2010,3,mensual,07051,Sant Llorenç des Cardassar,Mallorca,53.04,57.17,57.75,A
2010-M03,2010,3,mensual,07052,Sant Lluís,Menorca,0.0,0.0,0.0,A
2010-M03,2010,3,mensual,07054,Santa Eulària des Riu,Eivissa,,,,U
2010-M03,2010,3,mensual,07055,Santa Margalida,Mallorca,,,,U
2010-M03,2010,3,mensual,07057,Santanyí,Mallorca,,,,U
2010-M03,2010,3,mensual,07059,Ses Salines,Mallorca,,,,U
2010-M03,2010,3,mensual,07061,Sóller,Mallorca,,,,U
2010-M03,2010,3,mensual,07062,Son Servera,Mallorca,54.58,58.46,58.51,A
2010-M04,2010,4,mensual,07002,Alaior,Menorca,,,,U
2010-M04,2010,4,mensual,07003,Alcúdia,Mallorca,34.35,40.85,34.65,A
2010-M04,2010,4,mensual,07005,Andratx,Mallorca,,,,U
2010-M04,2010,4,mensual,07011,Calvià,Mallorca,59.95,61.23,61.71,A
2010-M04,2010,4,mensual,07014,Capdepera,Mallorca,29.68,35.32,30.57,A
2010-M04,2010,4,mensual,07015,Ciutadella de Menorca,Menorca,63.49,60.51,75.15,A
2010-M04,2010,4,mensual,07022,Felanitx,Mallorca,,,,U
2010-M04,2010,4,mensual,07024,Formentera,Formentera,,,,U
2010-M04,2010,4,mensual,07026,Eivissa,Eivissa,53.19,57.56,62.11,A
2010-M04,2010,4,mensual,07031,Llucmajor,Mallorca,60.4,40.1,42.4,A
2010-M04,2010,4,mensual,07032,Maó,Menorca,,,,U
2010-M04,2010,4,mensual,07033,Manacor,Mallorca,,,,U
2010-M04,2010,4,mensual,07039,Muro,Mallorca,41.37,43.17,52.83,A
2010-M04,2010,4,mensual,07040,Palma,Mallorca,61.39,63.49,60.97,A
2010-M04,2010,4,mensual,07042,Pollença,Mallorca,38.99,45.35,58.78,A
2010-M04,2010,4,mensual,07046,Sant Antoni de Portmany,Eivissa,,,,U
2010-M04,2010,4,mensual,07048,Sant Josep de sa Talaia,Eivissa,,,,U
2010-M04,2010,4,mensual,07050,Sant Joan de Labritja,Eivissa,,,,U
2010-M04,2010,4,mensual,07051,Sant Llorenç des Cardassar,Mallorca,46.62,47.93,51.19,A
2010-M04,2010,4,mensual,07052,Sant Lluís,Menorca,,,,U
2010-M04,2010,4,mensual,07054,Santa Eulària des Riu,Eivissa,,,,U
2010-M04,2010,4,mensual,07055,Santa Margalida,Mallorca,47.68,36.87,37.75,A
2010-M04,2010,4,mensual,07057,Santanyí,Mallorca,77.76,49.58,61.82,A
2010-M04,2010,4,mensual,07059,Ses Salines,Mallorca,,,,U
2010-M04,2010,4,mensual,07061,Sóller,Mallorca,,,,U
2010-M04,2010,4,mensual,07062,Son Servera,Mallorca,57.3,64.01,70.31,A
2010-M05,2010,5,mensual,07002,Alaior,Menorca,,,,U
2010-M05,2010,5,mensual,07003,Alcúdia,Mallorca,65.06,52.62,56.59,A
2010-M05,2010,5,mensual,07005,Andratx,Mallorca,63.61,66.6,66.68,A
2010-M05,2010,5,mensual,07011,Calvià,Mallorca,64.27,63.67,65.9,A
2010-M05,2010,5,mensual,07014,Capdepera,Mallorca,52.86,56.64,53.94,A
2010-M05,2010,5,mensual,07015,Ciutadella de Menorca,Menorca,47.59,47.1,39.69,A
2010-M05,2010,5,mensual,07022,Felanitx,Mallorca,,,,U
2010-M05,2010,5,mensual,07024,Formentera,Formentera,33.93,37.07,39.32,A
2010-M05,2010,5,mensual,07026,Eivissa,Eivissa,45.12,51.88,55.1,A
2010-M05,2010,5,mensual,07031,Llucmajor,Mallorca,48.01,48.37,46.06,A
2010-M05,2010,5,mensual,07032,Maó,Menorca,,,,U
2010-M05,2010,5,mensual,07033,Manacor,Mallorca,31.4,30.76,35.14,A
2010-M05,2010,5,mensual,07039,Muro,Mallorca,68.02,71.07,72.63,A
2010-M05,2010,5,mensual,07040,Palma,Mallorca,64.67,66.3,70.08,A
2010-M05,2010,5,mensual,07042,Pollença,Mallorca,54.77,51.16,56.18,A
2010-M05,2010,5,mensual,07046,Sant Antoni de Portmany,Eivissa,55.62,56.58,63.11,A
2010-M05,2010,5,mensual,07048,Sant Josep de sa Talaia,Eivissa,52.85,53.31,62.71,A
2010-M05,2010,5,mensual,07050,Sant Joan de Labritja,Eivissa,,,,U
2010-M05,2010,5,mensual,07051,Sant Llorenç des Cardassar,Mallorca,55.06,51.39,51.54,A
2010-M05,2010,5,mensual,07052,Sant Lluís,Menorca,49.46,41.79,42.64,A
2010-M05,2010,5,mensual,07054,Santa Eulària des Riu,Eivissa,57.27,50.39,57.67,A
2010-M05,2010,5,mensual,07055,Santa Margalida,Mallorca,57.23,62.25,62.7,A
2010-M05,2010,5,mensual,07057,Santanyí,Mallorca,64.78,55.3,61.58,A
2010-M05,2010,5,mensual,07059,Ses Salines,Mallorca,45.93,48.65,48.87,A
2010-M05,2010,5,mensual,07061,Sóller,Mallorca,,,,U
2010-M05,2010,5,mensual,07062,Son Servera,Mallorca,62.87,62.98,65.3,A
2010-M06,2010,6,mensual,07002,Alaior,Menorca,,,,U
2010-M06,2010,6,mensual,07003,Alcúdia,Mallorca,85.77,85.51,87.61,A
2010-M06,2010,6,mensual,07005,Andratx,Mallorca,75.67,79.62,80.34,A
2010-M06,2010,6,mensual,07011,Calvià,Mallorca,76.21,77.83,80.33,A
2010-M06,2010,6,mensual,07014,Capdepera,Mallorca,69.11,72.02,67.7,A
2010-M06,2010,6,mensual,07015,Ciutadella de Menorca,Menorca,68.82,67.08,62.19,A
2010-M06,2010,6,mensual,07022,Felanitx,Mallorca,,,,U
2010-M06,2010,6,mensual,07024,Formentera,Formentera,75.29,80.93,78.33,A
2010-M06,2010,6,mensual,07026,Eivissa,Eivissa,71.7,72.17,76.17,A
2010-M06,2010,6,mensual,07031,Llucmajor,Mallorca,46.62,50.97,51.77,A
2010-M06,2010,6,mensual,07032,Maó,Menorca,,,,U
2010-M06,2010,6,mensual,07033,Manacor,Mallorca,57.89,55.47,54.88,A
2010-M06,2010,6,mensual,07039,Muro,Mallorca,87.64,85.55,87.9,A
2010-M06,2010,6,mensual,07040,Palma,Mallorca,77.08,78.17,78.83,A
2010-M06,2010,6,mensual,07042,Pollença,Mallorca,59.99,58.87,63.29,A
2010-M06,2010,6,mensual,07046,Sant Antoni de Portmany,Eivissa,59.51,60.39,62.65,A
2010-M06,2010,6,mensual,07048,Sant Josep de sa Talaia,Eivissa,75.81,72.08,75.15,A
2010-M06,2010,6,mensual,07050,Sant Joan de Labritja,Eivissa,,,,U
2010-M06,2010,6,mensual,07051,Sant Llorenç des Cardassar,Mallorca,74.82,71.29,67.95,A
2010-M06,2010,6,mensual,07052,Sant Lluís,Menorca,76.46,73.07,75.78,A
2010-M06,2010,6,mensual,07054,Santa Eulària des Riu,Eivissa,60.78,66.35,67.16,A
2010-M06,2010,6,mensual,07055,Santa Margalida,Mallorca,72.52,74.36,72.26,A
2010-M06,2010,6,mensual,07057,Santanyí,Mallorca,75.32,69.47,68.41,A
2010-M06,2010,6,mensual,07059,Ses Salines,Mallorca,70.72,75.95,65.52,A
2010-M06,2010,6,mensual,07061,Sóller,Mallorca,,,,U
2010-M06,2010,6,mensual,07062,Son Servera,Mallorca,79.56,76.63,79.14,A
2010-M07,2010,7,mensual,07002,Alaior,Menorca,,,,U
2010-M07,2010,7,mensual,07003,Alcúdia,Mallorca,91.66,84.69,87.23,A
2010-M07,2010,7,mensual,07005,Andratx,Mallorca,88.56,88.78,91.38,A
2010-M07,2010,7,mensual,07011,Calvià,Mallorca,85.15,83.87,83.14,A
2010-M07,2010,7,mensual,07014,Capdepera,Mallorca,84.47,86.74,85.93,A
2010-M07,2010,7,mensual,07015,Ciutadella de Menorca,Menorca,86.94,84.21,80.61,A
2010-M07,2010,7,mensual,07022,Felanitx,Mallorca,,,,U
2010-M07,2010,7,mensual,07024,Formentera,Formentera,85.38,87.47,86.93,A
2010-M07,2010,7,mensual,07026,Eivissa,Eivissa,84.8,86.76,90.37,A
2010-M07,2010,7,mensual,07031,Llucmajor,Mallorca,59.87,60.08,63.69,A
2010-M07,2010,7,mensual,07032,Maó,Menorca,,,,U
2010-M07,2010,7,mensual,07033,Manacor,Mallorca,82.99,70.75,83.59,A
2010-M07,2010,7,mensual,07039,Muro,Mallorca,93.31,89.17,83.26,A
2010-M07,2010,7,mensual,07040,Palma,Mallorca,80.18,77.98,80.25,A
2010-M07,2010,7,mensual,07042,Pollença,Mallorca,70.07,66.37,74.17,A
2010-M07,2010,7,mensual,07046,Sant Antoni de Portmany,Eivissa,77.71,76.75,76.21,A
2010-M07,2010,7,mensual,07048,Sant Josep de sa Talaia,Eivissa,91.71,89.17,92.12,A
2010-M07,2010,7,mensual,07050,Sant Joan de Labritja,Eivissa,,,,U
2010-M07,2010,7,mensual,07051,Sant Llorenç des Cardassar,Mallorca,93.81,80.75,84.75,A
2010-M07,2010,7,mensual,07052,Sant Lluís,Menorca,99.63,75.55,84.88,A
2010-M07,2010,7,mensual,07054,Santa Eulària des Riu,Eivissa,77.97,78.99,78.17,A
2010-M07,2010,7,mensual,07055,Santa Margalida,Mallorca,83.02,84.5,85.9,A
2010-M07,2010,7,mensual,07057,Santanyí,Mallorca,98.55,86.51,86.66,A
2010-M07,2010,7,mensual,07059,Ses Salines,Mallorca,87.89,78.18,84.11,A
2010-M07,2010,7,mensual,07061,Sóller,Mallorca,,,,U
2010-M07,2010,7,mensual,07062,Son Servera,Mallorca,89.58,88.4,92.35,A
2010-M08,2010,8,mensual,07002,Alaior,Menorca,,,,U
2010-M08,2010,8,mensual,07003,Alcúdia,Mallorca,95.05,93.57,89.77,A
2010-M08,2010,8,mensual,07005,Andratx,Mallorca,96.26,87.14,88.83,A
2010-M08,2010,8,mensual,07011,Calvià,Mallorca,88.83,86.14,88.58,A
2010-M08,2010,8,mensual,07014,Capdepera,Mallorca,90.41,94.23,90.29,A
2010-M08,2010,8,mensual,07015,Ciutadella de Menorca,Menorca,91.87,95.9,89.76,A
2010-M08,2010,8,mensual,07022,Felanitx,Mallorca,,,,U
2010-M08,2010,8,mensual,07024,Formentera,Formentera,90.15,96.06,90.68,A
2010-M08,2010,8,mensual,07026,Eivissa,Eivissa,89.99,92.8,91.73,A
2010-M08,2010,8,mensual,07031,Llucmajor,Mallorca,74.11,80.16,83.58,A
2010-M08,2010,8,mensual,07032,Maó,Menorca,,,,U
2010-M08,2010,8,mensual,07033,Manacor,Mallorca,81.57,77.02,84.79,A
2010-M08,2010,8,mensual,07039,Muro,Mallorca,94.57,96.99,93.61,A
2010-M08,2010,8,mensual,07040,Palma,Mallorca,83.58,84.33,85.11,A
2010-M08,2010,8,mensual,07042,Pollença,Mallorca,82.76,74.47,78.26,A
2010-M08,2010,8,mensual,07046,Sant Antoni de Portmany,Eivissa,90.84,92.43,92.53,A
2010-M08,2010,8,mensual,07048,Sant Josep de sa Talaia,Eivissa,95.03,95.39,96.75,A
2010-M08,2010,8,mensual,07050,Sant Joan de Labritja,Eivissa,,,,U
2010-M08,2010,8,mensual,07051,Sant Llorenç des Cardassar,Mallorca,93.6,86.69,94.11,A
2010-M08,2010,8,mensual,07052,Sant Lluís,Menorca,95.42,87.97,88.66,A
2010-M08,2010,8,mensual,07054,Santa Eulària des Riu,Eivissa,83.17,86.5,84.43,A
2010-M08,2010,8,mensual,07055,Santa Margalida,Mallorca,94.5,93.9,93.82,A
2010-M08,2010,8,mensual,07057,Santanyí,Mallorca,92.1,91.41,92.73,A
2010-M08,2010,8,mensual,07059,Ses Salines,Mallorca,94.18,85.86,94.72,A
2010-M08,2010,8,mensual,07061,Sóller,Mallorca,,,,U
2010-M08,2010,8,mensual,07062,Son Servera,Mallorca,92.43,94.1,97.51,A
2010-M09,2010,9,mensual,07002,Alaior,Menorca,,,,U
2010-M09,2010,9,mensual,07003,Alcúdia,Mallorca,86.67,86.12,82.05,A
2010-M09,2010,9,mensual,07005,Andratx,Mallorca,88.88,84.41,84.86,A
2010-M09,2010,9,mensual,07011,Calvià,Mallorca,76.18,76.76,77.25,A
2010-M09,2010,9,mensual,07014,Capdepera,Mallorca,76.01,84.36,77.61,A
2010-M09,2010,9,mensual,07015,Ciutadella de Menorca,Menorca,71.52,79.03,72.8,A
2010-M09,2010,9,mensual,07022,Felanitx,Mallorca,,,,U
2010-M09,2010,9,mensual,07024,Formentera,Formentera,59.66,63.28,70.68,A
2010-M09,2010,9,mensual,07026,Eivissa,Eivissa,77.07,81.37,88.37,A
2010-M09,2010,9,mensual,07031,Llucmajor,Mallorca,48.52,40.14,48.68,A
2010-M09,2010,9,mensual,07032,Maó,Menorca,,,,U
2010-M09,2010,9,mensual,07033,Manacor,Mallorca,72.97,70.33,76.38,A
2010-M09,2010,9,mensual,07039,Muro,Mallorca,85.83,93.4,84.99,A
2010-M09,2010,9,mensual,07040,Palma,Mallorca,78.0,81.51,79.42,A
2010-M09,2010,9,mensual,07042,Pollença,Mallorca,75.31,73.89,78.51,A
2010-M09,2010,9,mensual,07046,Sant Antoni de Portmany,Eivissa,71.78,74.67,78.61,A
2010-M09,2010,9,mensual,07048,Sant Josep de sa Talaia,Eivissa,71.03,82.79,82.99,A
2010-M09,2010,9,mensual,07050,Sant Joan de Labritja,Eivissa,,,,U
2010-M09,2010,9,mensual,07051,Sant Llorenç des Cardassar,Mallorca,75.46,77.38,79.29,A
2010-M09,2010,9,mensual,07052,Sant Lluís,Menorca,80.42,73.02,83.5,A
2010-M09,2010,9,mensual,07054,Santa Eulària des Riu,Eivissa,65.86,68.15,69.44,A
2010-M09,2010,9,mensual,07055,Santa Margalida,Mallorca,82.6,82.93,79.93,A
2010-M09,2010,9,mensual,07057,Santanyí,Mallorca,82.56,76.38,78.85,A
2010-M09,2010,9,mensual,07059,Ses Salines,Mallorca,74.08,74.97,70.14,A
2010-M09,2010,9,mensual,07061,Sóller,Mallorca,,,,U
2010-M09,2010,9,mensual,07062,Son Servera,Mallorca,76.73,84.48,84.37,A
2010-M10,2010,10,mensual,07002,Alaior,Menorca,,,,U
2010-M10,2010,10,mensual,07003,Alcúdia,Mallorca,53.91,54.61,52.46,A
2010-M10,2010,10,mensual,07005,Andratx,Mallorca,67.06,50.24,48.32,A
2010-M10,2010,10,mensual,07011,Calvià,Mallorca,57.49,57.65,56.54,A
2010-M10,2010,10,mensual,07014,Capdepera,Mallorca,46.67,55.84,52.66,A
2010-M10,2010,10,mensual,07015,Ciutadella de Menorca,Menorca,45.87,57.39,48.74,A
2010-M10,2010,10,mensual,07022,Felanitx,Mallorca,,,,U
2010-M10,2010,10,mensual,07024,Formentera,Formentera,30.47,31.19,31.47,A
2010-M10,2010,10,mensual,07026,Eivissa,Eivissa,48.78,43.89,44.56,A
2010-M10,2010,10,mensual,07031,Llucmajor,Mallorca,29.49,18.83,18.17,A
2010-M10,2010,10,mensual,07032,Maó,Menorca,,,,U
2010-M10,2010,10,mensual,07033,Manacor,Mallorca,,,,U
2010-M10,2010,10,mensual,07039,Muro,Mallorca,61.1,64.59,46.46,A
2010-M10,2010,10,mensual,07040,Palma,Mallorca,59.54,65.34,60.19,A
2010-M10,2010,10,mensual,07042,Pollença,Mallorca,50.49,45.78,47.53,A
2010-M10,2010,10,mensual,07046,Sant Antoni de Portmany,Eivissa,59.8,57.13,60.69,A
2010-M10,2010,10,mensual,07048,Sant Josep de sa Talaia,Eivissa,46.9,75.94,76.69,A
2010-M10,2010,10,mensual,07050,Sant Joan de Labritja,Eivissa,,,,U
2010-M10,2010,10,mensual,07051,Sant Llorenç des Cardassar,Mallorca,47.14,47.03,48.46,A
2010-M10,2010,10,mensual,07052,Sant Lluís,Menorca,,,,U
2010-M10,2010,10,mensual,07054,Santa Eulària des Riu,Eivissa,51.56,51.73,52.78,A
2010-M10,2010,10,mensual,07055,Santa Margalida,Mallorca,55.64,48.97,48.08,A
2010-M10,2010,10,mensual,07057,Santanyí,Mallorca,62.51,59.64,61.15,A
2010-M10,2010,10,mensual,07059,Ses Salines,Mallorca,49.31,56.59,57.99,A
2010-M10,2010,10,mensual,07061,Sóller,Mallorca,,,,U
2010-M10,2010,10,mensual,07062,Son Servera,Mallorca,58.86,61.65,56.14,A
2010-M11,2010,11,mensual,07002,Alaior,Menorca,0.0,0.0,0.0,A
2010-M11,2010,11,mensual,07003,Alcúdia,Mallorca,,,,U
2010-M11,2010,11,mensual,07005,Andratx,Mallorca,,,,U
2010-M11,2010,11,mensual,07011,Calvià,Mallorca,45.02,53.61,56.74,A
2010-M11,2010,11,mensual,07014,Capdepera,Mallorca,,,,U
2010-M11,2010,11,mensual,07015,Ciutadella de Menorca,Menorca,,,,U
2010-M11,2010,11,mensual,07022,Felanitx,Mallorca,,,,U
2010-M11,2010,11,mensual,07024,Formentera,Formentera,,,,U
2010-M11,2010,11,mensual,07026,Eivissa,Eivissa,26.78,36.62,25.47,A
2010-M11,2010,11,mensual,07031,Llucmajor,Mallorca,,,,U
2010-M11,2010,11,mensual,07032,Maó,Menorca,,,,U
2010-M11,2010,11,mensual,07033,Manacor,Mallorca,,,,U
2010-M11,2010,11,mensual,07039,Muro,Mallorca,,,,U
2010-M11,2010,11,mensual,07040,Palma,Mallorca,50.81,61.1,56.76,A
2010-M11,2010,11,mensual,07042,Pollença,Mallorca,,,,U
2010-M11,2010,11,mensual,07046,Sant Antoni de Portmany,Eivissa,,,,U
2010-M11,2010,11,mensual,07048,Sant Josep de sa Talaia,Eivissa,,,,U
2010-M11,2010,11,mensual,07050,Sant Joan de Labritja,Eivissa,,,,U
2010-M11,2010,11,mensual,07051,Sant Llorenç des Cardassar,Mallorca,,,,U
2010-M11,2010,11,mensual,07052,Sant Lluís,Menorca,0.0,0.0,0.0,A
2010-M11,2010,11,mensual,07054,Santa Eulària des Riu,Eivissa,,,,U
2010-M11,2010,11,mensual,07055,Santa Margalida,Mallorca,,,,U
2010-M11,2010,11,mensual,07057,Santanyí,Mallorca,,,,U
2010-M11,2010,11,mensual,07059,Ses Salines,Mallorca,,,,U
2010-M11,2010,11,mensual,07061,Sóller,Mallorca,,,,U
2010-M11,2010,11,mensual,07062,Son Servera,Mallorca,,,,U
2010-M12,2010,12,mensual,07002,Alaior,Menorca,0.0,0.0,0.0,A
2010-M12,2010,12,mensual,07003,Alcúdia,Mallorca,,,,U
2010-M12,2010,12,mensual,07005,Andratx,Mallorca,,,,U
2010-M12,2010,12,mensual,07011,Calvià,Mallorca,25.05,29.3,28.3,A
2010-M12,2010,12,mensual,07014,Capdepera,Mallorca,,,,U
2010-M12,2010,12,mensual,07015,Ciutadella de Menorca,Menorca,,,,U
2010-M12,2010,12,mensual,07022,Felanitx,Mallorca,,,,U
2010-M12,2010,12,mensual,07024,Formentera,Formentera,,,,U
2010-M12,2010,12,mensual,07026,Eivissa,Eivissa,22.62,25.68,21.21,A
2010-M12,2010,12,mensual,07031,Llucmajor,Mallorca,,,,U
2010-M12,2010,12,mensual,07032,Maó,Menorca,,,,U
2010-M12,2010,12,mensual,07033,Manacor,Mallorca,,,,U
2010-M12,2010,12,mensual,07039,Muro,Mallorca,0.0,0.0,0.0,A
2010-M12,2010,12,mensual,07040,Palma,Mallorca,39.19,45.2,42.33,A
2010-M12,2010,12,mensual,07042,Pollença,Mallorca,,,,U
2010-M12,2010,12,mensual,07046,Sant Antoni de Portmany,Eivissa,,,,U
2010-M12,2010,12,mensual,07048,Sant Josep de sa Talaia,Eivissa,,,,U
2010-M12,2010,12,mensual,07050,Sant Joan de Labritja,Eivissa,,,,U
2010-M12,2010,12,mensual,07051,Sant Llorenç des Cardassar,Mallorca,,,,U
2010-M12,2010,12,mensual,07052,Sant Lluís,Menorca,0.0,0.0,0.0,A
2010-M12,2010,12,mensual,07054,Santa Eulària des Riu,Eivissa,,,,U
2010-M12,2010,12,mensual,07055,Santa Margalida,Mallorca,,,,U
2010-M12,2010,12,mensual,07057,Santanyí,Mallorca,,,,U
2010-M12,2010,12,mensual,07059,Ses Salines,Mallorca,,,,U
2010-M12,2010,12,mensual,07061,Sóller,Mallorca,,,,U
2010-M12,2010,12,mensual,07062,Son Servera,Mallorca,,,,U
2011,2011,,anual,07002,Alaior,Menorca,,,,U
2011,2011,,anual,07003,Alcúdia,Mallorca,71.78,68.73,69.46,A
2011,2011,,anual,07005,Andratx,Mallorca,80.25,78.08,75.53,A
2011,2011,,anual,07011,Calvià,Mallorca,74.49,74.93,74.66,A
2011,2011,,anual,07014,Capdepera,Mallorca,73.78,79.09,74.59,A
2011,2011,,anual,07015,Ciutadella de Menorca,Menorca,69.9,71.5,66.76,A
2011,2011,,anual,07022,Felanitx,Mallorca,,,,U
2011,2011,,anual,07024,Formentera,Formentera,70.17,73.65,71.17,A
2011,2011,,anual,07026,Eivissa,Eivissa,71.09,73.38,72.52,A
2011,2011,,anual,07031,Llucmajor,Mallorca,70.57,66.16,68.9,A
2011,2011,,anual,07032,Maó,Menorca,,,,U
2011,2011,,anual,07033,Manacor,Mallorca,73.68,74.37,74.77,A
2011,2011,,anual,07039,Muro,Mallorca,82.88,83.23,79.24,A
2011,2011,,anual,07040,Palma,Mallorca,71.1,75.53,74.42,A
2011,2011,,anual,07042,Pollença,Mallorca,68.21,69.46,71.83,A
2011,2011,,anual,07046,Sant Antoni de Portmany,Eivissa,76.6,75.12,77.09,A
2011,2011,,anual,07048,Sant Josep de sa Talaia,Eivissa,79.07,79.59,79.91,A
2011,2011,,anual,07050,Sant Joan de Labritja,Eivissa,74.16,74.96,75.27,A
2011,2011,,anual,07051,Sant Llorenç des Cardassar,Mallorca,72.29,72.89,70.46,A
2011,2011,,anual,07052,Sant Lluís,Menorca,67.25,71.18,61.51,A
2011,2011,,anual,07054,Santa Eulària des Riu,Eivissa,67.11,73.54,70.33,A
2011,2011,,anual,07055,Santa Margalida,Mallorca,81.73,83.56,82.59,A
2011,2011,,anual,07057,Santanyí,Mallorca,78.51,79.43,79.51,A
2011,2011,,anual,07059,Ses Salines,Mallorca,82.52,79.5,77.78,A
2011,2011,,anual,07061,Sóller,Mallorca,70.47,66.19,67.1,A
2011,2011,,anual,07062,Son Servera,Mallorca,67.41,66.33,66.51,A
2011-M01,2011,1,mensual,07002,Alaior,Menorca,,,,U
2011-M01,2011,1,mensual,07003,Alcúdia,Mallorca,,,,U
2011-M01,2011,1,mensual,07005,Andratx,Mallorca,,,,U
2011-M01,2011,1,mensual,07011,Calvià,Mallorca,34.64,34.06,31.36,A
2011-M01,2011,1,mensual,07014,Capdepera,Mallorca,,,,U
2011-M01,2011,1,mensual,07015,Ciutadella de Menorca,Menorca,,,,U
2011-M01,2011,1,mensual,07022,Felanitx,Mallorca,,,,U
2011-M01,2011,1,mensual,07024,Formentera,Formentera,,,,U
2011-M01,2011,1,mensual,07026,Eivissa,Eivissa,,,,U
2011-M01,2011,1,mensual,07031,Llucmajor,Mallorca,,,,U
2011-M01,2011,1,mensual,07032,Maó,Menorca,,,,U
2011-M01,2011,1,mensual,07033,Manacor,Mallorca,,,,U
2011-M01,2011,1,mensual,07039,Muro,Mallorca,0.0,0.0,0.0,A
2011-M01,2011,1,mensual,07040,Palma,Mallorca,33.98,42.38,35.39,A
2011-M01,2011,1,mensual,07042,Pollença,Mallorca,,,,U
2011-M01,2011,1,mensual,07046,Sant Antoni de Portmany,Eivissa,,,,U
2011-M01,2011,1,mensual,07048,Sant Josep de sa Talaia,Eivissa,,,,U
2011-M01,2011,1,mensual,07050,Sant Joan de Labritja,Eivissa,,,,U
2011-M01,2011,1,mensual,07051,Sant Llorenç des Cardassar,Mallorca,41.85,47.86,39.68,A
2011-M01,2011,1,mensual,07052,Sant Lluís,Menorca,0.0,0.0,0.0,A
2011-M01,2011,1,mensual,07054,Santa Eulària des Riu,Eivissa,,,,U
2011-M01,2011,1,mensual,07055,Santa Margalida,Mallorca,,,,U
2011-M01,2011,1,mensual,07057,Santanyí,Mallorca,,,,U
2011-M01,2011,1,mensual,07059,Ses Salines,Mallorca,0.0,0.0,0.0,A
2011-M01,2011,1,mensual,07061,Sóller,Mallorca,,,,U
2011-M01,2011,1,mensual,07062,Son Servera,Mallorca,,,,U
2011-M02,2011,2,mensual,07002,Alaior,Menorca,,,,U
2011-M02,2011,2,mensual,07003,Alcúdia,Mallorca,,,,U
2011-M02,2011,2,mensual,07005,Andratx,Mallorca,,,,U
2011-M02,2011,2,mensual,07011,Calvià,Mallorca,46.02,41.23,42.66,A
2011-M02,2011,2,mensual,07014,Capdepera,Mallorca,,,,U
2011-M02,2011,2,mensual,07015,Ciutadella de Menorca,Menorca,,,,U
2011-M02,2011,2,mensual,07022,Felanitx,Mallorca,,,,U
2011-M02,2011,2,mensual,07024,Formentera,Formentera,,,,U
2011-M02,2011,2,mensual,07026,Eivissa,Eivissa,29.85,42.29,32.48,A
2011-M02,2011,2,mensual,07031,Llucmajor,Mallorca,,,,U
2011-M02,2011,2,mensual,07032,Maó,Menorca,,,,U
2011-M02,2011,2,mensual,07033,Manacor,Mallorca,,,,U
2011-M02,2011,2,mensual,07039,Muro,Mallorca,,,,U
2011-M02,2011,2,mensual,07040,Palma,Mallorca,44.86,49.3,46.48,A
2011-M02,2011,2,mensual,07042,Pollença,Mallorca,,,,U
2011-M02,2011,2,mensual,07046,Sant Antoni de Portmany,Eivissa,,,,U
2011-M02,2011,2,mensual,07048,Sant Josep de sa Talaia,Eivissa,,,,U
2011-M02,2011,2,mensual,07050,Sant Joan de Labritja,Eivissa,,,,U
2011-M02,2011,2,mensual,07051,Sant Llorenç des Cardassar,Mallorca,51.82,57.97,51.81,A
2011-M02,2011,2,mensual,07052,Sant Lluís,Menorca,0.0,0.0,0.0,A
2011-M02,2011,2,mensual,07054,Santa Eulària des Riu,Eivissa,,,,U
2011-M02,2011,2,mensual,07055,Santa Margalida,Mallorca,,,,U
2011-M02,2011,2,mensual,07057,Santanyí,Mallorca,,,,U
2011-M02,2011,2,mensual,07059,Ses Salines,Mallorca,,,,U
2011-M02,2011,2,mensual,07061,Sóller,Mallorca,,,,U
2011-M02,2011,2,mensual,07062,Son Servera,Mallorca,,,,U
2011-M03,2011,3,mensual,07002,Alaior,Menorca,,,,U
2011-M03,2011,3,mensual,07003,Alcúdia,Mallorca,40.23,41.9,34.69,A
2011-M03,2011,3,mensual,07005,Andratx,Mallorca,,,,U
2011-M03,2011,3,mensual,07011,Calvià,Mallorca,55.92,59.28,56.09,A
2011-M03,2011,3,mensual,07014,Capdepera,Mallorca,,,,U
2011-M03,2011,3,mensual,07015,Ciutadella de Menorca,Menorca,,,,U
2011-M03,2011,3,mensual,07022,Felanitx,Mallorca,,,,U
2011-M03,2011,3,mensual,07024,Formentera,Formentera,,,,U
2011-M03,2011,3,mensual,07026,Eivissa,Eivissa,38.67,51.74,43.63,A
2011-M03,2011,3,mensual,07031,Llucmajor,Mallorca,65.17,63.73,61.3,A
2011-M03,2011,3,mensual,07032,Maó,Menorca,,,,U
2011-M03,2011,3,mensual,07033,Manacor,Mallorca,,,,U
2011-M03,2011,3,mensual,07039,Muro,Mallorca,,,,U
2011-M03,2011,3,mensual,07040,Palma,Mallorca,55.54,64.87,57.82,A
2011-M03,2011,3,mensual,07042,Pollença,Mallorca,,,,U
2011-M03,2011,3,mensual,07046,Sant Antoni de Portmany,Eivissa,,,,U
2011-M03,2011,3,mensual,07048,Sant Josep de sa Talaia,Eivissa,,,,U
2011-M03,2011,3,mensual,07050,Sant Joan de Labritja,Eivissa,,,,U
2011-M03,2011,3,mensual,07051,Sant Llorenç des Cardassar,Mallorca,47.95,53.9,51.3,A
2011-M03,2011,3,mensual,07052,Sant Lluís,Menorca,0.0,0.0,0.0,A
2011-M03,2011,3,mensual,07054,Santa Eulària des Riu,Eivissa,,,,U
2011-M03,2011,3,mensual,07055,Santa Margalida,Mallorca,,,,U
2011-M03,2011,3,mensual,07057,Santanyí,Mallorca,,,,U
2011-M03,2011,3,mensual,07059,Ses Salines,Mallorca,,,,U
2011-M03,2011,3,mensual,07061,Sóller,Mallorca,,,,U
2011-M03,2011,3,mensual,07062,Son Servera,Mallorca,,,,U
2011-M04,2011,4,mensual,07002,Alaior,Menorca,,,,U
2011-M04,2011,4,mensual,07003,Alcúdia,Mallorca,20.22,22.99,26.2,A
2011-M04,2011,4,mensual,07005,Andratx,Mallorca,77.95,82.94,74.44,A
2011-M04,2011,4,mensual,07011,Calvià,Mallorca,67.75,67.88,67.09,A
2011-M04,2011,4,mensual,07014,Capdepera,Mallorca,58.69,65.68,58.98,A
2011-M04,2011,4,mensual,07015,Ciutadella de Menorca,Menorca,66.44,79.71,84.34,A
2011-M04,2011,4,mensual,07022,Felanitx,Mallorca,,,,U
2011-M04,2011,4,mensual,07024,Formentera,Formentera,,,,U
2011-M04,2011,4,mensual,07026,Eivissa,Eivissa,52.29,62.61,61.38,A
2011-M04,2011,4,mensual,07031,Llucmajor,Mallorca,65.56,59.65,58.22,A
2011-M04,2011,4,mensual,07032,Maó,Menorca,,,,U
2011-M04,2011,4,mensual,07033,Manacor,Mallorca,,,,U
2011-M04,2011,4,mensual,07039,Muro,Mallorca,59.28,59.95,59.52,A
2011-M04,2011,4,mensual,07040,Palma,Mallorca,69.31,72.48,71.68,A
2011-M04,2011,4,mensual,07042,Pollença,Mallorca,55.94,61.71,66.22,A
2011-M04,2011,4,mensual,07046,Sant Antoni de Portmany,Eivissa,,,,U
2011-M04,2011,4,mensual,07048,Sant Josep de sa Talaia,Eivissa,,,,U
2011-M04,2011,4,mensual,07050,Sant Joan de Labritja,Eivissa,,,,U
2011-M04,2011,4,mensual,07051,Sant Llorenç des Cardassar,Mallorca,60.41,54.3,52.91,A
2011-M04,2011,4,mensual,07052,Sant Lluís,Menorca,,,,U
2011-M04,2011,4,mensual,07054,Santa Eulària des Riu,Eivissa,,,,U
2011-M04,2011,4,mensual,07055,Santa Margalida,Mallorca,66.71,74.22,69.61,A
2011-M04,2011,4,mensual,07057,Santanyí,Mallorca,76.5,56.64,79.1,A
2011-M04,2011,4,mensual,07059,Ses Salines,Mallorca,,,,U
2011-M04,2011,4,mensual,07061,Sóller,Mallorca,70.23,61.65,61.71,A
2011-M04,2011,4,mensual,07062,Son Servera,Mallorca,46.2,50.54,54.48,A
2011-M05,2011,5,mensual,07002,Alaior,Menorca,,,,U
2011-M05,2011,5,mensual,07003,Alcúdia,Mallorca,65.7,55.26,57.51,A
2011-M05,2011,5,mensual,07005,Andratx,Mallorca,72.3,78.64,75.58,A
2011-M05,2011,5,mensual,07011,Calvià,Mallorca,66.17,63.78,66.94,A
2011-M05,2011,5,mensual,07014,Capdepera,Mallorca,49.13,54.98,53.13,A
2011-M05,2011,5,mensual,07015,Ciutadella de Menorca,Menorca,47.03,49.17,44.73,A
2011-M05,2011,5,mensual,07022,Felanitx,Mallorca,,,,U
2011-M05,2011,5,mensual,07024,Formentera,Formentera,43.58,46.17,46.33,A
2011-M05,2011,5,mensual,07026,Eivissa,Eivissa,53.26,57.8,55.32,A
2011-M05,2011,5,mensual,07031,Llucmajor,Mallorca,51.16,56.19,61.96,A
2011-M05,2011,5,mensual,07032,Maó,Menorca,,,,U
2011-M05,2011,5,mensual,07033,Manacor,Mallorca,48.35,45.42,48.42,A
2011-M05,2011,5,mensual,07039,Muro,Mallorca,69.95,78.13,71.41,A
2011-M05,2011,5,mensual,07040,Palma,Mallorca,73.22,80.01,82.71,A
2011-M05,2011,5,mensual,07042,Pollença,Mallorca,53.98,58.69,58.41,A
2011-M05,2011,5,mensual,07046,Sant Antoni de Portmany,Eivissa,53.04,50.41,54.78,A
2011-M05,2011,5,mensual,07048,Sant Josep de sa Talaia,Eivissa,49.25,50.44,59.33,A
2011-M05,2011,5,mensual,07050,Sant Joan de Labritja,Eivissa,33.02,33.94,33.61,A
2011-M05,2011,5,mensual,07051,Sant Llorenç des Cardassar,Mallorca,54.81,55.05,53.45,A
2011-M05,2011,5,mensual,07052,Sant Lluís,Menorca,,,,U
2011-M05,2011,5,mensual,07054,Santa Eulària des Riu,Eivissa,48.57,53.14,52.44,A
2011-M05,2011,5,mensual,07055,Santa Margalida,Mallorca,65.93,69.04,68.7,A
2011-M05,2011,5,mensual,07057,Santanyí,Mallorca,63.1,68.47,70.15,A
2011-M05,2011,5,mensual,07059,Ses Salines,Mallorca,54.94,53.71,52.12,A
2011-M05,2011,5,mensual,07061,Sóller,Mallorca,69.61,69.41,68.95,A
2011-M05,2011,5,mensual,07062,Son Servera,Mallorca,57.12,51.91,51.35,A
2011-M06,2011,6,mensual,07002,Alaior,Menorca,,,,U
2011-M06,2011,6,mensual,07003,Alcúdia,Mallorca,86.57,83.33,85.93,A
2011-M06,2011,6,mensual,07005,Andratx,Mallorca,85.17,89.41,87.24,A
2011-M06,2011,6,mensual,07011,Calvià,Mallorca,81.14,85.52,85.06,A
2011-M06,2011,6,mensual,07014,Capdepera,Mallorca,79.73,86.14,82.38,A
2011-M06,2011,6,mensual,07015,Ciutadella de Menorca,Menorca,74.04,76.25,67.68,A
2011-M06,2011,6,mensual,07022,Felanitx,Mallorca,,,,U
2011-M06,2011,6,mensual,07024,Formentera,Formentera,81.47,84.18,84.53,A
2011-M06,2011,6,mensual,07026,Eivissa,Eivissa,78.75,79.62,76.9,A
2011-M06,2011,6,mensual,07031,Llucmajor,Mallorca,69.42,61.02,63.13,A
2011-M06,2011,6,mensual,07032,Maó,Menorca,,,,U
2011-M06,2011,6,mensual,07033,Manacor,Mallorca,57.7,63.38,73.46,A
2011-M06,2011,6,mensual,07039,Muro,Mallorca,87.33,92.77,89.2,A
2011-M06,2011,6,mensual,07040,Palma,Mallorca,85.44,85.54,87.36,A
2011-M06,2011,6,mensual,07042,Pollença,Mallorca,70.61,66.34,68.01,A
2011-M06,2011,6,mensual,07046,Sant Antoni de Portmany,Eivissa,74.69,77.65,77.9,A
2011-M06,2011,6,mensual,07048,Sant Josep de sa Talaia,Eivissa,85.31,79.8,79.92,A
2011-M06,2011,6,mensual,07050,Sant Joan de Labritja,Eivissa,72.16,73.26,70.4,A
2011-M06,2011,6,mensual,07051,Sant Llorenç des Cardassar,Mallorca,82.5,79.64,79.86,A
2011-M06,2011,6,mensual,07052,Sant Lluís,Menorca,,,,U
2011-M06,2011,6,mensual,07054,Santa Eulària des Riu,Eivissa,65.08,69.21,65.53,A
2011-M06,2011,6,mensual,07055,Santa Margalida,Mallorca,89.4,91.47,91.5,A
2011-M06,2011,6,mensual,07057,Santanyí,Mallorca,86.61,87.81,85.35,A
2011-M06,2011,6,mensual,07059,Ses Salines,Mallorca,88.74,88.25,83.8,A
2011-M06,2011,6,mensual,07061,Sóller,Mallorca,70.74,66.81,67.76,A
2011-M06,2011,6,mensual,07062,Son Servera,Mallorca,67.7,63.3,60.54,A
2011-M07,2011,7,mensual,07002,Alaior,Menorca,,,,U
2011-M07,2011,7,mensual,07003,Alcúdia,Mallorca,89.71,88.4,89.56,A
2011-M07,2011,7,mensual,07005,Andratx,Mallorca,98.02,85.67,83.27,A
2011-M07,2011,7,mensual,07011,Calvià,Mallorca,92.82,92.3,91.63,A
2011-M07,2011,7,mensual,07014,Capdepera,Mallorca,90.92,92.77,90.38,A
2011-M07,2011,7,mensual,07015,Ciutadella de Menorca,Menorca,84.17,80.65,76.92,A
2011-M07,2011,7,mensual,07022,Felanitx,Mallorca,,,,U
2011-M07,2011,7,mensual,07024,Formentera,Formentera,88.11,91.86,86.78,A
2011-M07,2011,7,mensual,07026,Eivissa,Eivissa,91.57,91.73,91.18,A
2011-M07,2011,7,mensual,07031,Llucmajor,Mallorca,91.92,76.91,83.41,A
2011-M07,2011,7,mensual,07032,Maó,Menorca,,,,U
2011-M07,2011,7,mensual,07033,Manacor,Mallorca,94.6,93.06,95.88,A
2011-M07,2011,7,mensual,07039,Muro,Mallorca,98.83,95.62,94.99,A
2011-M07,2011,7,mensual,07040,Palma,Mallorca,86.81,89.57,89.52,A
2011-M07,2011,7,mensual,07042,Pollença,Mallorca,76.58,82.66,84.02,A
2011-M07,2011,7,mensual,07046,Sant Antoni de Portmany,Eivissa,94.25,89.62,92.12,A
2011-M07,2011,7,mensual,07048,Sant Josep de sa Talaia,Eivissa,92.91,93.1,92.81,A
2011-M07,2011,7,mensual,07050,Sant Joan de Labritja,Eivissa,94.65,94.23,91.91,A
2011-M07,2011,7,mensual,07051,Sant Llorenç des Cardassar,Mallorca,92.87,89.97,87.13,A
2011-M07,2011,7,mensual,07052,Sant Lluís,Menorca,,,,U
2011-M07,2011,7,mensual,07054,Santa Eulària des Riu,Eivissa,81.74,88.39,84.32,A
2011-M07,2011,7,mensual,07055,Santa Margalida,Mallorca,91.97,94.65,93.78,A
2011-M07,2011,7,mensual,07057,Santanyí,Mallorca,92.88,92.12,89.36,A
2011-M07,2011,7,mensual,07059,Ses Salines,Mallorca,98.65,95.78,95.53,A
2011-M07,2011,7,mensual,07061,Sóller,Mallorca,83.67,80.84,84.7,A
2011-M07,2011,7,mensual,07062,Son Servera,Mallorca,72.66,69.24,71.66,A
2011-M08,2011,8,mensual,07002,Alaior,Menorca,,,,U
2011-M08,2011,8,mensual,07003,Alcúdia,Mallorca,96.51,93.81,96.32,A
2011-M08,2011,8,mensual,07005,Andratx,Mallorca,99.15,91.85,94.0,A
2011-M08,2011,8,mensual,07011,Calvià,Mallorca,92.97,93.32,92.98,A
2011-M08,2011,8,mensual,07014,Capdepera,Mallorca,93.06,95.73,90.7,A
2011-M08,2011,8,mensual,07015,Ciutadella de Menorca,Menorca,94.2,95.53,88.97,A
2011-M08,2011,8,mensual,07022,Felanitx,Mallorca,,,,U
2011-M08,2011,8,mensual,07024,Formentera,Formentera,89.4,94.93,88.98,A
2011-M08,2011,8,mensual,07026,Eivissa,Eivissa,91.33,92.16,93.49,A
2011-M08,2011,8,mensual,07031,Llucmajor,Mallorca,91.75,86.81,92.36,A
2011-M08,2011,8,mensual,07032,Maó,Menorca,,,,U
2011-M08,2011,8,mensual,07033,Manacor,Mallorca,100.0,96.48,96.71,A
2011-M08,2011,8,mensual,07039,Muro,Mallorca,99.71,97.49,96.01,A
2011-M08,2011,8,mensual,07040,Palma,Mallorca,88.36,93.27,92.79,A
2011-M08,2011,8,mensual,07042,Pollença,Mallorca,87.16,82.95,82.98,A
2011-M08,2011,8,mensual,07046,Sant Antoni de Portmany,Eivissa,90.34,91.76,93.48,A
2011-M08,2011,8,mensual,07048,Sant Josep de sa Talaia,Eivissa,96.33,94.92,96.5,A
2011-M08,2011,8,mensual,07050,Sant Joan de Labritja,Eivissa,,,,U
2011-M08,2011,8,mensual,07051,Sant Llorenç des Cardassar,Mallorca,92.76,93.87,93.94,A
2011-M08,2011,8,mensual,07052,Sant Lluís,Menorca,,,,U
2011-M08,2011,8,mensual,07054,Santa Eulària des Riu,Eivissa,82.4,88.4,85.92,A
2011-M08,2011,8,mensual,07055,Santa Margalida,Mallorca,93.26,96.09,97.6,A
2011-M08,2011,8,mensual,07057,Santanyí,Mallorca,93.82,94.29,94.23,A
2011-M08,2011,8,mensual,07059,Ses Salines,Mallorca,100.0,98.08,97.6,A
2011-M08,2011,8,mensual,07061,Sóller,Mallorca,98.48,91.8,96.3,A
2011-M08,2011,8,mensual,07062,Son Servera,Mallorca,95.92,95.4,97.1,A
2011-M09,2011,9,mensual,07002,Alaior,Menorca,,,,U
2011-M09,2011,9,mensual,07003,Alcúdia,Mallorca,89.19,84.53,84.61,A
2011-M09,2011,9,mensual,07005,Andratx,Mallorca,91.29,88.08,83.56,A
2011-M09,2011,9,mensual,07011,Calvià,Mallorca,83.41,84.0,82.92,A
2011-M09,2011,9,mensual,07014,Capdepera,Mallorca,83.28,91.84,84.51,A
2011-M09,2011,9,mensual,07015,Ciutadella de Menorca,Menorca,73.33,75.71,70.29,A
2011-M09,2011,9,mensual,07022,Felanitx,Mallorca,,,,U
2011-M09,2011,9,mensual,07024,Formentera,Formentera,69.43,75.48,71.83,A
2011-M09,2011,9,mensual,07026,Eivissa,Eivissa,82.88,84.82,87.6,A
2011-M09,2011,9,mensual,07031,Llucmajor,Mallorca,69.79,68.31,69.31,A
2011-M09,2011,9,mensual,07032,Maó,Menorca,,,,U
2011-M09,2011,9,mensual,07033,Manacor,Mallorca,86.79,89.02,81.53,A
2011-M09,2011,9,mensual,07039,Muro,Mallorca,88.89,92.81,81.33,A
2011-M09,2011,9,mensual,07040,Palma,Mallorca,81.95,89.89,87.52,A
2011-M09,2011,9,mensual,07042,Pollença,Mallorca,82.31,85.22,84.77,A
2011-M09,2011,9,mensual,07046,Sant Antoni de Portmany,Eivissa,77.88,75.48,80.09,A
2011-M09,2011,9,mensual,07048,Sant Josep de sa Talaia,Eivissa,83.45,89.73,79.84,A
2011-M09,2011,9,mensual,07050,Sant Joan de Labritja,Eivissa,,,,U
2011-M09,2011,9,mensual,07051,Sant Llorenç des Cardassar,Mallorca,80.44,86.01,80.58,A
2011-M09,2011,9,mensual,07052,Sant Lluís,Menorca,,,,U
2011-M09,2011,9,mensual,07054,Santa Eulària des Riu,Eivissa,66.77,79.41,77.37,A
2011-M09,2011,9,mensual,07055,Santa Margalida,Mallorca,91.63,95.76,92.91,A
2011-M09,2011,9,mensual,07057,Santanyí,Mallorca,86.59,87.31,83.22,A
2011-M09,2011,9,mensual,07059,Ses Salines,Mallorca,97.51,97.1,97.04,A
2011-M09,2011,9,mensual,07061,Sóller,Mallorca,80.11,80.63,79.31,A
2011-M09,2011,9,mensual,07062,Son Servera,Mallorca,83.09,83.98,83.34,A
2011-M10,2011,10,mensual,07002,Alaior,Menorca,,,,U
2011-M10,2011,10,mensual,07003,Alcúdia,Mallorca,57.11,52.46,51.56,A
2011-M10,2011,10,mensual,07005,Andratx,Mallorca,82.09,70.69,67.63,A
2011-M10,2011,10,mensual,07011,Calvià,Mallorca,55.49,55.15,54.55,A
2011-M10,2011,10,mensual,07014,Capdepera,Mallorca,53.27,58.96,51.59,A
2011-M10,2011,10,mensual,07015,Ciutadella de Menorca,Menorca,39.67,42.63,37.51,A
2011-M10,2011,10,mensual,07022,Felanitx,Mallorca,,,,U
2011-M10,2011,10,mensual,07024,Formentera,Formentera,27.05,24.97,27.97,A
2011-M10,2011,10,mensual,07026,Eivissa,Eivissa,51.44,49.39,48.73,A
2011-M10,2011,10,mensual,07031,Llucmajor,Mallorca,37.99,33.32,34.38,A
2011-M10,2011,10,mensual,07032,Maó,Menorca,,,,U
2011-M10,2011,10,mensual,07033,Manacor,Mallorca,44.62,42.38,40.02,A
2011-M10,2011,10,mensual,07039,Muro,Mallorca,63.16,51.47,48.31,A
2011-M10,2011,10,mensual,07040,Palma,Mallorca,67.01,66.03,64.42,A
2011-M10,2011,10,mensual,07042,Pollença,Mallorca,56.81,55.01,60.95,A
2011-M10,2011,10,mensual,07046,Sant Antoni de Portmany,Eivissa,68.28,66.28,65.42,A
2011-M10,2011,10,mensual,07048,Sant Josep de sa Talaia,Eivissa,52.98,67.32,64.55,A
2011-M10,2011,10,mensual,07050,Sant Joan de Labritja,Eivissa,,,,U
2011-M10,2011,10,mensual,07051,Sant Llorenç des Cardassar,Mallorca,56.27,58.65,55.0,A
2011-M10,2011,10,mensual,07052,Sant Lluís,Menorca,,,,U
2011-M10,2011,10,mensual,07054,Santa Eulària des Riu,Eivissa,51.86,54.05,44.87,A
2011-M10,2011,10,mensual,07055,Santa Margalida,Mallorca,69.2,63.14,61.37,A
2011-M10,2011,10,mensual,07057,Santanyí,Mallorca,67.17,71.25,75.3,A
2011-M10,2011,10,mensual,07059,Ses Salines,Mallorca,63.6,41.05,36.43,A
2011-M10,2011,10,mensual,07061,Sóller,Mallorca,,,,U
2011-M10,2011,10,mensual,07062,Son Servera,Mallorca,55.11,56.7,53.26,A
2011-M11,2011,11,mensual,07002,Alaior,Menorca,,,,U
2011-M11,2011,11,mensual,07003,Alcúdia,Mallorca,,,,U
2011-M11,2011,11,mensual,07005,Andratx,Mallorca,,,,U
2011-M11,2011,11,mensual,07011,Calvià,Mallorca,44.63,49.21,48.58,A
2011-M11,2011,11,mensual,07014,Capdepera,Mallorca,,,,U
2011-M11,2011,11,mensual,07015,Ciutadella de Menorca,Menorca,,,,U
2011-M11,2011,11,mensual,07022,Felanitx,Mallorca,,,,U
2011-M11,2011,11,mensual,07024,Formentera,Formentera,,,,U
2011-M11,2011,11,mensual,07026,Eivissa,Eivissa,27.57,34.53,30.28,A
2011-M11,2011,11,mensual,07031,Llucmajor,Mallorca,,,,U
2011-M11,2011,11,mensual,07032,Maó,Menorca,,,,U
2011-M11,2011,11,mensual,07033,Manacor,Mallorca,,,,U
2011-M11,2011,11,mensual,07039,Muro,Mallorca,0.0,0.0,0.0,A
2011-M11,2011,11,mensual,07040,Palma,Mallorca,49.37,54.21,50.96,A
2011-M11,2011,11,mensual,07042,Pollença,Mallorca,,,,U
2011-M11,2011,11,mensual,07046,Sant Antoni de Portmany,Eivissa,,,,U
2011-M11,2011,11,mensual,07048,Sant Josep de sa Talaia,Eivissa,,,,U
2011-M11,2011,11,mensual,07050,Sant Joan de Labritja,Eivissa,,,,U
2011-M11,2011,11,mensual,07051,Sant Llorenç des Cardassar,Mallorca,,,,U
2011-M11,2011,11,mensual,07052,Sant Lluís,Menorca,0.0,0.0,0.0,A
2011-M11,2011,11,mensual,07054,Santa Eulària des Riu,Eivissa,,,,U
2011-M11,2011,11,mensual,07055,Santa Margalida,Mallorca,,,,U
2011-M11,2011,11,mensual,07057,Santanyí,Mallorca,,,,U
2011-M11,2011,11,mensual,07059,Ses Salines,Mallorca,,,,U
2011-M11,2011,11,mensual,07061,Sóller,Mallorca,,,,U
2011-M11,2011,11,mensual,07062,Son Servera,Mallorca,,,,U
2011-M12,2011,12,mensual,07002,Alaior,Menorca,,,,U
2011-M12,2011,12,mensual,07003,Alcúdia,Mallorca,,,,U
2011-M12,2011,12,mensual,07005,Andratx,Mallorca,,,,U
2011-M12,2011,12,mensual,07011,Calvià,Mallorca,24.32,25.11,25.33,A
2011-M12,2011,12,mensual,07014,Capdepera,Mallorca,,,,U
2011-M12,2011,12,mensual,07015,Ciutadella de Menorca,Menorca,,,,U
2011-M12,2011,12,mensual,07022,Felanitx,Mallorca,,,,U
2011-M12,2011,12,mensual,07024,Formentera,Formentera,,,,U
2011-M12,2011,12,mensual,07026,Eivissa,Eivissa,19.59,24.08,21.64,A
2011-M12,2011,12,mensual,07031,Llucmajor,Mallorca,,,,U
2011-M12,2011,12,mensual,07032,Maó,Menorca,,,,U
2011-M12,2011,12,mensual,07033,Manacor,Mallorca,,,,U
2011-M12,2011,12,mensual,07039,Muro,Mallorca,0.0,0.0,0.0,A
2011-M12,2011,12,mensual,07040,Palma,Mallorca,36.94,44.49,44.57,A
2011-M12,2011,12,mensual,07042,Pollença,Mallorca,,,,U
2011-M12,2011,12,mensual,07046,Sant Antoni de Portmany,Eivissa,,,,U
2011-M12,2011,12,mensual,07048,Sant Josep de sa Talaia,Eivissa,,,,U
2011-M12,2011,12,mensual,07050,Sant Joan de Labritja,Eivissa,,,,U
2011-M12,2011,12,mensual,07051,Sant Llorenç des Cardassar,Mallorca,,,,U
2011-M12,2011,12,mensual,07052,Sant Lluís,Menorca,0.0,0.0,0.0,A
2011-M12,2011,12,mensual,07054,Santa Eulària des Riu,Eivissa,,,,U
2011-M12,2011,12,mensual,07055,Santa Margalida,Mallorca,,,,U
2011-M12,2011,12,mensual,07057,Santanyí,Mallorca,,,,U
2011-M12,2011,12,mensual,07059,Ses Salines,Mallorca,,,,U
2011-M12,2011,12,mensual,07061,Sóller,Mallorca,,,,U
2011-M12,2011,12,mensual,07062,Son Servera,Mallorca,,,,U
2012,2012,,anual,07002,Alaior,Menorca,67.7,66.09,67.22,A
2012,2012,,anual,07003,Alcúdia,Mallorca,76.85,78.45,76.62,A
2012,2012,,anual,07005,Andratx,Mallorca,81.67,79.18,82.05,A
2012,2012,,anual,07011,Calvià,Mallorca,75.89,77.16,76.58,A
2012,2012,,anual,07014,Capdepera,Mallorca,75.36,77.01,72.91,A
2012,2012,,anual,07015,Ciutadella de Menorca,Menorca,70.5,69.81,66.46,A
2012,2012,,anual,07022,Felanitx,Mallorca,71.99,71.57,69.79,A
2012,2012,,anual,07024,Formentera,Formentera,69.67,70.91,70.93,A
2012,2012,,anual,07026,Eivissa,Eivissa,72.16,69.75,71.57,A
2012,2012,,anual,07031,Llucmajor,Mallorca,67.06,66.99,69.24,A
2012,2012,,anual,07032,Maó,Menorca,,,,U
2012,2012,,anual,07033,Manacor,Mallorca,66.19,69.16,67.41,A
2012,2012,,anual,07039,Muro,Mallorca,80.78,84.04,80.53,A
2012,2012,,anual,07040,Palma,Mallorca,71.44,76.81,75.62,A
2012,2012,,anual,07042,Pollença,Mallorca,77.89,77.38,78.9,A
2012,2012,,anual,07046,Sant Antoni de Portmany,Eivissa,74.8,72.11,73.57,A
2012,2012,,anual,07048,Sant Josep de sa Talaia,Eivissa,77.21,80.49,81.1,A
2012,2012,,anual,07050,Sant Joan de Labritja,Eivissa,,,,U
2012,2012,,anual,07051,Sant Llorenç des Cardassar,Mallorca,73.6,76.42,73.81,A
2012,2012,,anual,07052,Sant Lluís,Menorca,69.36,74.51,62.2,A
2012,2012,,anual,07054,Santa Eulària des Riu,Eivissa,69.99,73.97,71.07,A
2012,2012,,anual,07055,Santa Margalida,Mallorca,83.45,84.83,83.66,A
2012,2012,,anual,07057,Santanyí,Mallorca,71.64,74.6,72.51,A
2012,2012,,anual,07059,Ses Salines,Mallorca,83.39,78.98,80.6,A
2012,2012,,anual,07061,Sóller,Mallorca,70.32,71.69,70.46,A
2012,2012,,anual,07062,Son Servera,Mallorca,77.97,75.51,77.74,A
2012-M01,2012,1,mensual,07002,Alaior,Menorca,,,,U
2012-M01,2012,1,mensual,07003,Alcúdia,Mallorca,,,,U
2012-M01,2012,1,mensual,07005,Andratx,Mallorca,,,,U
2012-M01,2012,1,mensual,07011,Calvià,Mallorca,32.08,29.0,27.13,A
2012-M01,2012,1,mensual,07014,Capdepera,Mallorca,,,,U
2012-M01,2012,1,mensual,07015,Ciutadella de Menorca,Menorca,,,,U
2012-M01,2012,1,mensual,07022,Felanitx,Mallorca,,,,U
2012-M01,2012,1,mensual,07024,Formentera,Formentera,,,,U
2012-M01,2012,1,mensual,07026,Eivissa,Eivissa,19.08,29.73,19.79,A
2012-M01,2012,1,mensual,07031,Llucmajor,Mallorca,,,,U
2012-M01,2012,1,mensual,07032,Maó,Menorca,,,,U
2012-M01,2012,1,mensual,07033,Manacor,Mallorca,,,,U
2012-M01,2012,1,mensual,07039,Muro,Mallorca,0.0,0.0,0.0,A
2012-M01,2012,1,mensual,07040,Palma,Mallorca,39.16,45.74,38.52,A
2012-M01,2012,1,mensual,07042,Pollença,Mallorca,,,,U
2012-M01,2012,1,mensual,07046,Sant Antoni de Portmany,Eivissa,,,,U
2012-M01,2012,1,mensual,07048,Sant Josep de sa Talaia,Eivissa,,,,U
2012-M01,2012,1,mensual,07050,Sant Joan de Labritja,Eivissa,,,,U
2012-M01,2012,1,mensual,07051,Sant Llorenç des Cardassar,Mallorca,,,,U
2012-M01,2012,1,mensual,07052,Sant Lluís,Menorca,0.0,0.0,0.0,A
2012-M01,2012,1,mensual,07054,Santa Eulària des Riu,Eivissa,,,,U
2012-M01,2012,1,mensual,07055,Santa Margalida,Mallorca,,,,U
2012-M01,2012,1,mensual,07057,Santanyí,Mallorca,,,,U
2012-M01,2012,1,mensual,07059,Ses Salines,Mallorca,,,,U
2012-M01,2012,1,mensual,07061,Sóller,Mallorca,,,,U
2012-M01,2012,1,mensual,07062,Son Servera,Mallorca,,,,U
2012-M02,2012,2,mensual,07002,Alaior,Menorca,,,,U
2012-M02,2012,2,mensual,07003,Alcúdia,Mallorca,,,,U
2012-M02,2012,2,mensual,07005,Andratx,Mallorca,,,,U
2012-M02,2012,2,mensual,07011,Calvià,Mallorca,53.54,59.42,56.04,A
2012-M02,2012,2,mensual,07014,Capdepera,Mallorca,,,,U
2012-M02,2012,2,mensual,07015,Ciutadella de Menorca,Menorca,,,,U
2012-M02,2012,2,mensual,07022,Felanitx,Mallorca,,,,U
2012-M02,2012,2,mensual,07024,Formentera,Formentera,,,,U
2012-M02,2012,2,mensual,07026,Eivissa,Eivissa,22.23,29.44,23.87,A
2012-M02,2012,2,mensual,07031,Llucmajor,Mallorca,,,,U
2012-M02,2012,2,mensual,07032,Maó,Menorca,,,,U
2012-M02,2012,2,mensual,07033,Manacor,Mallorca,,,,U
2012-M02,2012,2,mensual,07039,Muro,Mallorca,,,,U
2012-M02,2012,2,mensual,07040,Palma,Mallorca,46.2,56.28,52.47,A
2012-M02,2012,2,mensual,07042,Pollença,Mallorca,,,,U
2012-M02,2012,2,mensual,07046,Sant Antoni de Portmany,Eivissa,,,,U
2012-M02,2012,2,mensual,07048,Sant Josep de sa Talaia,Eivissa,,,,U
2012-M02,2012,2,mensual,07050,Sant Joan de Labritja,Eivissa,,,,U
2012-M02,2012,2,mensual,07051,Sant Llorenç des Cardassar,Mallorca,33.24,42.07,33.06,A
2012-M02,2012,2,mensual,07052,Sant Lluís,Menorca,0.0,0.0,0.0,A
2012-M02,2012,2,mensual,07054,Santa Eulària des Riu,Eivissa,,,,U
2012-M02,2012,2,mensual,07055,Santa Margalida,Mallorca,,,,U
2012-M02,2012,2,mensual,07057,Santanyí,Mallorca,,,,U
2012-M02,2012,2,mensual,07059,Ses Salines,Mallorca,,,,U
2012-M02,2012,2,mensual,07061,Sóller,Mallorca,,,,U
2012-M02,2012,2,mensual,07062,Son Servera,Mallorca,,,,U
2012-M03,2012,3,mensual,07002,Alaior,Menorca,,,,U
2012-M03,2012,3,mensual,07003,Alcúdia,Mallorca,33.87,43.23,32.2,A
2012-M03,2012,3,mensual,07005,Andratx,Mallorca,,,,U
2012-M03,2012,3,mensual,07011,Calvià,Mallorca,57.9,62.63,57.46,A
2012-M03,2012,3,mensual,07014,Capdepera,Mallorca,,,,U
2012-M03,2012,3,mensual,07015,Ciutadella de Menorca,Menorca,,,,U
2012-M03,2012,3,mensual,07022,Felanitx,Mallorca,,,,U
2012-M03,2012,3,mensual,07024,Formentera,Formentera,,,,U
2012-M03,2012,3,mensual,07026,Eivissa,Eivissa,32.41,46.87,38.69,A
2012-M03,2012,3,mensual,07031,Llucmajor,Mallorca,59.07,65.17,59.91,A
2012-M03,2012,3,mensual,07032,Maó,Menorca,,,,U
2012-M03,2012,3,mensual,07033,Manacor,Mallorca,,,,U
2012-M03,2012,3,mensual,07039,Muro,Mallorca,,,,U
2012-M03,2012,3,mensual,07040,Palma,Mallorca,55.72,62.84,58.47,A
2012-M03,2012,3,mensual,07042,Pollença,Mallorca,,,,U
2012-M03,2012,3,mensual,07046,Sant Antoni de Portmany,Eivissa,,,,U
2012-M03,2012,3,mensual,07048,Sant Josep de sa Talaia,Eivissa,,,,U
2012-M03,2012,3,mensual,07050,Sant Joan de Labritja,Eivissa,,,,U
2012-M03,2012,3,mensual,07051,Sant Llorenç des Cardassar,Mallorca,43.25,48.67,38.28,A
2012-M03,2012,3,mensual,07052,Sant Lluís,Menorca,0.0,0.0,0.0,A
2012-M03,2012,3,mensual,07054,Santa Eulària des Riu,Eivissa,,,,U
2012-M03,2012,3,mensual,07055,Santa Margalida,Mallorca,,,,U
2012-M03,2012,3,mensual,07057,Santanyí,Mallorca,,,,U
2012-M03,2012,3,mensual,07059,Ses Salines,Mallorca,,,,U
2012-M03,2012,3,mensual,07061,Sóller,Mallorca,,,,U
2012-M03,2012,3,mensual,07062,Son Servera,Mallorca,,,,U
2012-M04,2012,4,mensual,07002,Alaior,Menorca,,,,U
2012-M04,2012,4,mensual,07003,Alcúdia,Mallorca,44.49,43.16,48.12,A
2012-M04,2012,4,mensual,07005,Andratx,Mallorca,,,,U
2012-M04,2012,4,mensual,07011,Calvià,Mallorca,63.05,68.82,67.83,A
2012-M04,2012,4,mensual,07014,Capdepera,Mallorca,36.59,38.43,31.53,A
2012-M04,2012,4,mensual,07015,Ciutadella de Menorca,Menorca,52.63,52.99,56.83,A
2012-M04,2012,4,mensual,07022,Felanitx,Mallorca,,,,U
2012-M04,2012,4,mensual,07024,Formentera,Formentera,,,,U
2012-M04,2012,4,mensual,07026,Eivissa,Eivissa,37.44,51.77,47.6,A
2012-M04,2012,4,mensual,07031,Llucmajor,Mallorca,,,,U
2012-M04,2012,4,mensual,07032,Maó,Menorca,,,,U
2012-M04,2012,4,mensual,07033,Manacor,Mallorca,23.26,23.3,23.95,A
2012-M04,2012,4,mensual,07039,Muro,Mallorca,54.31,57.62,64.29,A
2012-M04,2012,4,mensual,07040,Palma,Mallorca,68.87,78.18,75.97,A
2012-M04,2012,4,mensual,07042,Pollença,Mallorca,62.57,61.44,67.2,A
2012-M04,2012,4,mensual,07046,Sant Antoni de Portmany,Eivissa,,,,U
2012-M04,2012,4,mensual,07048,Sant Josep de sa Talaia,Eivissa,,,,U
2012-M04,2012,4,mensual,07050,Sant Joan de Labritja,Eivissa,,,,U
2012-M04,2012,4,mensual,07051,Sant Llorenç des Cardassar,Mallorca,50.48,51.4,52.89,A
2012-M04,2012,4,mensual,07052,Sant Lluís,Menorca,,,,U
2012-M04,2012,4,mensual,07054,Santa Eulària des Riu,Eivissa,,,,U
2012-M04,2012,4,mensual,07055,Santa Margalida,Mallorca,65.01,65.95,63.46,A
2012-M04,2012,4,mensual,07057,Santanyí,Mallorca,56.77,43.8,60.81,A
2012-M04,2012,4,mensual,07059,Ses Salines,Mallorca,68.32,65.9,68.26,A
2012-M04,2012,4,mensual,07061,Sóller,Mallorca,66.5,69.86,70.77,A
2012-M04,2012,4,mensual,07062,Son Servera,Mallorca,61.84,60.08,71.28,A
2012-M05,2012,5,mensual,07002,Alaior,Menorca,42.24,29.31,30.07,A
2012-M05,2012,5,mensual,07003,Alcúdia,Mallorca,68.49,65.56,62.78,A
2012-M05,2012,5,mensual,07005,Andratx,Mallorca,78.35,76.67,78.01,A
2012-M05,2012,5,mensual,07011,Calvià,Mallorca,65.9,64.51,67.76,A
2012-M05,2012,5,mensual,07014,Capdepera,Mallorca,56.7,50.33,48.9,A
2012-M05,2012,5,mensual,07015,Ciutadella de Menorca,Menorca,45.33,42.88,40.86,A
2012-M05,2012,5,mensual,07022,Felanitx,Mallorca,55.86,58.74,59.77,A
2012-M05,2012,5,mensual,07024,Formentera,Formentera,38.08,42.64,41.06,A
2012-M05,2012,5,mensual,07026,Eivissa,Eivissa,52.63,48.0,51.59,A
2012-M05,2012,5,mensual,07031,Llucmajor,Mallorca,43.7,40.96,46.38,A
2012-M05,2012,5,mensual,07032,Maó,Menorca,,,,U
2012-M05,2012,5,mensual,07033,Manacor,Mallorca,43.44,59.24,55.72,A
2012-M05,2012,5,mensual,07039,Muro,Mallorca,68.26,82.39,76.84,A
2012-M05,2012,5,mensual,07040,Palma,Mallorca,70.13,76.98,79.58,A
2012-M05,2012,5,mensual,07042,Pollença,Mallorca,66.97,69.7,67.91,A
2012-M05,2012,5,mensual,07046,Sant Antoni de Portmany,Eivissa,49.77,41.36,43.21,A
2012-M05,2012,5,mensual,07048,Sant Josep de sa Talaia,Eivissa,55.71,61.32,68.24,A
2012-M05,2012,5,mensual,07050,Sant Joan de Labritja,Eivissa,,,,U
2012-M05,2012,5,mensual,07051,Sant Llorenç des Cardassar,Mallorca,53.07,58.19,54.98,A
2012-M05,2012,5,mensual,07052,Sant Lluís,Menorca,,,,U
2012-M05,2012,5,mensual,07054,Santa Eulària des Riu,Eivissa,48.43,50.22,47.93,A
2012-M05,2012,5,mensual,07055,Santa Margalida,Mallorca,73.42,79.02,76.94,A
2012-M05,2012,5,mensual,07057,Santanyí,Mallorca,59.95,60.46,62.28,A
2012-M05,2012,5,mensual,07059,Ses Salines,Mallorca,78.63,71.13,61.12,A
2012-M05,2012,5,mensual,07061,Sóller,Mallorca,73.13,77.75,75.5,A
2012-M05,2012,5,mensual,07062,Son Servera,Mallorca,64.73,62.5,61.42,A
2012-M06,2012,6,mensual,07002,Alaior,Menorca,73.43,84.34,88.48,A
2012-M06,2012,6,mensual,07003,Alcúdia,Mallorca,88.14,89.61,87.07,A
2012-M06,2012,6,mensual,07005,Andratx,Mallorca,92.03,90.25,92.19,A
2012-M06,2012,6,mensual,07011,Calvià,Mallorca,84.34,85.57,84.97,A
2012-M06,2012,6,mensual,07014,Capdepera,Mallorca,78.43,80.76,75.59,A
2012-M06,2012,6,mensual,07015,Ciutadella de Menorca,Menorca,72.8,74.41,72.55,A
2012-M06,2012,6,mensual,07022,Felanitx,Mallorca,76.79,65.79,61.32,A
2012-M06,2012,6,mensual,07024,Formentera,Formentera,74.04,80.5,78.65,A
2012-M06,2012,6,mensual,07026,Eivissa,Eivissa,79.2,79.75,83.03,A
2012-M06,2012,6,mensual,07031,Llucmajor,Mallorca,68.88,62.6,65.9,A
2012-M06,2012,6,mensual,07032,Maó,Menorca,,,,U
2012-M06,2012,6,mensual,07033,Manacor,Mallorca,66.01,65.44,64.84,A
2012-M06,2012,6,mensual,07039,Muro,Mallorca,87.81,92.95,84.13,A
2012-M06,2012,6,mensual,07040,Palma,Mallorca,82.53,85.81,84.61,A
2012-M06,2012,6,mensual,07042,Pollença,Mallorca,81.52,79.08,78.53,A
2012-M06,2012,6,mensual,07046,Sant Antoni de Portmany,Eivissa,77.93,79.43,82.51,A
2012-M06,2012,6,mensual,07048,Sant Josep de sa Talaia,Eivissa,80.15,80.62,80.78,A
2012-M06,2012,6,mensual,07050,Sant Joan de Labritja,Eivissa,60.66,69.27,68.41,A
2012-M06,2012,6,mensual,07051,Sant Llorenç des Cardassar,Mallorca,83.47,83.05,78.29,A
2012-M06,2012,6,mensual,07052,Sant Lluís,Menorca,,,,U
2012-M06,2012,6,mensual,07054,Santa Eulària des Riu,Eivissa,72.4,71.55,69.94,A
2012-M06,2012,6,mensual,07055,Santa Margalida,Mallorca,89.64,90.43,91.21,A
2012-M06,2012,6,mensual,07057,Santanyí,Mallorca,82.42,85.15,78.74,A
2012-M06,2012,6,mensual,07059,Ses Salines,Mallorca,89.69,90.8,90.9,A
2012-M06,2012,6,mensual,07061,Sóller,Mallorca,81.34,78.02,76.79,A
2012-M06,2012,6,mensual,07062,Son Servera,Mallorca,82.01,78.49,80.71,A
2012-M07,2012,7,mensual,07002,Alaior,Menorca,84.24,85.56,87.02,A
2012-M07,2012,7,mensual,07003,Alcúdia,Mallorca,91.08,94.81,97.09,A
2012-M07,2012,7,mensual,07005,Andratx,Mallorca,95.77,89.26,92.92,A
2012-M07,2012,7,mensual,07011,Calvià,Mallorca,94.76,93.73,94.26,A
2012-M07,2012,7,mensual,07014,Capdepera,Mallorca,91.9,93.96,89.96,A
2012-M07,2012,7,mensual,07015,Ciutadella de Menorca,Menorca,88.49,86.93,84.32,A
2012-M07,2012,7,mensual,07022,Felanitx,Mallorca,93.19,90.53,91.83,A
2012-M07,2012,7,mensual,07024,Formentera,Formentera,84.0,83.94,85.8,A
2012-M07,2012,7,mensual,07026,Eivissa,Eivissa,92.57,92.17,95.41,A
2012-M07,2012,7,mensual,07031,Llucmajor,Mallorca,85.8,80.26,84.61,A
2012-M07,2012,7,mensual,07032,Maó,Menorca,,,,U
2012-M07,2012,7,mensual,07033,Manacor,Mallorca,76.52,81.03,80.39,A
2012-M07,2012,7,mensual,07039,Muro,Mallorca,98.16,96.79,94.49,A
2012-M07,2012,7,mensual,07040,Palma,Mallorca,88.88,91.83,90.76,A
2012-M07,2012,7,mensual,07042,Pollença,Mallorca,90.81,90.55,94.03,A
2012-M07,2012,7,mensual,07046,Sant Antoni de Portmany,Eivissa,90.45,90.62,93.32,A
2012-M07,2012,7,mensual,07048,Sant Josep de sa Talaia,Eivissa,91.78,93.6,92.06,A
2012-M07,2012,7,mensual,07050,Sant Joan de Labritja,Eivissa,75.1,75.07,77.96,A
2012-M07,2012,7,mensual,07051,Sant Llorenç des Cardassar,Mallorca,91.56,90.72,91.03,A
2012-M07,2012,7,mensual,07052,Sant Lluís,Menorca,,,,U
2012-M07,2012,7,mensual,07054,Santa Eulària des Riu,Eivissa,83.53,86.18,83.13,A
2012-M07,2012,7,mensual,07055,Santa Margalida,Mallorca,96.69,97.46,96.71,A
2012-M07,2012,7,mensual,07057,Santanyí,Mallorca,86.75,93.49,90.2,A
2012-M07,2012,7,mensual,07059,Ses Salines,Mallorca,100.0,96.74,97.63,A
2012-M07,2012,7,mensual,07061,Sóller,Mallorca,82.57,86.66,86.16,A
2012-M07,2012,7,mensual,07062,Son Servera,Mallorca,89.58,89.15,90.19,A
2012-M08,2012,8,mensual,07002,Alaior,Menorca,91.61,93.87,89.45,A
2012-M08,2012,8,mensual,07003,Alcúdia,Mallorca,95.35,94.33,95.74,A
2012-M08,2012,8,mensual,07005,Andratx,Mallorca,95.74,91.77,94.77,A
2012-M08,2012,8,mensual,07011,Calvià,Mallorca,93.34,93.88,93.71,A
2012-M08,2012,8,mensual,07014,Capdepera,Mallorca,92.18,94.81,90.87,A
2012-M08,2012,8,mensual,07015,Ciutadella de Menorca,Menorca,93.32,92.82,86.0,A
2012-M08,2012,8,mensual,07022,Felanitx,Mallorca,96.82,94.87,95.93,A
2012-M08,2012,8,mensual,07024,Formentera,Formentera,93.66,92.1,92.31,A
2012-M08,2012,8,mensual,07026,Eivissa,Eivissa,98.07,88.38,92.25,A
2012-M08,2012,8,mensual,07031,Llucmajor,Mallorca,80.61,78.76,78.57,A
2012-M08,2012,8,mensual,07032,Maó,Menorca,,,,U
2012-M08,2012,8,mensual,07033,Manacor,Mallorca,92.55,94.23,95.15,A
2012-M08,2012,8,mensual,07039,Muro,Mallorca,98.15,97.26,98.31,A
2012-M08,2012,8,mensual,07040,Palma,Mallorca,92.17,92.56,92.43,A
2012-M08,2012,8,mensual,07042,Pollença,Mallorca,92.92,95.04,96.63,A
2012-M08,2012,8,mensual,07046,Sant Antoni de Portmany,Eivissa,93.29,92.01,94.42,A
2012-M08,2012,8,mensual,07048,Sant Josep de sa Talaia,Eivissa,97.68,91.54,93.93,A
2012-M08,2012,8,mensual,07050,Sant Joan de Labritja,Eivissa,,,,U
2012-M08,2012,8,mensual,07051,Sant Llorenç des Cardassar,Mallorca,93.67,93.82,93.99,A
2012-M08,2012,8,mensual,07052,Sant Lluís,Menorca,,,,U
2012-M08,2012,8,mensual,07054,Santa Eulària des Riu,Eivissa,83.15,90.95,86.57,A
2012-M08,2012,8,mensual,07055,Santa Margalida,Mallorca,95.51,98.14,97.77,A
2012-M08,2012,8,mensual,07057,Santanyí,Mallorca,86.41,93.91,90.03,A
2012-M08,2012,8,mensual,07059,Ses Salines,Mallorca,97.35,96.67,95.36,A
2012-M08,2012,8,mensual,07061,Sóller,Mallorca,91.83,87.04,86.13,A
2012-M08,2012,8,mensual,07062,Son Servera,Mallorca,96.73,90.32,94.3,A
2012-M09,2012,9,mensual,07002,Alaior,Menorca,70.99,56.08,54.54,A
2012-M09,2012,9,mensual,07003,Alcúdia,Mallorca,91.07,91.56,86.12,A
2012-M09,2012,9,mensual,07005,Andratx,Mallorca,90.64,88.62,90.25,A
2012-M09,2012,9,mensual,07011,Calvià,Mallorca,84.67,85.57,81.95,A
2012-M09,2012,9,mensual,07014,Capdepera,Mallorca,87.32,94.33,86.85,A
2012-M09,2012,9,mensual,07015,Ciutadella de Menorca,Menorca,73.61,75.7,67.03,A
2012-M09,2012,9,mensual,07022,Felanitx,Mallorca,88.68,97.15,89.71,A
2012-M09,2012,9,mensual,07024,Formentera,Formentera,74.0,74.49,73.32,A
2012-M09,2012,9,mensual,07026,Eivissa,Eivissa,84.53,80.9,83.54,A
2012-M09,2012,9,mensual,07031,Llucmajor,Mallorca,75.45,80.82,83.3,A
2012-M09,2012,9,mensual,07032,Maó,Menorca,,,,U
2012-M09,2012,9,mensual,07033,Manacor,Mallorca,75.97,87.13,77.7,A
2012-M09,2012,9,mensual,07039,Muro,Mallorca,89.8,95.47,85.63,A
2012-M09,2012,9,mensual,07040,Palma,Mallorca,83.98,89.2,88.01,A
2012-M09,2012,9,mensual,07042,Pollença,Mallorca,88.69,92.24,91.35,A
2012-M09,2012,9,mensual,07046,Sant Antoni de Portmany,Eivissa,74.17,70.95,65.6,A
2012-M09,2012,9,mensual,07048,Sant Josep de sa Talaia,Eivissa,79.63,86.67,84.0,A
2012-M09,2012,9,mensual,07050,Sant Joan de Labritja,Eivissa,,,,U
2012-M09,2012,9,mensual,07051,Sant Llorenç des Cardassar,Mallorca,81.76,90.56,83.52,A
2012-M09,2012,9,mensual,07052,Sant Lluís,Menorca,,,,U
2012-M09,2012,9,mensual,07054,Santa Eulària des Riu,Eivissa,73.81,80.26,73.31,A
2012-M09,2012,9,mensual,07055,Santa Margalida,Mallorca,93.16,94.99,89.73,A
2012-M09,2012,9,mensual,07057,Santanyí,Mallorca,86.19,91.25,81.86,A
2012-M09,2012,9,mensual,07059,Ses Salines,Mallorca,95.78,97.42,97.11,A
2012-M09,2012,9,mensual,07061,Sóller,Mallorca,80.27,82.24,81.62,A
2012-M09,2012,9,mensual,07062,Son Servera,Mallorca,85.68,88.01,88.01,A
2012-M10,2012,10,mensual,07002,Alaior,Menorca,,,,U
2012-M10,2012,10,mensual,07003,Alcúdia,Mallorca,58.74,64.95,64.75,A
2012-M10,2012,10,mensual,07005,Andratx,Mallorca,75.69,66.15,76.51,A
2012-M10,2012,10,mensual,07011,Calvià,Mallorca,56.34,57.1,58.26,A
2012-M10,2012,10,mensual,07014,Capdepera,Mallorca,58.73,59.91,58.52,A
2012-M10,2012,10,mensual,07015,Ciutadella de Menorca,Menorca,40.83,34.04,36.09,A
2012-M10,2012,10,mensual,07022,Felanitx,Mallorca,,,,U
2012-M10,2012,10,mensual,07024,Formentera,Formentera,38.52,34.35,38.0,A
2012-M10,2012,10,mensual,07026,Eivissa,Eivissa,49.47,38.66,37.86,A
2012-M10,2012,10,mensual,07031,Llucmajor,Mallorca,45.85,56.32,60.17,A
2012-M10,2012,10,mensual,07032,Maó,Menorca,,,,U
2012-M10,2012,10,mensual,07033,Manacor,Mallorca,58.34,35.85,41.69,A
2012-M10,2012,10,mensual,07039,Muro,Mallorca,59.27,55.03,54.52,A
2012-M10,2012,10,mensual,07040,Palma,Mallorca,63.66,69.76,71.43,A
2012-M10,2012,10,mensual,07042,Pollença,Mallorca,64.98,53.44,58.42,A
2012-M10,2012,10,mensual,07046,Sant Antoni de Portmany,Eivissa,56.76,51.82,55.83,A
2012-M10,2012,10,mensual,07048,Sant Josep de sa Talaia,Eivissa,48.03,63.97,62.33,A
2012-M10,2012,10,mensual,07050,Sant Joan de Labritja,Eivissa,,,,U
2012-M10,2012,10,mensual,07051,Sant Llorenç des Cardassar,Mallorca,63.64,66.11,66.17,A
2012-M10,2012,10,mensual,07052,Sant Lluís,Menorca,,,,U
2012-M10,2012,10,mensual,07054,Santa Eulària des Riu,Eivissa,53.99,61.73,63.4,A
2012-M10,2012,10,mensual,07055,Santa Margalida,Mallorca,66.55,62.28,63.1,A
2012-M10,2012,10,mensual,07057,Santanyí,Mallorca,65.04,68.65,68.44,A
2012-M10,2012,10,mensual,07059,Ses Salines,Mallorca,69.39,51.01,76.67,A
2012-M10,2012,10,mensual,07061,Sóller,Mallorca,64.89,64.06,60.52,A
2012-M10,2012,10,mensual,07062,Son Servera,Mallorca,72.88,66.0,69.64,A
2012-M11,2012,11,mensual,07002,Alaior,Menorca,,,,U
2012-M11,2012,11,mensual,07003,Alcúdia,Mallorca,,,,U
2012-M11,2012,11,mensual,07005,Andratx,Mallorca,,,,U
2012-M11,2012,11,mensual,07011,Calvià,Mallorca,48.43,52.67,50.08,A
2012-M11,2012,11,mensual,07014,Capdepera,Mallorca,,,,U
2012-M11,2012,11,mensual,07015,Ciutadella de Menorca,Menorca,,,,U
2012-M11,2012,11,mensual,07022,Felanitx,Mallorca,,,,U
2012-M11,2012,11,mensual,07024,Formentera,Formentera,0.0,0.0,0.0,A
2012-M11,2012,11,mensual,07026,Eivissa,Eivissa,26.67,33.13,25.6,A
2012-M11,2012,11,mensual,07031,Llucmajor,Mallorca,,,,U
2012-M11,2012,11,mensual,07032,Maó,Menorca,,,,U
2012-M11,2012,11,mensual,07033,Manacor,Mallorca,,,,U
2012-M11,2012,11,mensual,07039,Muro,Mallorca,0.0,0.0,0.0,A
2012-M11,2012,11,mensual,07040,Palma,Mallorca,43.0,48.81,45.92,A
2012-M11,2012,11,mensual,07042,Pollença,Mallorca,,,,U
2012-M11,2012,11,mensual,07046,Sant Antoni de Portmany,Eivissa,,,,U
2012-M11,2012,11,mensual,07048,Sant Josep de sa Talaia,Eivissa,,,,U
2012-M11,2012,11,mensual,07050,Sant Joan de Labritja,Eivissa,,,,U
2012-M11,2012,11,mensual,07051,Sant Llorenç des Cardassar,Mallorca,66.52,64.19,70.33,A
2012-M11,2012,11,mensual,07052,Sant Lluís,Menorca,0.0,0.0,0.0,A
2012-M11,2012,11,mensual,07054,Santa Eulària des Riu,Eivissa,,,,U
2012-M11,2012,11,mensual,07055,Santa Margalida,Mallorca,,,,U
2012-M11,2012,11,mensual,07057,Santanyí,Mallorca,,,,U
2012-M11,2012,11,mensual,07059,Ses Salines,Mallorca,0.0,0.0,0.0,A
2012-M11,2012,11,mensual,07061,Sóller,Mallorca,,,,U
2012-M11,2012,11,mensual,07062,Son Servera,Mallorca,,,,U
2012-M12,2012,12,mensual,07002,Alaior,Menorca,,,,U
2012-M12,2012,12,mensual,07003,Alcúdia,Mallorca,,,,U
2012-M12,2012,12,mensual,07005,Andratx,Mallorca,,,,U
2012-M12,2012,12,mensual,07011,Calvià,Mallorca,38.52,62.71,58.48,A
2012-M12,2012,12,mensual,07014,Capdepera,Mallorca,,,,U
2012-M12,2012,12,mensual,07015,Ciutadella de Menorca,Menorca,,,,U
2012-M12,2012,12,mensual,07022,Felanitx,Mallorca,,,,U
2012-M12,2012,12,mensual,07024,Formentera,Formentera,0.0,0.0,0.0,A
2012-M12,2012,12,mensual,07026,Eivissa,Eivissa,,,,U
2012-M12,2012,12,mensual,07031,Llucmajor,Mallorca,,,,U
2012-M12,2012,12,mensual,07032,Maó,Menorca,,,,U
2012-M12,2012,12,mensual,07033,Manacor,Mallorca,,,,U
2012-M12,2012,12,mensual,07039,Muro,Mallorca,0.0,0.0,0.0,A
2012-M12,2012,12,mensual,07040,Palma,Mallorca,41.16,48.48,46.5,A
2012-M12,2012,12,mensual,07042,Pollença,Mallorca,,,,U
2012-M12,2012,12,mensual,07046,Sant Antoni de Portmany,Eivissa,,,,U
2012-M12,2012,12,mensual,07048,Sant Josep de sa Talaia,Eivissa,,,,U
2012-M12,2012,12,mensual,07050,Sant Joan de Labritja,Eivissa,,,,U
2012-M12,2012,12,mensual,07051,Sant Llorenç des Cardassar,Mallorca,,,,U
2012-M12,2012,12,mensual,07052,Sant Lluís,Menorca,0.0,0.0,0.0,A
2012-M12,2012,12,mensual,07054,Santa Eulària des Riu,Eivissa,,,,U
2012-M12,2012,12,mensual,07055,Santa Margalida,Mallorca,,,,U
2012-M12,2012,12,mensual,07057,Santanyí,Mallorca,,,,U
2012-M12,2012,12,mensual,07059,Ses Salines,Mallorca,0.0,0.0,0.0,A
2012-M12,2012,12,mensual,07061,Sóller,Mallorca,,,,U
2012-M12,2012,12,mensual,07062,Son Servera,Mallorca,,,,U
2013,2013,,anual,07002,Alaior,Menorca,68.16,68.51,62.94,A
2013,2013,,anual,07003,Alcúdia,Mallorca,81.79,82.95,79.56,A
2013,2013,,anual,07005,Andratx,Mallorca,83.82,83.44,85.44,A
2013,2013,,anual,07011,Calvià,Mallorca,73.36,77.24,74.56,A
2013,2013,,anual,07014,Capdepera,Mallorca,72.38,74.87,71.91,A
2013,2013,,anual,07015,Ciutadella de Menorca,Menorca,72.56,73.58,71.76,A
2013,2013,,anual,07022,Felanitx,Mallorca,,,,U
2013,2013,,anual,07024,Formentera,Formentera,67.6,69.89,69.75,A
2013,2013,,anual,07026,Eivissa,Eivissa,72.34,73.71,74.6,A
2013,2013,,anual,07031,Llucmajor,Mallorca,75.22,75.39,77.36,A
2013,2013,,anual,07032,Maó,Menorca,44.15,49.95,46.48,A
2013,2013,,anual,07033,Manacor,Mallorca,73.31,79.27,72.02,A
2013,2013,,anual,07039,Muro,Mallorca,82.49,83.01,79.16,A
2013,2013,,anual,07040,Palma,Mallorca,71.66,76.77,75.9,A
2013,2013,,anual,07042,Pollença,Mallorca,73.56,79.58,77.26,A
2013,2013,,anual,07046,Sant Antoni de Portmany,Eivissa,79.5,76.72,78.92,A
2013,2013,,anual,07048,Sant Josep de sa Talaia,Eivissa,78.35,76.98,76.98,A
2013,2013,,anual,07050,Sant Joan de Labritja,Eivissa,73.04,78.3,74.39,A
2013,2013,,anual,07051,Sant Llorenç des Cardassar,Mallorca,74.49,79.16,73.91,A
2013,2013,,anual,07052,Sant Lluís,Menorca,67.64,78.74,66.13,A
2013,2013,,anual,07054,Santa Eulària des Riu,Eivissa,73.19,77.66,75.47,A
2013,2013,,anual,07055,Santa Margalida,Mallorca,83.48,84.22,84.96,A
2013,2013,,anual,07057,Santanyí,Mallorca,63.3,67.4,66.01,A
2013,2013,,anual,07059,Ses Salines,Mallorca,84.32,81.61,78.59,A
2013,2013,,anual,07061,Sóller,Mallorca,71.79,73.8,71.7,A
2013,2013,,anual,07062,Son Servera,Mallorca,78.6,77.73,78.35,A
2013-M01,2013,1,mensual,07002,Alaior,Menorca,,,,U
2013-M01,2013,1,mensual,07003,Alcúdia,Mallorca,,,,U
2013-M01,2013,1,mensual,07005,Andratx,Mallorca,,,,U
2013-M01,2013,1,mensual,07011,Calvià,Mallorca,48.11,46.77,42.54,A
2013-M01,2013,1,mensual,07014,Capdepera,Mallorca,,,,U
2013-M01,2013,1,mensual,07015,Ciutadella de Menorca,Menorca,,,,U
2013-M01,2013,1,mensual,07022,Felanitx,Mallorca,,,,U
2013-M01,2013,1,mensual,07024,Formentera,Formentera,0.0,0.0,0.0,A
2013-M01,2013,1,mensual,07026,Eivissa,Eivissa,,,,U
2013-M01,2013,1,mensual,07031,Llucmajor,Mallorca,,,,U
2013-M01,2013,1,mensual,07032,Maó,Menorca,,,,U
2013-M01,2013,1,mensual,07033,Manacor,Mallorca,,,,U
2013-M01,2013,1,mensual,07039,Muro,Mallorca,0.0,0.0,0.0,A
2013-M01,2013,1,mensual,07040,Palma,Mallorca,37.65,44.21,39.45,A
2013-M01,2013,1,mensual,07042,Pollença,Mallorca,,,,U
2013-M01,2013,1,mensual,07046,Sant Antoni de Portmany,Eivissa,,,,U
2013-M01,2013,1,mensual,07048,Sant Josep de sa Talaia,Eivissa,,,,U
2013-M01,2013,1,mensual,07050,Sant Joan de Labritja,Eivissa,,,,U
2013-M01,2013,1,mensual,07051,Sant Llorenç des Cardassar,Mallorca,,,,U
2013-M01,2013,1,mensual,07052,Sant Lluís,Menorca,0.0,0.0,0.0,A
2013-M01,2013,1,mensual,07054,Santa Eulària des Riu,Eivissa,,,,U
2013-M01,2013,1,mensual,07055,Santa Margalida,Mallorca,,,,U
2013-M01,2013,1,mensual,07057,Santanyí,Mallorca,,,,U
2013-M01,2013,1,mensual,07059,Ses Salines,Mallorca,,,,U
2013-M01,2013,1,mensual,07061,Sóller,Mallorca,,,,U
2013-M01,2013,1,mensual,07062,Son Servera,Mallorca,,,,U
2013-M02,2013,2,mensual,07002,Alaior,Menorca,,,,U
2013-M02,2013,2,mensual,07003,Alcúdia,Mallorca,,,,U
2013-M02,2013,2,mensual,07005,Andratx,Mallorca,,,,U
2013-M02,2013,2,mensual,07011,Calvià,Mallorca,50.22,59.13,52.42,A
2013-M02,2013,2,mensual,07014,Capdepera,Mallorca,,,,U
2013-M02,2013,2,mensual,07015,Ciutadella de Menorca,Menorca,,,,U
2013-M02,2013,2,mensual,07022,Felanitx,Mallorca,,,,U
2013-M02,2013,2,mensual,07024,Formentera,Formentera,0.0,0.0,0.0,A
2013-M02,2013,2,mensual,07026,Eivissa,Eivissa,24.12,31.69,20.64,A
2013-M02,2013,2,mensual,07031,Llucmajor,Mallorca,,,,U
2013-M02,2013,2,mensual,07032,Maó,Menorca,,,,U
2013-M02,2013,2,mensual,07033,Manacor,Mallorca,,,,U
2013-M02,2013,2,mensual,07039,Muro,Mallorca,,,,U
2013-M02,2013,2,mensual,07040,Palma,Mallorca,46.3,54.33,47.49,A
2013-M02,2013,2,mensual,07042,Pollença,Mallorca,,,,U
2013-M02,2013,2,mensual,07046,Sant Antoni de Portmany,Eivissa,,,,U
2013-M02,2013,2,mensual,07048,Sant Josep de sa Talaia,Eivissa,,,,U
2013-M02,2013,2,mensual,07050,Sant Joan de Labritja,Eivissa,,,,U
2013-M02,2013,2,mensual,07051,Sant Llorenç des Cardassar,Mallorca,39.42,54.32,37.83,A
2013-M02,2013,2,mensual,07052,Sant Lluís,Menorca,0.0,0.0,0.0,A
2013-M02,2013,2,mensual,07054,Santa Eulària des Riu,Eivissa,,,,U
2013-M02,2013,2,mensual,07055,Santa Margalida,Mallorca,,,,U
2013-M02,2013,2,mensual,07057,Santanyí,Mallorca,,,,U
2013-M02,2013,2,mensual,07059,Ses Salines,Mallorca,,,,U
2013-M02,2013,2,mensual,07061,Sóller,Mallorca,,,,U
2013-M02,2013,2,mensual,07062,Son Servera,Mallorca,,,,U
2013-M03,2013,3,mensual,07002,Alaior,Menorca,,,,U
2013-M03,2013,3,mensual,07003,Alcúdia,Mallorca,61.95,73.18,57.4,A
2013-M03,2013,3,mensual,07005,Andratx,Mallorca,,,,U
2013-M03,2013,3,mensual,07011,Calvià,Mallorca,50.9,56.17,55.09,A
2013-M03,2013,3,mensual,07014,Capdepera,Mallorca,45.97,49.2,56.96,A
2013-M03,2013,3,mensual,07015,Ciutadella de Menorca,Menorca,58.1,41.67,49.75,A
2013-M03,2013,3,mensual,07022,Felanitx,Mallorca,,,,U
2013-M03,2013,3,mensual,07024,Formentera,Formentera,,,,U
2013-M03,2013,3,mensual,07026,Eivissa,Eivissa,25.1,32.51,29.46,A
2013-M03,2013,3,mensual,07031,Llucmajor,Mallorca,,,,U
2013-M03,2013,3,mensual,07032,Maó,Menorca,,,,U
2013-M03,2013,3,mensual,07033,Manacor,Mallorca,,,,U
2013-M03,2013,3,mensual,07039,Muro,Mallorca,56.15,55.21,53.77,A
2013-M03,2013,3,mensual,07040,Palma,Mallorca,55.87,63.78,58.99,A
2013-M03,2013,3,mensual,07042,Pollença,Mallorca,44.74,64.01,70.99,A
2013-M03,2013,3,mensual,07046,Sant Antoni de Portmany,Eivissa,,,,U
2013-M03,2013,3,mensual,07048,Sant Josep de sa Talaia,Eivissa,,,,U
2013-M03,2013,3,mensual,07050,Sant Joan de Labritja,Eivissa,,,,U
2013-M03,2013,3,mensual,07051,Sant Llorenç des Cardassar,Mallorca,53.97,57.28,54.51,A
2013-M03,2013,3,mensual,07052,Sant Lluís,Menorca,0.0,0.0,0.0,A
2013-M03,2013,3,mensual,07054,Santa Eulària des Riu,Eivissa,,,,U
2013-M03,2013,3,mensual,07055,Santa Margalida,Mallorca,,,,U
2013-M03,2013,3,mensual,07057,Santanyí,Mallorca,,,,U
2013-M03,2013,3,mensual,07059,Ses Salines,Mallorca,,,,U
2013-M03,2013,3,mensual,07061,Sóller,Mallorca,60.95,68.63,72.04,A
2013-M03,2013,3,mensual,07062,Son Servera,Mallorca,,,,U
2013-M04,2013,4,mensual,07002,Alaior,Menorca,,,,U
2013-M04,2013,4,mensual,07003,Alcúdia,Mallorca,56.14,71.54,56.19,A
2013-M04,2013,4,mensual,07005,Andratx,Mallorca,,,,U
2013-M04,2013,4,mensual,07011,Calvià,Mallorca,55.28,64.5,60.48,A
2013-M04,2013,4,mensual,07014,Capdepera,Mallorca,43.13,48.36,36.54,A
2013-M04,2013,4,mensual,07015,Ciutadella de Menorca,Menorca,40.0,43.54,44.58,A
2013-M04,2013,4,mensual,07022,Felanitx,Mallorca,,,,U
2013-M04,2013,4,mensual,07024,Formentera,Formentera,,,,U
2013-M04,2013,4,mensual,07026,Eivissa,Eivissa,44.07,48.48,52.6,A
2013-M04,2013,4,mensual,07031,Llucmajor,Mallorca,,,,U
2013-M04,2013,4,mensual,07032,Maó,Menorca,,,,U
2013-M04,2013,4,mensual,07033,Manacor,Mallorca,39.55,46.98,43.18,A
2013-M04,2013,4,mensual,07039,Muro,Mallorca,55.63,60.9,56.59,A
2013-M04,2013,4,mensual,07040,Palma,Mallorca,69.86,77.52,75.58,A
2013-M04,2013,4,mensual,07042,Pollença,Mallorca,53.85,62.7,56.37,A
2013-M04,2013,4,mensual,07046,Sant Antoni de Portmany,Eivissa,,,,U
2013-M04,2013,4,mensual,07048,Sant Josep de sa Talaia,Eivissa,,,,U
2013-M04,2013,4,mensual,07050,Sant Joan de Labritja,Eivissa,,,,U
2013-M04,2013,4,mensual,07051,Sant Llorenç des Cardassar,Mallorca,54.48,59.8,53.75,A
2013-M04,2013,4,mensual,07052,Sant Lluís,Menorca,,,,U
2013-M04,2013,4,mensual,07054,Santa Eulària des Riu,Eivissa,,,,U
2013-M04,2013,4,mensual,07055,Santa Margalida,Mallorca,65.27,62.09,58.91,A
2013-M04,2013,4,mensual,07057,Santanyí,Mallorca,40.16,44.86,45.19,A
2013-M04,2013,4,mensual,07059,Ses Salines,Mallorca,71.36,72.94,65.04,A
2013-M04,2013,4,mensual,07061,Sóller,Mallorca,67.58,69.8,64.78,A
2013-M04,2013,4,mensual,07062,Son Servera,Mallorca,49.79,51.38,52.76,A
2013-M05,2013,5,mensual,07002,Alaior,Menorca,36.93,40.31,41.23,A
2013-M05,2013,5,mensual,07003,Alcúdia,Mallorca,74.4,73.86,69.61,A
2013-M05,2013,5,mensual,07005,Andratx,Mallorca,88.22,84.1,86.82,A
2013-M05,2013,5,mensual,07011,Calvià,Mallorca,64.88,65.94,63.26,A
2013-M05,2013,5,mensual,07014,Capdepera,Mallorca,57.27,58.34,52.96,A
2013-M05,2013,5,mensual,07015,Ciutadella de Menorca,Menorca,50.15,46.85,42.67,A
2013-M05,2013,5,mensual,07022,Felanitx,Mallorca,,,,U
2013-M05,2013,5,mensual,07024,Formentera,Formentera,40.53,45.64,47.27,A
2013-M05,2013,5,mensual,07026,Eivissa,Eivissa,59.81,68.25,66.03,A
2013-M05,2013,5,mensual,07031,Llucmajor,Mallorca,48.42,62.31,62.26,A
2013-M05,2013,5,mensual,07032,Maó,Menorca,,,,U
2013-M05,2013,5,mensual,07033,Manacor,Mallorca,62.62,82.41,69.55,A
2013-M05,2013,5,mensual,07039,Muro,Mallorca,76.79,82.84,75.98,A
2013-M05,2013,5,mensual,07040,Palma,Mallorca,73.11,77.09,81.1,A
2013-M05,2013,5,mensual,07042,Pollença,Mallorca,69.76,79.81,75.9,A
2013-M05,2013,5,mensual,07046,Sant Antoni de Portmany,Eivissa,52.97,48.65,47.29,A
2013-M05,2013,5,mensual,07048,Sant Josep de sa Talaia,Eivissa,51.45,50.87,54.39,A
2013-M05,2013,5,mensual,07050,Sant Joan de Labritja,Eivissa,58.17,65.04,56.0,A
2013-M05,2013,5,mensual,07051,Sant Llorenç des Cardassar,Mallorca,58.81,63.4,55.0,A
2013-M05,2013,5,mensual,07052,Sant Lluís,Menorca,43.15,48.3,34.65,A
2013-M05,2013,5,mensual,07054,Santa Eulària des Riu,Eivissa,61.64,58.91,63.07,A
2013-M05,2013,5,mensual,07055,Santa Margalida,Mallorca,74.86,79.65,79.04,A
2013-M05,2013,5,mensual,07057,Santanyí,Mallorca,52.44,56.29,57.07,A
2013-M05,2013,5,mensual,07059,Ses Salines,Mallorca,77.7,81.91,79.8,A
2013-M05,2013,5,mensual,07061,Sóller,Mallorca,76.14,80.65,72.55,A
2013-M05,2013,5,mensual,07062,Son Servera,Mallorca,73.12,64.96,57.48,A
2013-M06,2013,6,mensual,07002,Alaior,Menorca,69.71,86.69,76.61,A
2013-M06,2013,6,mensual,07003,Alcúdia,Mallorca,86.74,89.78,84.98,A
2013-M06,2013,6,mensual,07005,Andratx,Mallorca,87.69,91.16,90.94,A
2013-M06,2013,6,mensual,07011,Calvià,Mallorca,80.51,83.85,81.48,A
2013-M06,2013,6,mensual,07014,Capdepera,Mallorca,72.95,76.44,75.0,A
2013-M06,2013,6,mensual,07015,Ciutadella de Menorca,Menorca,75.45,78.9,76.35,A
2013-M06,2013,6,mensual,07022,Felanitx,Mallorca,,,,U
2013-M06,2013,6,mensual,07024,Formentera,Formentera,74.86,81.45,82.67,A
2013-M06,2013,6,mensual,07026,Eivissa,Eivissa,81.39,85.81,90.22,A
2013-M06,2013,6,mensual,07031,Llucmajor,Mallorca,73.66,75.1,82.22,A
2013-M06,2013,6,mensual,07032,Maó,Menorca,44.98,67.7,69.2,A
2013-M06,2013,6,mensual,07033,Manacor,Mallorca,81.33,82.02,73.62,A
2013-M06,2013,6,mensual,07039,Muro,Mallorca,88.21,89.75,84.41,A
2013-M06,2013,6,mensual,07040,Palma,Mallorca,83.1,87.49,90.47,A
2013-M06,2013,6,mensual,07042,Pollença,Mallorca,82.17,86.54,82.52,A
2013-M06,2013,6,mensual,07046,Sant Antoni de Portmany,Eivissa,84.14,82.54,87.45,A
2013-M06,2013,6,mensual,07048,Sant Josep de sa Talaia,Eivissa,79.9,77.74,76.5,A
2013-M06,2013,6,mensual,07050,Sant Joan de Labritja,Eivissa,69.94,78.03,72.19,A
2013-M06,2013,6,mensual,07051,Sant Llorenç des Cardassar,Mallorca,81.31,84.79,81.44,A
2013-M06,2013,6,mensual,07052,Sant Lluís,Menorca,70.27,85.45,73.25,A
2013-M06,2013,6,mensual,07054,Santa Eulària des Riu,Eivissa,70.05,77.09,74.57,A
2013-M06,2013,6,mensual,07055,Santa Margalida,Mallorca,90.96,93.49,93.29,A
2013-M06,2013,6,mensual,07057,Santanyí,Mallorca,66.06,66.09,61.84,A
2013-M06,2013,6,mensual,07059,Ses Salines,Mallorca,89.21,94.85,85.84,A
2013-M06,2013,6,mensual,07061,Sóller,Mallorca,77.83,80.77,77.41,A
2013-M06,2013,6,mensual,07062,Son Servera,Mallorca,85.02,85.02,83.29,A
2013-M07,2013,7,mensual,07002,Alaior,Menorca,89.09,87.59,78.62,A
2013-M07,2013,7,mensual,07003,Alcúdia,Mallorca,93.05,92.35,90.99,A
2013-M07,2013,7,mensual,07005,Andratx,Mallorca,91.3,92.04,91.11,A
2013-M07,2013,7,mensual,07011,Calvià,Mallorca,90.35,92.15,91.13,A
2013-M07,2013,7,mensual,07014,Capdepera,Mallorca,82.3,82.04,81.16,A
2013-M07,2013,7,mensual,07015,Ciutadella de Menorca,Menorca,90.37,85.45,84.27,A
2013-M07,2013,7,mensual,07022,Felanitx,Mallorca,,,,U
2013-M07,2013,7,mensual,07024,Formentera,Formentera,85.63,87.16,85.53,A
2013-M07,2013,7,mensual,07026,Eivissa,Eivissa,90.1,90.67,92.2,A
2013-M07,2013,7,mensual,07031,Llucmajor,Mallorca,89.34,83.23,89.15,A
2013-M07,2013,7,mensual,07032,Maó,Menorca,62.48,60.23,58.52,A
2013-M07,2013,7,mensual,07033,Manacor,Mallorca,92.37,92.67,87.19,A
2013-M07,2013,7,mensual,07039,Muro,Mallorca,95.4,94.39,91.76,A
2013-M07,2013,7,mensual,07040,Palma,Mallorca,89.24,90.0,89.64,A
2013-M07,2013,7,mensual,07042,Pollença,Mallorca,82.69,92.18,86.61,A
2013-M07,2013,7,mensual,07046,Sant Antoni de Portmany,Eivissa,92.5,89.7,95.35,A
2013-M07,2013,7,mensual,07048,Sant Josep de sa Talaia,Eivissa,90.19,90.54,89.36,A
2013-M07,2013,7,mensual,07050,Sant Joan de Labritja,Eivissa,85.55,87.61,89.82,A
2013-M07,2013,7,mensual,07051,Sant Llorenç des Cardassar,Mallorca,91.05,92.55,90.24,A
2013-M07,2013,7,mensual,07052,Sant Lluís,Menorca,83.56,91.09,81.73,A
2013-M07,2013,7,mensual,07054,Santa Eulària des Riu,Eivissa,81.3,86.8,83.85,A
2013-M07,2013,7,mensual,07055,Santa Margalida,Mallorca,95.57,95.36,97.46,A
2013-M07,2013,7,mensual,07057,Santanyí,Mallorca,71.97,75.8,77.49,A
2013-M07,2013,7,mensual,07059,Ses Salines,Mallorca,93.1,89.63,93.58,A
2013-M07,2013,7,mensual,07061,Sóller,Mallorca,81.03,85.38,82.69,A
2013-M07,2013,7,mensual,07062,Son Servera,Mallorca,93.61,90.99,93.44,A
2013-M08,2013,8,mensual,07002,Alaior,Menorca,94.56,90.48,87.68,A
2013-M08,2013,8,mensual,07003,Alcúdia,Mallorca,95.49,96.95,96.9,A
2013-M08,2013,8,mensual,07005,Andratx,Mallorca,94.24,91.79,91.82,A
2013-M08,2013,8,mensual,07011,Calvià,Mallorca,90.17,92.76,90.34,A
2013-M08,2013,8,mensual,07014,Capdepera,Mallorca,91.48,95.15,90.47,A
2013-M08,2013,8,mensual,07015,Ciutadella de Menorca,Menorca,90.82,92.67,89.25,A
2013-M08,2013,8,mensual,07022,Felanitx,Mallorca,,,,U
2013-M08,2013,8,mensual,07024,Formentera,Formentera,92.43,92.61,88.98,A
2013-M08,2013,8,mensual,07026,Eivissa,Eivissa,93.89,92.49,93.44,A
2013-M08,2013,8,mensual,07031,Llucmajor,Mallorca,88.95,87.55,89.8,A
2013-M08,2013,8,mensual,07032,Maó,Menorca,84.25,86.48,77.27,A
2013-M08,2013,8,mensual,07033,Manacor,Mallorca,87.53,94.01,86.89,A
2013-M08,2013,8,mensual,07039,Muro,Mallorca,96.6,95.07,90.25,A
2013-M08,2013,8,mensual,07040,Palma,Mallorca,92.35,92.76,90.78,A
2013-M08,2013,8,mensual,07042,Pollença,Mallorca,86.95,92.54,86.92,A
2013-M08,2013,8,mensual,07046,Sant Antoni de Portmany,Eivissa,96.99,93.11,95.77,A
2013-M08,2013,8,mensual,07048,Sant Josep de sa Talaia,Eivissa,92.38,92.34,90.4,A
2013-M08,2013,8,mensual,07050,Sant Joan de Labritja,Eivissa,92.23,92.25,87.35,A
2013-M08,2013,8,mensual,07051,Sant Llorenç des Cardassar,Mallorca,93.06,95.01,92.93,A
2013-M08,2013,8,mensual,07052,Sant Lluís,Menorca,87.82,95.19,86.92,A
2013-M08,2013,8,mensual,07054,Santa Eulària des Riu,Eivissa,84.32,89.36,81.11,A
2013-M08,2013,8,mensual,07055,Santa Margalida,Mallorca,97.08,97.28,98.57,A
2013-M08,2013,8,mensual,07057,Santanyí,Mallorca,72.42,76.67,76.86,A
2013-M08,2013,8,mensual,07059,Ses Salines,Mallorca,100.0,97.64,94.8,A
2013-M08,2013,8,mensual,07061,Sóller,Mallorca,90.11,88.94,87.05,A
2013-M08,2013,8,mensual,07062,Son Servera,Mallorca,95.58,91.07,96.92,A
2013-M09,2013,9,mensual,07002,Alaior,Menorca,71.18,55.89,48.29,A
2013-M09,2013,9,mensual,07003,Alcúdia,Mallorca,90.12,95.59,90.97,A
2013-M09,2013,9,mensual,07005,Andratx,Mallorca,91.6,91.08,90.4,A
2013-M09,2013,9,mensual,07011,Calvià,Mallorca,80.35,86.51,81.28,A
2013-M09,2013,9,mensual,07014,Capdepera,Mallorca,82.23,88.66,83.5,A
2013-M09,2013,9,mensual,07015,Ciutadella de Menorca,Menorca,74.94,84.42,79.67,A
2013-M09,2013,9,mensual,07022,Felanitx,Mallorca,,,,U
2013-M09,2013,9,mensual,07024,Formentera,Formentera,72.6,75.8,73.33,A
2013-M09,2013,9,mensual,07026,Eivissa,Eivissa,85.31,87.25,86.78,A
2013-M09,2013,9,mensual,07031,Llucmajor,Mallorca,80.68,78.76,76.95,A
2013-M09,2013,9,mensual,07032,Maó,Menorca,51.93,50.23,42.21,A
2013-M09,2013,9,mensual,07033,Manacor,Mallorca,75.95,90.24,73.27,A
2013-M09,2013,9,mensual,07039,Muro,Mallorca,89.42,93.34,87.12,A
2013-M09,2013,9,mensual,07040,Palma,Mallorca,80.9,87.89,87.19,A
2013-M09,2013,9,mensual,07042,Pollença,Mallorca,83.9,92.2,84.16,A
2013-M09,2013,9,mensual,07046,Sant Antoni de Portmany,Eivissa,73.66,73.93,72.68,A
2013-M09,2013,9,mensual,07048,Sant Josep de sa Talaia,Eivissa,90.11,82.83,82.91,A
2013-M09,2013,9,mensual,07050,Sant Joan de Labritja,Eivissa,76.13,81.48,75.0,A
2013-M09,2013,9,mensual,07051,Sant Llorenç des Cardassar,Mallorca,82.96,91.84,81.33,A
2013-M09,2013,9,mensual,07052,Sant Lluís,Menorca,71.91,89.16,70.1,A
2013-M09,2013,9,mensual,07054,Santa Eulària des Riu,Eivissa,78.04,82.08,79.4,A
2013-M09,2013,9,mensual,07055,Santa Margalida,Mallorca,91.96,89.17,87.54,A
2013-M09,2013,9,mensual,07057,Santanyí,Mallorca,72.34,80.01,73.58,A
2013-M09,2013,9,mensual,07059,Ses Salines,Mallorca,86.7,84.59,84.71,A
2013-M09,2013,9,mensual,07061,Sóller,Mallorca,83.39,88.1,85.57,A
2013-M09,2013,9,mensual,07062,Son Servera,Mallorca,92.7,94.79,92.98,A
2013-M10,2013,10,mensual,07002,Alaior,Menorca,,,,U
2013-M10,2013,10,mensual,07003,Alcúdia,Mallorca,64.45,53.31,57.17,A
2013-M10,2013,10,mensual,07005,Andratx,Mallorca,72.8,62.76,70.48,A
2013-M10,2013,10,mensual,07011,Calvià,Mallorca,57.54,61.38,61.08,A
2013-M10,2013,10,mensual,07014,Capdepera,Mallorca,63.33,61.51,63.29,A
2013-M10,2013,10,mensual,07015,Ciutadella de Menorca,Menorca,44.68,46.37,50.26,A
2013-M10,2013,10,mensual,07022,Felanitx,Mallorca,,,,U
2013-M10,2013,10,mensual,07024,Formentera,Formentera,33.23,28.86,33.59,A
2013-M10,2013,10,mensual,07026,Eivissa,Eivissa,51.43,37.94,44.45,A
2013-M10,2013,10,mensual,07031,Llucmajor,Mallorca,57.82,60.6,59.49,A
2013-M10,2013,10,mensual,07032,Maó,Menorca,,,,U
2013-M10,2013,10,mensual,07033,Manacor,Mallorca,60.4,50.68,57.9,A
2013-M10,2013,10,mensual,07039,Muro,Mallorca,67.22,59.37,60.84,A
2013-M10,2013,10,mensual,07040,Palma,Mallorca,66.27,70.98,73.02,A
2013-M10,2013,10,mensual,07042,Pollença,Mallorca,61.39,55.36,67.33,A
2013-M10,2013,10,mensual,07046,Sant Antoni de Portmany,Eivissa,57.98,45.48,49.24,A
2013-M10,2013,10,mensual,07048,Sant Josep de sa Talaia,Eivissa,51.58,54.91,58.04,A
2013-M10,2013,10,mensual,07050,Sant Joan de Labritja,Eivissa,53.5,64.59,65.05,A
2013-M10,2013,10,mensual,07051,Sant Llorenç des Cardassar,Mallorca,62.22,67.75,65.33,A
2013-M10,2013,10,mensual,07052,Sant Lluís,Menorca,,,,U
2013-M10,2013,10,mensual,07054,Santa Eulària des Riu,Eivissa,57.28,67.03,68.11,A
2013-M10,2013,10,mensual,07055,Santa Margalida,Mallorca,66.03,62.51,68.58,A
2013-M10,2013,10,mensual,07057,Santanyí,Mallorca,61.51,65.56,64.33,A
2013-M10,2013,10,mensual,07059,Ses Salines,Mallorca,79.56,63.51,59.9,A
2013-M10,2013,10,mensual,07061,Sóller,Mallorca,84.14,76.56,80.73,A
2013-M10,2013,10,mensual,07062,Son Servera,Mallorca,62.24,69.77,74.29,A
2013-M11,2013,11,mensual,07002,Alaior,Menorca,,,,U
2013-M11,2013,11,mensual,07003,Alcúdia,Mallorca,,,,U
2013-M11,2013,11,mensual,07005,Andratx,Mallorca,,,,U
2013-M11,2013,11,mensual,07011,Calvià,Mallorca,46.16,42.22,44.7,A
2013-M11,2013,11,mensual,07014,Capdepera,Mallorca,,,,U
2013-M11,2013,11,mensual,07015,Ciutadella de Menorca,Menorca,,,,U
2013-M11,2013,11,mensual,07022,Felanitx,Mallorca,,,,U
2013-M11,2013,11,mensual,07024,Formentera,Formentera,0.0,0.0,0.0,A
2013-M11,2013,11,mensual,07026,Eivissa,Eivissa,22.64,25.82,18.67,A
2013-M11,2013,11,mensual,07031,Llucmajor,Mallorca,,,,U
2013-M11,2013,11,mensual,07032,Maó,Menorca,,,,U
2013-M11,2013,11,mensual,07033,Manacor,Mallorca,,,,U
2013-M11,2013,11,mensual,07039,Muro,Mallorca,,,,U
2013-M11,2013,11,mensual,07040,Palma,Mallorca,42.15,53.77,46.62,A
2013-M11,2013,11,mensual,07042,Pollença,Mallorca,,,,U
2013-M11,2013,11,mensual,07046,Sant Antoni de Portmany,Eivissa,,,,U
2013-M11,2013,11,mensual,07048,Sant Josep de sa Talaia,Eivissa,,,,U
2013-M11,2013,11,mensual,07050,Sant Joan de Labritja,Eivissa,,,,U
2013-M11,2013,11,mensual,07051,Sant Llorenç des Cardassar,Mallorca,,,,U
2013-M11,2013,11,mensual,07052,Sant Lluís,Menorca,0.0,0.0,0.0,A
2013-M11,2013,11,mensual,07054,Santa Eulària des Riu,Eivissa,,,,U
2013-M11,2013,11,mensual,07055,Santa Margalida,Mallorca,,,,U
2013-M11,2013,11,mensual,07057,Santanyí,Mallorca,,,,U
2013-M11,2013,11,mensual,07059,Ses Salines,Mallorca,0.0,0.0,0.0,A
2013-M11,2013,11,mensual,07061,Sóller,Mallorca,,,,U
2013-M11,2013,11,mensual,07062,Son Servera,Mallorca,,,,U
2013-M12,2013,12,mensual,07002,Alaior,Menorca,,,,U
2013-M12,2013,12,mensual,07003,Alcúdia,Mallorca,,,,U
2013-M12,2013,12,mensual,07005,Andratx,Mallorca,,,,U
2013-M12,2013,12,mensual,07011,Calvià,Mallorca,28.5,35.89,31.23,A
2013-M12,2013,12,mensual,07014,Capdepera,Mallorca,,,,U
2013-M12,2013,12,mensual,07015,Ciutadella de Menorca,Menorca,,,,U
2013-M12,2013,12,mensual,07022,Felanitx,Mallorca,,,,U
2013-M12,2013,12,mensual,07024,Formentera,Formentera,0.0,0.0,0.0,A
2013-M12,2013,12,mensual,07026,Eivissa,Eivissa,,,,U
2013-M12,2013,12,mensual,07031,Llucmajor,Mallorca,,,,U
2013-M12,2013,12,mensual,07032,Maó,Menorca,,,,U
2013-M12,2013,12,mensual,07033,Manacor,Mallorca,,,,U
2013-M12,2013,12,mensual,07039,Muro,Mallorca,,,,U
2013-M12,2013,12,mensual,07040,Palma,Mallorca,33.65,42.41,39.26,A
2013-M12,2013,12,mensual,07042,Pollença,Mallorca,,,,U
2013-M12,2013,12,mensual,07046,Sant Antoni de Portmany,Eivissa,,,,U
2013-M12,2013,12,mensual,07048,Sant Josep de sa Talaia,Eivissa,,,,U
2013-M12,2013,12,mensual,07050,Sant Joan de Labritja,Eivissa,,,,U
2013-M12,2013,12,mensual,07051,Sant Llorenç des Cardassar,Mallorca,,,,U
2013-M12,2013,12,mensual,07052,Sant Lluís,Menorca,0.0,0.0,0.0,A
2013-M12,2013,12,mensual,07054,Santa Eulària des Riu,Eivissa,,,,U
2013-M12,2013,12,mensual,07055,Santa Margalida,Mallorca,,,,U
2013-M12,2013,12,mensual,07057,Santanyí,Mallorca,,,,U
2013-M12,2013,12,mensual,07059,Ses Salines,Mallorca,0.0,0.0,0.0,A
2013-M12,2013,12,mensual,07061,Sóller,Mallorca,,,,U
2013-M12,2013,12,mensual,07062,Son Servera,Mallorca,,,,U
2014,2014,,anual,07002,Alaior,Menorca,,,,U
2014,2014,,anual,07003,Alcúdia,Mallorca,78.95,79.73,78.01,A
2014,2014,,anual,07005,Andratx,Mallorca,84.15,83.3,83.67,A
2014,2014,,anual,07011,Calvià,Mallorca,72.18,74.82,72.87,A
2014,2014,,anual,07014,Capdepera,Mallorca,72.62,73.27,72.62,A
2014,2014,,anual,07015,Ciutadella de Menorca,Menorca,71.26,72.34,70.19,A
2014,2014,,anual,07022,Felanitx,Mallorca,72.25,75.01,73.58,A
2014,2014,,anual,07024,Formentera,Formentera,70.82,71.25,73.03,A
2014,2014,,anual,07026,Eivissa,Eivissa,75.11,78.52,77.92,A
2014,2014,,anual,07031,Llucmajor,Mallorca,80.15,73.84,82.36,A
2014,2014,,anual,07032,Maó,Menorca,49.04,62.98,48.48,A
2014,2014,,anual,07033,Manacor,Mallorca,72.4,76.7,70.99,A
2014,2014,,anual,07039,Muro,Mallorca,78.6,82.56,79.13,A
2014,2014,,anual,07040,Palma,Mallorca,72.07,76.22,75.88,A
2014,2014,,anual,07042,Pollença,Mallorca,74.31,77.79,75.86,A
2014,2014,,anual,07046,Sant Antoni de Portmany,Eivissa,76.76,73.38,75.4,A
2014,2014,,anual,07048,Sant Josep de sa Talaia,Eivissa,69.76,72.23,72.03,A
2014,2014,,anual,07050,Sant Joan de Labritja,Eivissa,81.8,86.0,81.51,A
2014,2014,,anual,07051,Sant Llorenç des Cardassar,Mallorca,76.41,80.04,75.68,A
2014,2014,,anual,07052,Sant Lluís,Menorca,67.55,77.03,63.61,A
2014,2014,,anual,07054,Santa Eulària des Riu,Eivissa,70.28,76.36,71.55,A
2014,2014,,anual,07055,Santa Margalida,Mallorca,78.24,77.59,77.35,A
2014,2014,,anual,07057,Santanyí,Mallorca,77.92,83.19,81.2,A
2014,2014,,anual,07059,Ses Salines,Mallorca,78.24,78.71,76.75,A
2014,2014,,anual,07061,Sóller,Mallorca,73.97,74.4,76.11,A
2014,2014,,anual,07062,Son Servera,Mallorca,72.44,76.79,73.62,A
2014-M01,2014,1,mensual,07002,Alaior,Menorca,,,,U
2014-M01,2014,1,mensual,07003,Alcúdia,Mallorca,,,,U
2014-M01,2014,1,mensual,07005,Andratx,Mallorca,,,,U
2014-M01,2014,1,mensual,07011,Calvià,Mallorca,29.73,33.35,26.33,A
2014-M01,2014,1,mensual,07014,Capdepera,Mallorca,,,,U
2014-M01,2014,1,mensual,07015,Ciutadella de Menorca,Menorca,,,,U
2014-M01,2014,1,mensual,07022,Felanitx,Mallorca,,,,U
2014-M01,2014,1,mensual,07024,Formentera,Formentera,0.0,0.0,0.0,A
2014-M01,2014,1,mensual,07026,Eivissa,Eivissa,,,,U
2014-M01,2014,1,mensual,07031,Llucmajor,Mallorca,,,,U
2014-M01,2014,1,mensual,07032,Maó,Menorca,,,,U
2014-M01,2014,1,mensual,07033,Manacor,Mallorca,,,,U
2014-M01,2014,1,mensual,07039,Muro,Mallorca,,,,U
2014-M01,2014,1,mensual,07040,Palma,Mallorca,30.0,38.62,32.88,A
2014-M01,2014,1,mensual,07042,Pollença,Mallorca,,,,U
2014-M01,2014,1,mensual,07046,Sant Antoni de Portmany,Eivissa,,,,U
2014-M01,2014,1,mensual,07048,Sant Josep de sa Talaia,Eivissa,,,,U
2014-M01,2014,1,mensual,07050,Sant Joan de Labritja,Eivissa,,,,U
2014-M01,2014,1,mensual,07051,Sant Llorenç des Cardassar,Mallorca,,,,U
2014-M01,2014,1,mensual,07052,Sant Lluís,Menorca,0.0,0.0,0.0,A
2014-M01,2014,1,mensual,07054,Santa Eulària des Riu,Eivissa,,,,U
2014-M01,2014,1,mensual,07055,Santa Margalida,Mallorca,,,,U
2014-M01,2014,1,mensual,07057,Santanyí,Mallorca,,,,U
2014-M01,2014,1,mensual,07059,Ses Salines,Mallorca,,,,U
2014-M01,2014,1,mensual,07061,Sóller,Mallorca,,,,U
2014-M01,2014,1,mensual,07062,Son Servera,Mallorca,,,,U
2014-M02,2014,2,mensual,07002,Alaior,Menorca,,,,U
2014-M02,2014,2,mensual,07003,Alcúdia,Mallorca,,,,U
2014-M02,2014,2,mensual,07005,Andratx,Mallorca,,,,U
2014-M02,2014,2,mensual,07011,Calvià,Mallorca,49.58,57.08,51.29,A
2014-M02,2014,2,mensual,07014,Capdepera,Mallorca,,,,U
2014-M02,2014,2,mensual,07015,Ciutadella de Menorca,Menorca,,,,U
2014-M02,2014,2,mensual,07022,Felanitx,Mallorca,,,,U
2014-M02,2014,2,mensual,07024,Formentera,Formentera,0.0,0.0,0.0,A
2014-M02,2014,2,mensual,07026,Eivissa,Eivissa,28.96,37.69,28.55,A
2014-M02,2014,2,mensual,07031,Llucmajor,Mallorca,,,,U
2014-M02,2014,2,mensual,07032,Maó,Menorca,,,,U
2014-M02,2014,2,mensual,07033,Manacor,Mallorca,,,,U
2014-M02,2014,2,mensual,07039,Muro,Mallorca,,,,U
2014-M02,2014,2,mensual,07040,Palma,Mallorca,40.35,46.2,41.95,A
2014-M02,2014,2,mensual,07042,Pollença,Mallorca,,,,U
2014-M02,2014,2,mensual,07046,Sant Antoni de Portmany,Eivissa,,,,U
2014-M02,2014,2,mensual,07048,Sant Josep de sa Talaia,Eivissa,,,,U
2014-M02,2014,2,mensual,07050,Sant Joan de Labritja,Eivissa,,,,U
2014-M02,2014,2,mensual,07051,Sant Llorenç des Cardassar,Mallorca,,,,U
2014-M02,2014,2,mensual,07052,Sant Lluís,Menorca,0.0,0.0,0.0,A
2014-M02,2014,2,mensual,07054,Santa Eulària des Riu,Eivissa,,,,U
2014-M02,2014,2,mensual,07055,Santa Margalida,Mallorca,,,,U
2014-M02,2014,2,mensual,07057,Santanyí,Mallorca,,,,U
2014-M02,2014,2,mensual,07059,Ses Salines,Mallorca,,,,U
2014-M02,2014,2,mensual,07061,Sóller,Mallorca,,,,U
2014-M02,2014,2,mensual,07062,Son Servera,Mallorca,,,,U
2014-M03,2014,3,mensual,07002,Alaior,Menorca,,,,U
2014-M03,2014,3,mensual,07003,Alcúdia,Mallorca,43.44,53.01,48.69,A
2014-M03,2014,3,mensual,07005,Andratx,Mallorca,,,,U
2014-M03,2014,3,mensual,07011,Calvià,Mallorca,46.67,51.04,46.58,A
2014-M03,2014,3,mensual,07014,Capdepera,Mallorca,,,,U
2014-M03,2014,3,mensual,07015,Ciutadella de Menorca,Menorca,,,,U
2014-M03,2014,3,mensual,07022,Felanitx,Mallorca,,,,U
2014-M03,2014,3,mensual,07024,Formentera,Formentera,,,,U
2014-M03,2014,3,mensual,07026,Eivissa,Eivissa,28.87,38.7,30.99,A
2014-M03,2014,3,mensual,07031,Llucmajor,Mallorca,,,,U
2014-M03,2014,3,mensual,07032,Maó,Menorca,,,,U
2014-M03,2014,3,mensual,07033,Manacor,Mallorca,,,,U
2014-M03,2014,3,mensual,07039,Muro,Mallorca,,,,U
2014-M03,2014,3,mensual,07040,Palma,Mallorca,54.52,63.4,57.42,A
2014-M03,2014,3,mensual,07042,Pollença,Mallorca,37.27,53.4,44.74,A
2014-M03,2014,3,mensual,07046,Sant Antoni de Portmany,Eivissa,,,,U
2014-M03,2014,3,mensual,07048,Sant Josep de sa Talaia,Eivissa,,,,U
2014-M03,2014,3,mensual,07050,Sant Joan de Labritja,Eivissa,,,,U
2014-M03,2014,3,mensual,07051,Sant Llorenç des Cardassar,Mallorca,52.96,63.57,57.33,A
2014-M03,2014,3,mensual,07052,Sant Lluís,Menorca,0.0,0.0,0.0,A
2014-M03,2014,3,mensual,07054,Santa Eulària des Riu,Eivissa,,,,U
2014-M03,2014,3,mensual,07055,Santa Margalida,Mallorca,,,,U
2014-M03,2014,3,mensual,07057,Santanyí,Mallorca,,,,U
2014-M03,2014,3,mensual,07059,Ses Salines,Mallorca,,,,U
2014-M03,2014,3,mensual,07061,Sóller,Mallorca,60.35,72.64,67.09,A
2014-M03,2014,3,mensual,07062,Son Servera,Mallorca,,,,U
2014-M04,2014,4,mensual,07002,Alaior,Menorca,,,,U
2014-M04,2014,4,mensual,07003,Alcúdia,Mallorca,56.46,85.69,61.84,A
2014-M04,2014,4,mensual,07005,Andratx,Mallorca,,,,U
2014-M04,2014,4,mensual,07011,Calvià,Mallorca,54.7,62.53,59.19,A
2014-M04,2014,4,mensual,07014,Capdepera,Mallorca,52.36,57.67,60.08,A
2014-M04,2014,4,mensual,07015,Ciutadella de Menorca,Menorca,42.61,42.43,53.51,A
2014-M04,2014,4,mensual,07022,Felanitx,Mallorca,,,,U
2014-M04,2014,4,mensual,07024,Formentera,Formentera,,,,U
2014-M04,2014,4,mensual,07026,Eivissa,Eivissa,56.24,59.36,58.84,A
2014-M04,2014,4,mensual,07031,Llucmajor,Mallorca,86.05,81.94,89.36,A
2014-M04,2014,4,mensual,07032,Maó,Menorca,,,,U
2014-M04,2014,4,mensual,07033,Manacor,Mallorca,52.59,43.48,41.74,A
2014-M04,2014,4,mensual,07039,Muro,Mallorca,66.32,73.38,68.88,A
2014-M04,2014,4,mensual,07040,Palma,Mallorca,68.46,74.36,72.43,A
2014-M04,2014,4,mensual,07042,Pollença,Mallorca,49.54,65.26,65.45,A
2014-M04,2014,4,mensual,07046,Sant Antoni de Portmany,Eivissa,,,,U
2014-M04,2014,4,mensual,07048,Sant Josep de sa Talaia,Eivissa,,,,U
2014-M04,2014,4,mensual,07050,Sant Joan de Labritja,Eivissa,,,,U
2014-M04,2014,4,mensual,07051,Sant Llorenç des Cardassar,Mallorca,69.82,71.44,69.81,A
2014-M04,2014,4,mensual,07052,Sant Lluís,Menorca,,,,U
2014-M04,2014,4,mensual,07054,Santa Eulària des Riu,Eivissa,,,,U
2014-M04,2014,4,mensual,07055,Santa Margalida,Mallorca,69.76,59.35,50.09,A
2014-M04,2014,4,mensual,07057,Santanyí,Mallorca,52.88,65.45,66.06,A
2014-M04,2014,4,mensual,07059,Ses Salines,Mallorca,80.1,83.41,83.06,A
2014-M04,2014,4,mensual,07061,Sóller,Mallorca,70.3,67.57,62.12,A
2014-M04,2014,4,mensual,07062,Son Servera,Mallorca,55.72,56.12,54.98,A
2014-M05,2014,5,mensual,07002,Alaior,Menorca,,,,U
2014-M05,2014,5,mensual,07003,Alcúdia,Mallorca,68.36,75.39,71.63,A
2014-M05,2014,5,mensual,07005,Andratx,Mallorca,77.56,85.28,79.46,A
2014-M05,2014,5,mensual,07011,Calvià,Mallorca,59.36,60.34,63.93,A
2014-M05,2014,5,mensual,07014,Capdepera,Mallorca,50.29,52.43,50.43,A
2014-M05,2014,5,mensual,07015,Ciutadella de Menorca,Menorca,43.74,41.65,37.09,A
2014-M05,2014,5,mensual,07022,Felanitx,Mallorca,61.88,64.71,59.99,A
2014-M05,2014,5,mensual,07024,Formentera,Formentera,40.06,40.24,41.11,A
2014-M05,2014,5,mensual,07026,Eivissa,Eivissa,63.55,65.11,66.06,A
2014-M05,2014,5,mensual,07031,Llucmajor,Mallorca,55.51,54.15,62.05,A
2014-M05,2014,5,mensual,07032,Maó,Menorca,49.11,67.15,47.63,A
2014-M05,2014,5,mensual,07033,Manacor,Mallorca,46.64,61.74,57.89,A
2014-M05,2014,5,mensual,07039,Muro,Mallorca,69.46,72.36,67.98,A
2014-M05,2014,5,mensual,07040,Palma,Mallorca,68.37,75.43,79.61,A
2014-M05,2014,5,mensual,07042,Pollença,Mallorca,65.25,68.08,67.81,A
2014-M05,2014,5,mensual,07046,Sant Antoni de Portmany,Eivissa,55.74,45.49,48.56,A
2014-M05,2014,5,mensual,07048,Sant Josep de sa Talaia,Eivissa,61.24,67.55,62.65,A
2014-M05,2014,5,mensual,07050,Sant Joan de Labritja,Eivissa,63.04,58.75,49.87,A
2014-M05,2014,5,mensual,07051,Sant Llorenç des Cardassar,Mallorca,57.37,64.43,55.67,A
2014-M05,2014,5,mensual,07052,Sant Lluís,Menorca,,,,U
2014-M05,2014,5,mensual,07054,Santa Eulària des Riu,Eivissa,51.68,54.03,47.73,A
2014-M05,2014,5,mensual,07055,Santa Margalida,Mallorca,57.1,55.25,54.33,A
2014-M05,2014,5,mensual,07057,Santanyí,Mallorca,68.6,76.85,74.97,A
2014-M05,2014,5,mensual,07059,Ses Salines,Mallorca,60.16,61.8,62.33,A
2014-M05,2014,5,mensual,07061,Sóller,Mallorca,81.89,82.63,87.65,A
2014-M05,2014,5,mensual,07062,Son Servera,Mallorca,65.59,60.61,55.05,A
2014-M06,2014,6,mensual,07002,Alaior,Menorca,,,,U
2014-M06,2014,6,mensual,07003,Alcúdia,Mallorca,85.61,89.8,86.51,A
2014-M06,2014,6,mensual,07005,Andratx,Mallorca,84.84,88.59,84.43,A
2014-M06,2014,6,mensual,07011,Calvià,Mallorca,80.39,82.67,81.77,A
2014-M06,2014,6,mensual,07014,Capdepera,Mallorca,74.06,77.23,76.32,A
2014-M06,2014,6,mensual,07015,Ciutadella de Menorca,Menorca,77.66,73.43,74.62,A
2014-M06,2014,6,mensual,07022,Felanitx,Mallorca,80.89,79.05,79.92,A
2014-M06,2014,6,mensual,07024,Formentera,Formentera,76.4,80.14,80.63,A
2014-M06,2014,6,mensual,07026,Eivissa,Eivissa,82.1,88.01,88.85,A
2014-M06,2014,6,mensual,07031,Llucmajor,Mallorca,86.01,75.02,86.82,A
2014-M06,2014,6,mensual,07032,Maó,Menorca,57.0,72.12,51.92,A
2014-M06,2014,6,mensual,07033,Manacor,Mallorca,79.25,79.66,71.55,A
2014-M06,2014,6,mensual,07039,Muro,Mallorca,85.58,89.47,86.07,A
2014-M06,2014,6,mensual,07040,Palma,Mallorca,82.34,86.52,88.6,A
2014-M06,2014,6,mensual,07042,Pollença,Mallorca,79.49,82.06,78.46,A
2014-M06,2014,6,mensual,07046,Sant Antoni de Portmany,Eivissa,71.75,68.58,73.17,A
2014-M06,2014,6,mensual,07048,Sant Josep de sa Talaia,Eivissa,75.26,70.77,76.43,A
2014-M06,2014,6,mensual,07050,Sant Joan de Labritja,Eivissa,86.45,90.73,93.48,A
2014-M06,2014,6,mensual,07051,Sant Llorenç des Cardassar,Mallorca,81.18,86.05,80.99,A
2014-M06,2014,6,mensual,07052,Sant Lluís,Menorca,,,,U
2014-M06,2014,6,mensual,07054,Santa Eulària des Riu,Eivissa,73.94,79.19,75.89,A
2014-M06,2014,6,mensual,07055,Santa Margalida,Mallorca,85.38,87.69,87.06,A
2014-M06,2014,6,mensual,07057,Santanyí,Mallorca,83.14,88.46,87.61,A
2014-M06,2014,6,mensual,07059,Ses Salines,Mallorca,75.35,69.99,65.93,A
2014-M06,2014,6,mensual,07061,Sóller,Mallorca,78.24,85.73,90.05,A
2014-M06,2014,6,mensual,07062,Son Servera,Mallorca,84.91,88.31,86.45,A
2014-M07,2014,7,mensual,07002,Alaior,Menorca,,,,U
2014-M07,2014,7,mensual,07003,Alcúdia,Mallorca,92.6,90.76,91.4,A
2014-M07,2014,7,mensual,07005,Andratx,Mallorca,96.79,87.18,88.98,A
2014-M07,2014,7,mensual,07011,Calvià,Mallorca,88.63,85.8,85.28,A
2014-M07,2014,7,mensual,07014,Capdepera,Mallorca,82.26,78.52,78.39,A
2014-M07,2014,7,mensual,07015,Ciutadella de Menorca,Menorca,89.8,86.56,83.99,A
2014-M07,2014,7,mensual,07022,Felanitx,Mallorca,88.23,90.17,88.51,A
2014-M07,2014,7,mensual,07024,Formentera,Formentera,89.92,87.15,93.89,A
2014-M07,2014,7,mensual,07026,Eivissa,Eivissa,93.27,93.04,91.02,A
2014-M07,2014,7,mensual,07031,Llucmajor,Mallorca,89.83,77.27,86.78,A
2014-M07,2014,7,mensual,07032,Maó,Menorca,71.35,85.83,78.8,A
2014-M07,2014,7,mensual,07033,Manacor,Mallorca,85.26,87.33,84.89,A
2014-M07,2014,7,mensual,07039,Muro,Mallorca,85.82,87.94,84.45,A
2014-M07,2014,7,mensual,07040,Palma,Mallorca,90.46,89.47,92.44,A
2014-M07,2014,7,mensual,07042,Pollença,Mallorca,86.97,88.13,85.53,A
2014-M07,2014,7,mensual,07046,Sant Antoni de Portmany,Eivissa,84.61,80.78,86.19,A
2014-M07,2014,7,mensual,07048,Sant Josep de sa Talaia,Eivissa,75.19,84.39,85.53,A
2014-M07,2014,7,mensual,07050,Sant Joan de Labritja,Eivissa,88.05,94.31,91.12,A
2014-M07,2014,7,mensual,07051,Sant Llorenç des Cardassar,Mallorca,89.66,86.3,84.47,A
2014-M07,2014,7,mensual,07052,Sant Lluís,Menorca,,,,U
2014-M07,2014,7,mensual,07054,Santa Eulària des Riu,Eivissa,83.01,87.13,81.59,A
2014-M07,2014,7,mensual,07055,Santa Margalida,Mallorca,91.88,87.89,89.78,A
2014-M07,2014,7,mensual,07057,Santanyí,Mallorca,90.55,90.21,91.4,A
2014-M07,2014,7,mensual,07059,Ses Salines,Mallorca,85.09,82.7,83.78,A
2014-M07,2014,7,mensual,07061,Sóller,Mallorca,87.77,86.2,92.36,A
2014-M07,2014,7,mensual,07062,Son Servera,Mallorca,81.87,87.74,83.26,A
2014-M08,2014,8,mensual,07002,Alaior,Menorca,,,,U
2014-M08,2014,8,mensual,07003,Alcúdia,Mallorca,96.42,94.68,97.55,A
2014-M08,2014,8,mensual,07005,Andratx,Mallorca,94.32,92.0,93.53,A
2014-M08,2014,8,mensual,07011,Calvià,Mallorca,91.1,90.18,89.41,A
2014-M08,2014,8,mensual,07014,Capdepera,Mallorca,95.13,95.85,95.8,A
2014-M08,2014,8,mensual,07015,Ciutadella de Menorca,Menorca,92.7,95.34,91.4,A
2014-M08,2014,8,mensual,07022,Felanitx,Mallorca,93.03,93.23,93.32,A
2014-M08,2014,8,mensual,07024,Formentera,Formentera,92.88,90.92,90.38,A
2014-M08,2014,8,mensual,07026,Eivissa,Eivissa,95.54,94.22,92.45,A
2014-M08,2014,8,mensual,07031,Llucmajor,Mallorca,90.04,85.58,90.4,A
2014-M08,2014,8,mensual,07032,Maó,Menorca,70.22,91.96,64.26,A
2014-M08,2014,8,mensual,07033,Manacor,Mallorca,89.7,94.0,88.62,A
2014-M08,2014,8,mensual,07039,Muro,Mallorca,89.29,96.15,91.18,A
2014-M08,2014,8,mensual,07040,Palma,Mallorca,95.32,93.75,93.94,A
2014-M08,2014,8,mensual,07042,Pollença,Mallorca,90.39,94.5,90.73,A
2014-M08,2014,8,mensual,07046,Sant Antoni de Portmany,Eivissa,93.09,92.12,93.3,A
2014-M08,2014,8,mensual,07048,Sant Josep de sa Talaia,Eivissa,84.93,85.77,80.21,A
2014-M08,2014,8,mensual,07050,Sant Joan de Labritja,Eivissa,92.26,98.34,92.61,A
2014-M08,2014,8,mensual,07051,Sant Llorenç des Cardassar,Mallorca,95.71,95.52,94.57,A
2014-M08,2014,8,mensual,07052,Sant Lluís,Menorca,,,,U
2014-M08,2014,8,mensual,07054,Santa Eulària des Riu,Eivissa,81.51,88.75,82.74,A
2014-M08,2014,8,mensual,07055,Santa Margalida,Mallorca,94.65,96.94,97.22,A
2014-M08,2014,8,mensual,07057,Santanyí,Mallorca,90.59,94.19,92.22,A
2014-M08,2014,8,mensual,07059,Ses Salines,Mallorca,82.54,96.64,96.05,A
2014-M08,2014,8,mensual,07061,Sóller,Mallorca,89.55,88.5,91.2,A
2014-M08,2014,8,mensual,07062,Son Servera,Mallorca,84.49,86.52,84.37,A
2014-M09,2014,9,mensual,07002,Alaior,Menorca,,,,U
2014-M09,2014,9,mensual,07003,Alcúdia,Mallorca,89.14,90.33,87.95,A
2014-M09,2014,9,mensual,07005,Andratx,Mallorca,93.27,91.18,90.58,A
2014-M09,2014,9,mensual,07011,Calvià,Mallorca,77.56,82.53,77.52,A
2014-M09,2014,9,mensual,07014,Capdepera,Mallorca,88.75,94.2,89.49,A
2014-M09,2014,9,mensual,07015,Ciutadella de Menorca,Menorca,73.95,86.83,80.44,A
2014-M09,2014,9,mensual,07022,Felanitx,Mallorca,86.15,92.65,87.61,A
2014-M09,2014,9,mensual,07024,Formentera,Formentera,75.94,80.76,78.84,A
2014-M09,2014,9,mensual,07026,Eivissa,Eivissa,85.2,89.48,90.17,A
2014-M09,2014,9,mensual,07031,Llucmajor,Mallorca,93.81,88.65,96.68,A
2014-M09,2014,9,mensual,07032,Maó,Menorca,56.98,77.88,49.06,A
2014-M09,2014,9,mensual,07033,Manacor,Mallorca,81.04,89.98,78.99,A
2014-M09,2014,9,mensual,07039,Muro,Mallorca,88.08,93.79,87.86,A
2014-M09,2014,9,mensual,07040,Palma,Mallorca,82.39,86.74,87.31,A
2014-M09,2014,9,mensual,07042,Pollença,Mallorca,85.61,91.31,85.88,A
2014-M09,2014,9,mensual,07046,Sant Antoni de Portmany,Eivissa,79.93,80.42,82.19,A
2014-M09,2014,9,mensual,07048,Sant Josep de sa Talaia,Eivissa,74.48,80.69,80.47,A
2014-M09,2014,9,mensual,07050,Sant Joan de Labritja,Eivissa,82.46,89.95,78.04,A
2014-M09,2014,9,mensual,07051,Sant Llorenç des Cardassar,Mallorca,84.73,91.67,83.03,A
2014-M09,2014,9,mensual,07052,Sant Lluís,Menorca,,,,U
2014-M09,2014,9,mensual,07054,Santa Eulària des Riu,Eivissa,79.4,88.47,84.6,A
2014-M09,2014,9,mensual,07055,Santa Margalida,Mallorca,93.85,96.06,93.29,A
2014-M09,2014,9,mensual,07057,Santanyí,Mallorca,83.41,90.97,83.45,A
2014-M09,2014,9,mensual,07059,Ses Salines,Mallorca,94.7,98.04,93.18,A
2014-M09,2014,9,mensual,07061,Sóller,Mallorca,88.05,88.22,91.03,A
2014-M09,2014,9,mensual,07062,Son Servera,Mallorca,85.8,92.81,85.17,A
2014-M10,2014,10,mensual,07002,Alaior,Menorca,,,,U
2014-M10,2014,10,mensual,07003,Alcúdia,Mallorca,64.67,47.95,49.6,A
2014-M10,2014,10,mensual,07005,Andratx,Mallorca,70.82,61.08,72.11,A
2014-M10,2014,10,mensual,07011,Calvià,Mallorca,58.95,66.15,61.57,A
2014-M10,2014,10,mensual,07014,Capdepera,Mallorca,58.08,49.73,51.95,A
2014-M10,2014,10,mensual,07015,Ciutadella de Menorca,Menorca,47.62,48.27,50.55,A
2014-M10,2014,10,mensual,07022,Felanitx,Mallorca,,,,U
2014-M10,2014,10,mensual,07024,Formentera,Formentera,44.38,42.38,48.72,A
2014-M10,2014,10,mensual,07026,Eivissa,Eivissa,55.57,66.74,68.64,A
2014-M10,2014,10,mensual,07031,Llucmajor,Mallorca,53.98,57.97,63.77,A
2014-M10,2014,10,mensual,07032,Maó,Menorca,,,,U
2014-M10,2014,10,mensual,07033,Manacor,Mallorca,58.83,61.82,56.88,A
2014-M10,2014,10,mensual,07039,Muro,Mallorca,65.65,69.47,69.8,A
2014-M10,2014,10,mensual,07040,Palma,Mallorca,66.72,70.49,70.92,A
2014-M10,2014,10,mensual,07042,Pollença,Mallorca,66.3,62.18,64.78,A
2014-M10,2014,10,mensual,07046,Sant Antoni de Portmany,Eivissa,55.99,41.59,36.85,A
2014-M10,2014,10,mensual,07048,Sant Josep de sa Talaia,Eivissa,44.19,38.35,43.07,A
2014-M10,2014,10,mensual,07050,Sant Joan de Labritja,Eivissa,,,,U
2014-M10,2014,10,mensual,07051,Sant Llorenç des Cardassar,Mallorca,59.83,65.56,64.05,A
2014-M10,2014,10,mensual,07052,Sant Lluís,Menorca,,,,U
2014-M10,2014,10,mensual,07054,Santa Eulària des Riu,Eivissa,45.9,54.38,50.55,A
2014-M10,2014,10,mensual,07055,Santa Margalida,Mallorca,56.27,52.56,55.83,A
2014-M10,2014,10,mensual,07057,Santanyí,Mallorca,64.28,69.24,66.67,A
2014-M10,2014,10,mensual,07059,Ses Salines,Mallorca,85.33,78.52,74.5,A
2014-M10,2014,10,mensual,07061,Sóller,Mallorca,80.07,69.92,71.7,A
2014-M10,2014,10,mensual,07062,Son Servera,Mallorca,52.69,70.89,69.43,A
2014-M11,2014,11,mensual,07002,Alaior,Menorca,0.0,0.0,0.0,A
2014-M11,2014,11,mensual,07003,Alcúdia,Mallorca,,,,U
2014-M11,2014,11,mensual,07005,Andratx,Mallorca,,,,U
2014-M11,2014,11,mensual,07011,Calvià,Mallorca,27.93,27.09,20.71,A
2014-M11,2014,11,mensual,07014,Capdepera,Mallorca,,,,U
2014-M11,2014,11,mensual,07015,Ciutadella de Menorca,Menorca,,,,U
2014-M11,2014,11,mensual,07022,Felanitx,Mallorca,,,,U
2014-M11,2014,11,mensual,07024,Formentera,Formentera,,,,U
2014-M11,2014,11,mensual,07026,Eivissa,Eivissa,29.37,36.63,26.78,A
2014-M11,2014,11,mensual,07031,Llucmajor,Mallorca,,,,U
2014-M11,2014,11,mensual,07032,Maó,Menorca,,,,U
2014-M11,2014,11,mensual,07033,Manacor,Mallorca,,,,U
2014-M11,2014,11,mensual,07039,Muro,Mallorca,,,,U
2014-M11,2014,11,mensual,07040,Palma,Mallorca,49.83,58.61,49.03,A
2014-M11,2014,11,mensual,07042,Pollença,Mallorca,,,,U
2014-M11,2014,11,mensual,07046,Sant Antoni de Portmany,Eivissa,,,,U
2014-M11,2014,11,mensual,07048,Sant Josep de sa Talaia,Eivissa,,,,U
2014-M11,2014,11,mensual,07050,Sant Joan de Labritja,Eivissa,,,,U
2014-M11,2014,11,mensual,07051,Sant Llorenç des Cardassar,Mallorca,,,,U
2014-M11,2014,11,mensual,07052,Sant Lluís,Menorca,0.0,0.0,0.0,A
2014-M11,2014,11,mensual,07054,Santa Eulària des Riu,Eivissa,,,,U
2014-M11,2014,11,mensual,07055,Santa Margalida,Mallorca,,,,U
2014-M11,2014,11,mensual,07057,Santanyí,Mallorca,,,,U
2014-M11,2014,11,mensual,07059,Ses Salines,Mallorca,0.0,0.0,0.0,A
2014-M11,2014,11,mensual,07061,Sóller,Mallorca,,,,U
2014-M11,2014,11,mensual,07062,Son Servera,Mallorca,,,,U
2014-M12,2014,12,mensual,07002,Alaior,Menorca,0.0,0.0,0.0,A
2014-M12,2014,12,mensual,07003,Alcúdia,Mallorca,,,,U
2014-M12,2014,12,mensual,07005,Andratx,Mallorca,,,,U
2014-M12,2014,12,mensual,07011,Calvià,Mallorca,26.27,39.86,33.98,A
2014-M12,2014,12,mensual,07014,Capdepera,Mallorca,,,,U
2014-M12,2014,12,mensual,07015,Ciutadella de Menorca,Menorca,,,,U
2014-M12,2014,12,mensual,07022,Felanitx,Mallorca,,,,U
2014-M12,2014,12,mensual,07024,Formentera,Formentera,0.0,0.0,0.0,A
2014-M12,2014,12,mensual,07026,Eivissa,Eivissa,,,,U
2014-M12,2014,12,mensual,07031,Llucmajor,Mallorca,,,,U
2014-M12,2014,12,mensual,07032,Maó,Menorca,,,,U
2014-M12,2014,12,mensual,07033,Manacor,Mallorca,,,,U
2014-M12,2014,12,mensual,07039,Muro,Mallorca,,,,U
2014-M12,2014,12,mensual,07040,Palma,Mallorca,45.75,50.09,44.72,A
2014-M12,2014,12,mensual,07042,Pollença,Mallorca,,,,U
2014-M12,2014,12,mensual,07046,Sant Antoni de Portmany,Eivissa,,,,U
2014-M12,2014,12,mensual,07048,Sant Josep de sa Talaia,Eivissa,,,,U
2014-M12,2014,12,mensual,07050,Sant Joan de Labritja,Eivissa,,,,U
2014-M12,2014,12,mensual,07051,Sant Llorenç des Cardassar,Mallorca,,,,U
2014-M12,2014,12,mensual,07052,Sant Lluís,Menorca,0.0,0.0,0.0,A
2014-M12,2014,12,mensual,07054,Santa Eulària des Riu,Eivissa,,,,U
2014-M12,2014,12,mensual,07055,Santa Margalida,Mallorca,,,,U
2014-M12,2014,12,mensual,07057,Santanyí,Mallorca,,,,U
2014-M12,2014,12,mensual,07059,Ses Salines,Mallorca,0.0,0.0,0.0,A
2014-M12,2014,12,mensual,07061,Sóller,Mallorca,,,,U
2014-M12,2014,12,mensual,07062,Son Servera,Mallorca,,,,U
2015,2015,,anual,07002,Alaior,Menorca,73.68,77.45,76.06,A
2015,2015,,anual,07003,Alcúdia,Mallorca,73.84,76.6,72.04,A
2015,2015,,anual,07005,Andratx,Mallorca,80.36,81.78,80.59,A
2015,2015,,anual,07011,Calvià,Mallorca,72.83,77.66,73.68,A
2015,2015,,anual,07014,Capdepera,Mallorca,75.87,78.09,76.6,A
2015,2015,,anual,07015,Ciutadella de Menorca,Menorca,77.37,80.79,72.98,A
2015,2015,,anual,07022,Felanitx,Mallorca,,,,U
2015,2015,,anual,07024,Formentera,Formentera,71.37,72.43,73.75,A
2015,2015,,anual,07026,Eivissa,Eivissa,72.63,74.0,77.7,A
2015,2015,,anual,07031,Llucmajor,Mallorca,77.29,74.43,79.79,A
2015,2015,,anual,07032,Maó,Menorca,55.93,65.05,50.07,A
2015,2015,,anual,07033,Manacor,Mallorca,71.97,76.7,69.87,A
2015,2015,,anual,07039,Muro,Mallorca,80.97,82.35,78.29,A
2015,2015,,anual,07040,Palma,Mallorca,73.68,77.9,76.55,A
2015,2015,,anual,07042,Pollença,Mallorca,75.34,79.22,75.61,A
2015,2015,,anual,07046,Sant Antoni de Portmany,Eivissa,73.33,73.93,73.12,A
2015,2015,,anual,07048,Sant Josep de sa Talaia,Eivissa,71.24,70.86,71.95,A
2015,2015,,anual,07050,Sant Joan de Labritja,Eivissa,,,,U
2015,2015,,anual,07051,Sant Llorenç des Cardassar,Mallorca,78.11,80.94,77.11,A
2015,2015,,anual,07052,Sant Lluís,Menorca,66.92,76.74,61.77,A
2015,2015,,anual,07054,Santa Eulària des Riu,Eivissa,73.65,75.06,74.6,A
2015,2015,,anual,07055,Santa Margalida,Mallorca,75.74,74.44,74.9,A
2015,2015,,anual,07057,Santanyí,Mallorca,82.13,82.36,84.24,A
2015,2015,,anual,07059,Ses Salines,Mallorca,76.48,76.61,72.43,A
2015,2015,,anual,07061,Sóller,Mallorca,64.01,65.46,64.97,A
2015,2015,,anual,07062,Son Servera,Mallorca,71.94,75.61,71.59,A
2015-M01,2015,1,mensual,07002,Alaior,Menorca,0.0,0.0,0.0,A
2015-M01,2015,1,mensual,07003,Alcúdia,Mallorca,,,,U
2015-M01,2015,1,mensual,07005,Andratx,Mallorca,,,,U
2015-M01,2015,1,mensual,07011,Calvià,Mallorca,29.3,36.26,26.22,A
2015-M01,2015,1,mensual,07014,Capdepera,Mallorca,,,,U
2015-M01,2015,1,mensual,07015,Ciutadella de Menorca,Menorca,,,,U
2015-M01,2015,1,mensual,07022,Felanitx,Mallorca,,,,U
2015-M01,2015,1,mensual,07024,Formentera,Formentera,0.0,0.0,0.0,A
2015-M01,2015,1,mensual,07026,Eivissa,Eivissa,,,,U
2015-M01,2015,1,mensual,07031,Llucmajor,Mallorca,,,,U
2015-M01,2015,1,mensual,07032,Maó,Menorca,,,,U
2015-M01,2015,1,mensual,07033,Manacor,Mallorca,,,,U
2015-M01,2015,1,mensual,07039,Muro,Mallorca,0.0,0.0,0.0,A
2015-M01,2015,1,mensual,07040,Palma,Mallorca,39.25,48.36,39.93,A
2015-M01,2015,1,mensual,07042,Pollença,Mallorca,,,,U
2015-M01,2015,1,mensual,07046,Sant Antoni de Portmany,Eivissa,,,,U
2015-M01,2015,1,mensual,07048,Sant Josep de sa Talaia,Eivissa,,,,U
2015-M01,2015,1,mensual,07050,Sant Joan de Labritja,Eivissa,,,,U
2015-M01,2015,1,mensual,07051,Sant Llorenç des Cardassar,Mallorca,,,,U
2015-M01,2015,1,mensual,07052,Sant Lluís,Menorca,0.0,0.0,0.0,A
2015-M01,2015,1,mensual,07054,Santa Eulària des Riu,Eivissa,,,,U
2015-M01,2015,1,mensual,07055,Santa Margalida,Mallorca,,,,U
2015-M01,2015,1,mensual,07057,Santanyí,Mallorca,,,,U
2015-M01,2015,1,mensual,07059,Ses Salines,Mallorca,0.0,0.0,0.0,A
2015-M01,2015,1,mensual,07061,Sóller,Mallorca,,,,U
2015-M01,2015,1,mensual,07062,Son Servera,Mallorca,,,,U
2015-M02,2015,2,mensual,07002,Alaior,Menorca,0.0,0.0,0.0,A
2015-M02,2015,2,mensual,07003,Alcúdia,Mallorca,,,,U
2015-M02,2015,2,mensual,07005,Andratx,Mallorca,,,,U
2015-M02,2015,2,mensual,07011,Calvià,Mallorca,41.91,50.44,46.33,A
2015-M02,2015,2,mensual,07014,Capdepera,Mallorca,,,,U
2015-M02,2015,2,mensual,07015,Ciutadella de Menorca,Menorca,,,,U
2015-M02,2015,2,mensual,07022,Felanitx,Mallorca,,,,U
2015-M02,2015,2,mensual,07024,Formentera,Formentera,,,,U
2015-M02,2015,2,mensual,07026,Eivissa,Eivissa,32.19,39.84,34.99,A
2015-M02,2015,2,mensual,07031,Llucmajor,Mallorca,,,,U
2015-M02,2015,2,mensual,07032,Maó,Menorca,,,,U
2015-M02,2015,2,mensual,07033,Manacor,Mallorca,,,,U
2015-M02,2015,2,mensual,07039,Muro,Mallorca,,,,U
2015-M02,2015,2,mensual,07040,Palma,Mallorca,48.68,57.51,51.25,A
2015-M02,2015,2,mensual,07042,Pollença,Mallorca,,,,U
2015-M02,2015,2,mensual,07046,Sant Antoni de Portmany,Eivissa,,,,U
2015-M02,2015,2,mensual,07048,Sant Josep de sa Talaia,Eivissa,,,,U
2015-M02,2015,2,mensual,07050,Sant Joan de Labritja,Eivissa,,,,U
2015-M02,2015,2,mensual,07051,Sant Llorenç des Cardassar,Mallorca,,,,U
2015-M02,2015,2,mensual,07052,Sant Lluís,Menorca,0.0,0.0,0.0,A
2015-M02,2015,2,mensual,07054,Santa Eulària des Riu,Eivissa,,,,U
2015-M02,2015,2,mensual,07055,Santa Margalida,Mallorca,,,,U
2015-M02,2015,2,mensual,07057,Santanyí,Mallorca,,,,U
2015-M02,2015,2,mensual,07059,Ses Salines,Mallorca,,,,U
2015-M02,2015,2,mensual,07061,Sóller,Mallorca,,,,U
2015-M02,2015,2,mensual,07062,Son Servera,Mallorca,,,,U
2015-M03,2015,3,mensual,07002,Alaior,Menorca,,,,U
2015-M03,2015,3,mensual,07003,Alcúdia,Mallorca,,,,U
2015-M03,2015,3,mensual,07005,Andratx,Mallorca,,,,U
2015-M03,2015,3,mensual,07011,Calvià,Mallorca,49.24,56.98,48.4,A
2015-M03,2015,3,mensual,07014,Capdepera,Mallorca,50.89,58.3,40.51,A
2015-M03,2015,3,mensual,07015,Ciutadella de Menorca,Menorca,,,,U
2015-M03,2015,3,mensual,07022,Felanitx,Mallorca,,,,U
2015-M03,2015,3,mensual,07024,Formentera,Formentera,,,,U
2015-M03,2015,3,mensual,07026,Eivissa,Eivissa,40.46,49.23,42.63,A
2015-M03,2015,3,mensual,07031,Llucmajor,Mallorca,,,,U
2015-M03,2015,3,mensual,07032,Maó,Menorca,,,,U
2015-M03,2015,3,mensual,07033,Manacor,Mallorca,,,,U
2015-M03,2015,3,mensual,07039,Muro,Mallorca,,,,U
2015-M03,2015,3,mensual,07040,Palma,Mallorca,53.57,61.17,57.25,A
2015-M03,2015,3,mensual,07042,Pollença,Mallorca,33.01,36.51,40.6,A
2015-M03,2015,3,mensual,07046,Sant Antoni de Portmany,Eivissa,,,,U
2015-M03,2015,3,mensual,07048,Sant Josep de sa Talaia,Eivissa,,,,U
2015-M03,2015,3,mensual,07050,Sant Joan de Labritja,Eivissa,,,,U
2015-M03,2015,3,mensual,07051,Sant Llorenç des Cardassar,Mallorca,28.35,34.05,30.76,A
2015-M03,2015,3,mensual,07052,Sant Lluís,Menorca,0.0,0.0,0.0,A
2015-M03,2015,3,mensual,07054,Santa Eulària des Riu,Eivissa,,,,U
2015-M03,2015,3,mensual,07055,Santa Margalida,Mallorca,,,,U
2015-M03,2015,3,mensual,07057,Santanyí,Mallorca,,,,U
2015-M03,2015,3,mensual,07059,Ses Salines,Mallorca,,,,U
2015-M03,2015,3,mensual,07061,Sóller,Mallorca,66.38,69.6,67.51,A
2015-M03,2015,3,mensual,07062,Son Servera,Mallorca,,,,U
2015-M04,2015,4,mensual,07002,Alaior,Menorca,,,,U
2015-M04,2015,4,mensual,07003,Alcúdia,Mallorca,54.46,63.19,55.03,A
2015-M04,2015,4,mensual,07005,Andratx,Mallorca,,,,U
2015-M04,2015,4,mensual,07011,Calvià,Mallorca,60.82,72.23,63.64,A
2015-M04,2015,4,mensual,07014,Capdepera,Mallorca,54.35,60.06,55.29,A
2015-M04,2015,4,mensual,07015,Ciutadella de Menorca,Menorca,57.51,57.14,64.58,A
2015-M04,2015,4,mensual,07022,Felanitx,Mallorca,,,,U
2015-M04,2015,4,mensual,07024,Formentera,Formentera,,,,U
2015-M04,2015,4,mensual,07026,Eivissa,Eivissa,54.92,61.09,57.69,A
2015-M04,2015,4,mensual,07031,Llucmajor,Mallorca,67.94,71.37,69.16,A
2015-M04,2015,4,mensual,07032,Maó,Menorca,,,,U
2015-M04,2015,4,mensual,07033,Manacor,Mallorca,,,,U
2015-M04,2015,4,mensual,07039,Muro,Mallorca,62.63,69.16,70.76,A
2015-M04,2015,4,mensual,07040,Palma,Mallorca,71.46,76.96,74.01,A
2015-M04,2015,4,mensual,07042,Pollença,Mallorca,59.22,69.21,61.38,A
2015-M04,2015,4,mensual,07046,Sant Antoni de Portmany,Eivissa,,,,U
2015-M04,2015,4,mensual,07048,Sant Josep de sa Talaia,Eivissa,,,,U
2015-M04,2015,4,mensual,07050,Sant Joan de Labritja,Eivissa,,,,U
2015-M04,2015,4,mensual,07051,Sant Llorenç des Cardassar,Mallorca,64.88,71.55,68.03,A
2015-M04,2015,4,mensual,07052,Sant Lluís,Menorca,,,,U
2015-M04,2015,4,mensual,07054,Santa Eulària des Riu,Eivissa,71.36,72.43,58.93,A
2015-M04,2015,4,mensual,07055,Santa Margalida,Mallorca,64.86,68.39,54.04,A
2015-M04,2015,4,mensual,07057,Santanyí,Mallorca,51.21,50.54,75.15,A
2015-M04,2015,4,mensual,07059,Ses Salines,Mallorca,72.92,66.22,65.95,A
2015-M04,2015,4,mensual,07061,Sóller,Mallorca,57.92,58.71,56.67,A
2015-M04,2015,4,mensual,07062,Son Servera,Mallorca,32.22,33.34,27.43,A
2015-M05,2015,5,mensual,07002,Alaior,Menorca,,,,U
2015-M05,2015,5,mensual,07003,Alcúdia,Mallorca,61.48,61.52,58.3,A
2015-M05,2015,5,mensual,07005,Andratx,Mallorca,76.81,78.74,83.18,A
2015-M05,2015,5,mensual,07011,Calvià,Mallorca,61.39,65.51,68.28,A
2015-M05,2015,5,mensual,07014,Capdepera,Mallorca,61.51,65.03,65.58,A
2015-M05,2015,5,mensual,07015,Ciutadella de Menorca,Menorca,59.15,63.11,51.62,A
2015-M05,2015,5,mensual,07022,Felanitx,Mallorca,,,,U
2015-M05,2015,5,mensual,07024,Formentera,Formentera,34.18,37.58,46.07,A
2015-M05,2015,5,mensual,07026,Eivissa,Eivissa,59.06,62.6,69.66,A
2015-M05,2015,5,mensual,07031,Llucmajor,Mallorca,55.79,54.82,64.05,A
2015-M05,2015,5,mensual,07032,Maó,Menorca,46.05,58.67,53.57,A
2015-M05,2015,5,mensual,07033,Manacor,Mallorca,46.85,51.66,70.54,A
2015-M05,2015,5,mensual,07039,Muro,Mallorca,64.49,71.29,64.26,A
2015-M05,2015,5,mensual,07040,Palma,Mallorca,71.84,77.31,80.81,A
2015-M05,2015,5,mensual,07042,Pollença,Mallorca,73.78,76.17,72.4,A
2015-M05,2015,5,mensual,07046,Sant Antoni de Portmany,Eivissa,48.07,49.37,47.82,A
2015-M05,2015,5,mensual,07048,Sant Josep de sa Talaia,Eivissa,57.1,53.32,65.88,A
2015-M05,2015,5,mensual,07050,Sant Joan de Labritja,Eivissa,,,,U
2015-M05,2015,5,mensual,07051,Sant Llorenç des Cardassar,Mallorca,65.13,70.82,59.51,A
2015-M05,2015,5,mensual,07052,Sant Lluís,Menorca,,,,U
2015-M05,2015,5,mensual,07054,Santa Eulària des Riu,Eivissa,57.65,56.6,62.46,A
2015-M05,2015,5,mensual,07055,Santa Margalida,Mallorca,52.48,52.28,44.74,A
2015-M05,2015,5,mensual,07057,Santanyí,Mallorca,74.1,74.21,80.13,A
2015-M05,2015,5,mensual,07059,Ses Salines,Mallorca,72.19,69.93,53.18,A
2015-M05,2015,5,mensual,07061,Sóller,Mallorca,59.46,64.98,60.66,A
2015-M05,2015,5,mensual,07062,Son Servera,Mallorca,66.99,71.79,62.14,A
2015-M06,2015,6,mensual,07002,Alaior,Menorca,,,,U
2015-M06,2015,6,mensual,07003,Alcúdia,Mallorca,82.28,83.56,81.99,A
2015-M06,2015,6,mensual,07005,Andratx,Mallorca,79.84,85.52,84.0,A
2015-M06,2015,6,mensual,07011,Calvià,Mallorca,79.4,83.06,81.33,A
2015-M06,2015,6,mensual,07014,Capdepera,Mallorca,75.94,78.45,85.02,A
2015-M06,2015,6,mensual,07015,Ciutadella de Menorca,Menorca,83.8,89.3,80.71,A
2015-M06,2015,6,mensual,07022,Felanitx,Mallorca,,,,U
2015-M06,2015,6,mensual,07024,Formentera,Formentera,83.05,83.18,88.66,A
2015-M06,2015,6,mensual,07026,Eivissa,Eivissa,78.76,79.58,85.27,A
2015-M06,2015,6,mensual,07031,Llucmajor,Mallorca,87.76,82.82,89.16,A
2015-M06,2015,6,mensual,07032,Maó,Menorca,62.97,79.67,54.25,A
2015-M06,2015,6,mensual,07033,Manacor,Mallorca,74.33,79.47,65.25,A
2015-M06,2015,6,mensual,07039,Muro,Mallorca,89.43,88.86,86.12,A
2015-M06,2015,6,mensual,07040,Palma,Mallorca,82.35,85.87,86.19,A
2015-M06,2015,6,mensual,07042,Pollença,Mallorca,82.69,87.81,85.56,A
2015-M06,2015,6,mensual,07046,Sant Antoni de Portmany,Eivissa,64.55,65.74,65.26,A
2015-M06,2015,6,mensual,07048,Sant Josep de sa Talaia,Eivissa,67.75,69.63,75.31,A
2015-M06,2015,6,mensual,07050,Sant Joan de Labritja,Eivissa,88.45,81.46,88.99,A
2015-M06,2015,6,mensual,07051,Sant Llorenç des Cardassar,Mallorca,84.67,88.71,83.3,A
2015-M06,2015,6,mensual,07052,Sant Lluís,Menorca,,,,U
2015-M06,2015,6,mensual,07054,Santa Eulària des Riu,Eivissa,74.34,77.84,75.23,A
2015-M06,2015,6,mensual,07055,Santa Margalida,Mallorca,81.69,80.43,80.89,A
2015-M06,2015,6,mensual,07057,Santanyí,Mallorca,82.07,86.27,87.6,A
2015-M06,2015,6,mensual,07059,Ses Salines,Mallorca,73.74,77.52,75.05,A
2015-M06,2015,6,mensual,07061,Sóller,Mallorca,67.4,67.87,70.19,A
2015-M06,2015,6,mensual,07062,Son Servera,Mallorca,84.67,90.42,85.99,A
2015-M07,2015,7,mensual,07002,Alaior,Menorca,,,,U
2015-M07,2015,7,mensual,07003,Alcúdia,Mallorca,90.87,93.46,88.42,A
2015-M07,2015,7,mensual,07005,Andratx,Mallorca,93.07,89.04,90.85,A
2015-M07,2015,7,mensual,07011,Calvià,Mallorca,86.51,85.55,84.66,A
2015-M07,2015,7,mensual,07014,Capdepera,Mallorca,92.61,91.77,88.22,A
2015-M07,2015,7,mensual,07015,Ciutadella de Menorca,Menorca,94.69,94.89,88.99,A
2015-M07,2015,7,mensual,07022,Felanitx,Mallorca,,,,U
2015-M07,2015,7,mensual,07024,Formentera,Formentera,89.79,90.08,88.98,A
2015-M07,2015,7,mensual,07026,Eivissa,Eivissa,89.62,88.37,91.1,A
2015-M07,2015,7,mensual,07031,Llucmajor,Mallorca,90.27,81.4,89.48,A
2015-M07,2015,7,mensual,07032,Maó,Menorca,76.13,90.8,57.44,A
2015-M07,2015,7,mensual,07033,Manacor,Mallorca,91.5,89.78,88.03,A
2015-M07,2015,7,mensual,07039,Muro,Mallorca,91.53,87.59,79.79,A
2015-M07,2015,7,mensual,07040,Palma,Mallorca,89.92,88.44,88.11,A
2015-M07,2015,7,mensual,07042,Pollença,Mallorca,87.39,90.01,88.95,A
2015-M07,2015,7,mensual,07046,Sant Antoni de Portmany,Eivissa,85.96,87.44,86.45,A
2015-M07,2015,7,mensual,07048,Sant Josep de sa Talaia,Eivissa,84.76,82.69,80.13,A
2015-M07,2015,7,mensual,07050,Sant Joan de Labritja,Eivissa,,,,U
2015-M07,2015,7,mensual,07051,Sant Llorenç des Cardassar,Mallorca,91.75,90.13,91.49,A
2015-M07,2015,7,mensual,07052,Sant Lluís,Menorca,,,,U
2015-M07,2015,7,mensual,07054,Santa Eulària des Riu,Eivissa,84.83,86.15,83.23,A
2015-M07,2015,7,mensual,07055,Santa Margalida,Mallorca,88.38,82.53,85.17,A
2015-M07,2015,7,mensual,07057,Santanyí,Mallorca,89.75,89.61,89.32,A
2015-M07,2015,7,mensual,07059,Ses Salines,Mallorca,93.51,89.52,91.81,A
2015-M07,2015,7,mensual,07061,Sóller,Mallorca,60.33,61.43,66.1,A
2015-M07,2015,7,mensual,07062,Son Servera,Mallorca,88.12,91.04,84.94,A
2015-M08,2015,8,mensual,07002,Alaior,Menorca,,,,U
2015-M08,2015,8,mensual,07003,Alcúdia,Mallorca,88.78,89.55,89.2,A
2015-M08,2015,8,mensual,07005,Andratx,Mallorca,91.81,92.13,93.16,A
2015-M08,2015,8,mensual,07011,Calvià,Mallorca,90.42,92.28,89.57,A
2015-M08,2015,8,mensual,07014,Capdepera,Mallorca,97.03,96.23,94.72,A
2015-M08,2015,8,mensual,07015,Ciutadella de Menorca,Menorca,94.66,92.59,91.22,A
2015-M08,2015,8,mensual,07022,Felanitx,Mallorca,,,,U
2015-M08,2015,8,mensual,07024,Formentera,Formentera,95.23,95.04,94.53,A
2015-M08,2015,8,mensual,07026,Eivissa,Eivissa,92.55,89.71,93.02,A
2015-M08,2015,8,mensual,07031,Llucmajor,Mallorca,94.02,92.46,94.04,A
2015-M08,2015,8,mensual,07032,Maó,Menorca,92.21,93.8,73.49,A
2015-M08,2015,8,mensual,07033,Manacor,Mallorca,95.09,94.46,92.38,A
2015-M08,2015,8,mensual,07039,Muro,Mallorca,98.88,99.96,87.86,A
2015-M08,2015,8,mensual,07040,Palma,Mallorca,94.39,94.29,92.38,A
2015-M08,2015,8,mensual,07042,Pollença,Mallorca,88.09,89.99,89.18,A
2015-M08,2015,8,mensual,07046,Sant Antoni de Portmany,Eivissa,95.45,92.77,94.48,A
2015-M08,2015,8,mensual,07048,Sant Josep de sa Talaia,Eivissa,85.84,84.95,86.77,A
2015-M08,2015,8,mensual,07050,Sant Joan de Labritja,Eivissa,95.93,91.98,99.43,A
2015-M08,2015,8,mensual,07051,Sant Llorenç des Cardassar,Mallorca,94.67,93.49,93.0,A
2015-M08,2015,8,mensual,07052,Sant Lluís,Menorca,,,,U
2015-M08,2015,8,mensual,07054,Santa Eulària des Riu,Eivissa,88.93,91.41,89.43,A
2015-M08,2015,8,mensual,07055,Santa Margalida,Mallorca,89.2,86.46,93.21,A
2015-M08,2015,8,mensual,07057,Santanyí,Mallorca,96.32,90.98,94.15,A
2015-M08,2015,8,mensual,07059,Ses Salines,Mallorca,88.44,85.87,87.08,A
2015-M08,2015,8,mensual,07061,Sóller,Mallorca,83.5,80.92,76.38,A
2015-M08,2015,8,mensual,07062,Son Servera,Mallorca,88.83,91.92,86.74,A
2015-M09,2015,9,mensual,07002,Alaior,Menorca,,,,U
2015-M09,2015,9,mensual,07003,Alcúdia,Mallorca,83.36,87.49,85.38,A
2015-M09,2015,9,mensual,07005,Andratx,Mallorca,88.86,90.16,88.06,A
2015-M09,2015,9,mensual,07011,Calvià,Mallorca,81.05,88.6,80.53,A
2015-M09,2015,9,mensual,07014,Capdepera,Mallorca,87.52,93.57,87.77,A
2015-M09,2015,9,mensual,07015,Ciutadella de Menorca,Menorca,87.68,92.82,79.8,A
2015-M09,2015,9,mensual,07022,Felanitx,Mallorca,,,,U
2015-M09,2015,9,mensual,07024,Formentera,Formentera,84.44,84.41,80.23,A
2015-M09,2015,9,mensual,07026,Eivissa,Eivissa,84.57,85.39,90.57,A
2015-M09,2015,9,mensual,07031,Llucmajor,Mallorca,87.11,87.11,87.95,A
2015-M09,2015,9,mensual,07032,Maó,Menorca,67.0,83.44,63.57,A
2015-M09,2015,9,mensual,07033,Manacor,Mallorca,80.07,94.3,79.46,A
2015-M09,2015,9,mensual,07039,Muro,Mallorca,89.03,91.31,88.06,A
2015-M09,2015,9,mensual,07040,Palma,Mallorca,83.24,87.53,87.38,A
2015-M09,2015,9,mensual,07042,Pollença,Mallorca,82.75,89.72,82.92,A
2015-M09,2015,9,mensual,07046,Sant Antoni de Portmany,Eivissa,79.02,79.61,76.41,A
2015-M09,2015,9,mensual,07048,Sant Josep de sa Talaia,Eivissa,75.32,76.11,76.93,A
2015-M09,2015,9,mensual,07050,Sant Joan de Labritja,Eivissa,,,,U
2015-M09,2015,9,mensual,07051,Sant Llorenç des Cardassar,Mallorca,85.95,91.04,84.92,A
2015-M09,2015,9,mensual,07052,Sant Lluís,Menorca,,,,U
2015-M09,2015,9,mensual,07054,Santa Eulària des Riu,Eivissa,80.46,82.15,82.15,A
2015-M09,2015,9,mensual,07055,Santa Margalida,Mallorca,87.44,85.17,82.4,A
2015-M09,2015,9,mensual,07057,Santanyí,Mallorca,85.64,86.05,86.95,A
2015-M09,2015,9,mensual,07059,Ses Salines,Mallorca,81.01,85.07,72.93,A
2015-M09,2015,9,mensual,07061,Sóller,Mallorca,73.94,77.0,80.12,A
2015-M09,2015,9,mensual,07062,Son Servera,Mallorca,83.78,91.36,83.49,A
2015-M10,2015,10,mensual,07002,Alaior,Menorca,,,,U
2015-M10,2015,10,mensual,07003,Alcúdia,Mallorca,64.06,64.87,52.97,A
2015-M10,2015,10,mensual,07005,Andratx,Mallorca,73.9,72.64,66.68,A
2015-M10,2015,10,mensual,07011,Calvià,Mallorca,61.78,68.1,59.21,A
2015-M10,2015,10,mensual,07014,Capdepera,Mallorca,54.56,55.7,52.41,A
2015-M10,2015,10,mensual,07015,Ciutadella de Menorca,Menorca,49.91,56.49,47.77,A
2015-M10,2015,10,mensual,07022,Felanitx,Mallorca,,,,U
2015-M10,2015,10,mensual,07024,Formentera,Formentera,36.36,39.97,39.78,A
2015-M10,2015,10,mensual,07026,Eivissa,Eivissa,50.4,54.21,59.95,A
2015-M10,2015,10,mensual,07031,Llucmajor,Mallorca,41.99,40.64,48.32,A
2015-M10,2015,10,mensual,07032,Maó,Menorca,40.12,52.77,30.66,A
2015-M10,2015,10,mensual,07033,Manacor,Mallorca,56.06,60.21,38.84,A
2015-M10,2015,10,mensual,07039,Muro,Mallorca,73.12,72.95,76.92,A
2015-M10,2015,10,mensual,07040,Palma,Mallorca,66.48,72.1,70.13,A
2015-M10,2015,10,mensual,07042,Pollença,Mallorca,66.93,70.12,61.35,A
2015-M10,2015,10,mensual,07046,Sant Antoni de Portmany,Eivissa,51.46,52.82,54.21,A
2015-M10,2015,10,mensual,07048,Sant Josep de sa Talaia,Eivissa,49.74,49.79,39.41,A
2015-M10,2015,10,mensual,07050,Sant Joan de Labritja,Eivissa,,,,U
2015-M10,2015,10,mensual,07051,Sant Llorenç des Cardassar,Mallorca,64.87,69.21,65.34,A
2015-M10,2015,10,mensual,07052,Sant Lluís,Menorca,,,,U
2015-M10,2015,10,mensual,07054,Santa Eulària des Riu,Eivissa,54.31,54.95,55.96,A
2015-M10,2015,10,mensual,07055,Santa Margalida,Mallorca,61.01,63.33,69.11,A
2015-M10,2015,10,mensual,07057,Santanyí,Mallorca,72.43,74.13,66.66,A
2015-M10,2015,10,mensual,07059,Ses Salines,Mallorca,,,,U
2015-M10,2015,10,mensual,07061,Sóller,Mallorca,61.6,60.6,55.76,A
2015-M10,2015,10,mensual,07062,Son Servera,Mallorca,54.5,56.78,65.14,A
2015-M11,2015,11,mensual,07002,Alaior,Menorca,0.0,0.0,0.0,A
2015-M11,2015,11,mensual,07003,Alcúdia,Mallorca,,,,U
2015-M11,2015,11,mensual,07005,Andratx,Mallorca,,,,U
2015-M11,2015,11,mensual,07011,Calvià,Mallorca,44.16,57.23,46.86,A
2015-M11,2015,11,mensual,07014,Capdepera,Mallorca,,,,U
2015-M11,2015,11,mensual,07015,Ciutadella de Menorca,Menorca,,,,U
2015-M11,2015,11,mensual,07022,Felanitx,Mallorca,,,,U
2015-M11,2015,11,mensual,07024,Formentera,Formentera,,,,U
2015-M11,2015,11,mensual,07026,Eivissa,Eivissa,39.25,45.15,43.09,A
2015-M11,2015,11,mensual,07031,Llucmajor,Mallorca,,,,U
2015-M11,2015,11,mensual,07032,Maó,Menorca,,,,U
2015-M11,2015,11,mensual,07033,Manacor,Mallorca,,,,U
2015-M11,2015,11,mensual,07039,Muro,Mallorca,,,,U
2015-M11,2015,11,mensual,07040,Palma,Mallorca,49.89,60.29,53.37,A
2015-M11,2015,11,mensual,07042,Pollença,Mallorca,,,,U
2015-M11,2015,11,mensual,07046,Sant Antoni de Portmany,Eivissa,,,,U
2015-M11,2015,11,mensual,07048,Sant Josep de sa Talaia,Eivissa,,,,U
2015-M11,2015,11,mensual,07050,Sant Joan de Labritja,Eivissa,,,,U
2015-M11,2015,11,mensual,07051,Sant Llorenç des Cardassar,Mallorca,,,,U
2015-M11,2015,11,mensual,07052,Sant Lluís,Menorca,,,,U
2015-M11,2015,11,mensual,07054,Santa Eulària des Riu,Eivissa,,,,U
2015-M11,2015,11,mensual,07055,Santa Margalida,Mallorca,,,,U
2015-M11,2015,11,mensual,07057,Santanyí,Mallorca,,,,U
2015-M11,2015,11,mensual,07059,Ses Salines,Mallorca,0.0,0.0,0.0,A
2015-M11,2015,11,mensual,07061,Sóller,Mallorca,,,,U
2015-M11,2015,11,mensual,07062,Son Servera,Mallorca,,,,U
2015-M12,2015,12,mensual,07002,Alaior,Menorca,0.0,0.0,0.0,A
2015-M12,2015,12,mensual,07003,Alcúdia,Mallorca,,,,U
2015-M12,2015,12,mensual,07005,Andratx,Mallorca,,,,U
2015-M12,2015,12,mensual,07011,Calvià,Mallorca,38.71,46.79,48.91,A
2015-M12,2015,12,mensual,07014,Capdepera,Mallorca,,,,U
2015-M12,2015,12,mensual,07015,Ciutadella de Menorca,Menorca,,,,U
2015-M12,2015,12,mensual,07022,Felanitx,Mallorca,,,,U
2015-M12,2015,12,mensual,07024,Formentera,Formentera,,,,U
2015-M12,2015,12,mensual,07026,Eivissa,Eivissa,,,,U
2015-M12,2015,12,mensual,07031,Llucmajor,Mallorca,,,,U
2015-M12,2015,12,mensual,07032,Maó,Menorca,,,,U
2015-M12,2015,12,mensual,07033,Manacor,Mallorca,,,,U
2015-M12,2015,12,mensual,07039,Muro,Mallorca,,,,U
2015-M12,2015,12,mensual,07040,Palma,Mallorca,41.95,47.72,48.51,A
2015-M12,2015,12,mensual,07042,Pollença,Mallorca,,,,U
2015-M12,2015,12,mensual,07046,Sant Antoni de Portmany,Eivissa,,,,U
2015-M12,2015,12,mensual,07048,Sant Josep de sa Talaia,Eivissa,,,,U
2015-M12,2015,12,mensual,07050,Sant Joan de Labritja,Eivissa,,,,U
2015-M12,2015,12,mensual,07051,Sant Llorenç des Cardassar,Mallorca,,,,U
2015-M12,2015,12,mensual,07052,Sant Lluís,Menorca,,,,U
2015-M12,2015,12,mensual,07054,Santa Eulària des Riu,Eivissa,,,,U
2015-M12,2015,12,mensual,07055,Santa Margalida,Mallorca,,,,U
2015-M12,2015,12,mensual,07057,Santanyí,Mallorca,,,,U
2015-M12,2015,12,mensual,07059,Ses Salines,Mallorca,0.0,0.0,0.0,A
2015-M12,2015,12,mensual,07061,Sóller,Mallorca,,,,U
2015-M12,2015,12,mensual,07062,Son Servera,Mallorca,,,,U
2016,2016,,anual,07002,Alaior,Menorca,79.0,81.65,72.33,A
2016,2016,,anual,07003,Alcúdia,Mallorca,82.33,85.25,81.27,A
2016,2016,,anual,07005,Andratx,Mallorca,81.37,83.59,81.23,A
2016,2016,,anual,07011,Calvià,Mallorca,77.6,82.31,77.97,A
2016,2016,,anual,07014,Capdepera,Mallorca,78.48,82.04,77.65,A
2016,2016,,anual,07015,Ciutadella de Menorca,Menorca,77.32,82.36,74.75,A
2016,2016,,anual,07022,Felanitx,Mallorca,78.14,79.3,71.31,A
2016,2016,,anual,07024,Formentera,Formentera,75.83,77.77,77.88,A
2016,2016,,anual,07026,Eivissa,Eivissa,78.49,80.86,82.43,A
2016,2016,,anual,07031,Llucmajor,Mallorca,87.96,85.99,91.35,A
2016,2016,,anual,07032,Maó,Menorca,62.81,70.4,68.46,A
2016,2016,,anual,07033,Manacor,Mallorca,75.18,80.25,72.11,A
2016,2016,,anual,07039,Muro,Mallorca,81.92,86.24,79.43,A
2016,2016,,anual,07040,Palma,Mallorca,76.7,81.27,78.95,A
2016,2016,,anual,07042,Pollença,Mallorca,68.66,74.95,71.09,A
2016,2016,,anual,07046,Sant Antoni de Portmany,Eivissa,76.85,79.21,77.74,A
2016,2016,,anual,07048,Sant Josep de sa Talaia,Eivissa,85.7,85.49,81.63,A
2016,2016,,anual,07050,Sant Joan de Labritja,Eivissa,81.77,83.3,84.17,A
2016,2016,,anual,07051,Sant Llorenç des Cardassar,Mallorca,82.41,85.13,80.51,A
2016,2016,,anual,07052,Sant Lluís,Menorca,70.7,81.31,68.16,A
2016,2016,,anual,07054,Santa Eulària des Riu,Eivissa,78.58,80.31,79.82,A
2016,2016,,anual,07055,Santa Margalida,Mallorca,82.14,84.06,81.57,A
2016,2016,,anual,07057,Santanyí,Mallorca,80.48,83.48,79.58,A
2016,2016,,anual,07059,Ses Salines,Mallorca,74.78,78.15,74.23,A
2016,2016,,anual,07061,Sóller,Mallorca,70.04,69.7,71.77,A
2016,2016,,anual,07062,Son Servera,Mallorca,74.29,77.6,75.87,A
2016-M01,2016,1,mensual,07002,Alaior,Menorca,0.0,0.0,0.0,A
2016-M01,2016,1,mensual,07003,Alcúdia,Mallorca,,,,U
2016-M01,2016,1,mensual,07005,Andratx,Mallorca,,,,U
2016-M01,2016,1,mensual,07011,Calvià,Mallorca,42.75,54.07,39.01,A
2016-M01,2016,1,mensual,07014,Capdepera,Mallorca,,,,U
2016-M01,2016,1,mensual,07015,Ciutadella de Menorca,Menorca,,,,U
2016-M01,2016,1,mensual,07022,Felanitx,Mallorca,,,,U
2016-M01,2016,1,mensual,07024,Formentera,Formentera,,,,U
2016-M01,2016,1,mensual,07026,Eivissa,Eivissa,,,,U
2016-M01,2016,1,mensual,07031,Llucmajor,Mallorca,,,,U
2016-M01,2016,1,mensual,07032,Maó,Menorca,,,,U
2016-M01,2016,1,mensual,07033,Manacor,Mallorca,,,,U
2016-M01,2016,1,mensual,07039,Muro,Mallorca,,,,U
2016-M01,2016,1,mensual,07040,Palma,Mallorca,42.27,52.25,40.51,A
2016-M01,2016,1,mensual,07042,Pollença,Mallorca,0.0,0.0,0.0,A
2016-M01,2016,1,mensual,07046,Sant Antoni de Portmany,Eivissa,,,,U
2016-M01,2016,1,mensual,07048,Sant Josep de sa Talaia,Eivissa,,,,U
2016-M01,2016,1,mensual,07050,Sant Joan de Labritja,Eivissa,,,,U
2016-M01,2016,1,mensual,07051,Sant Llorenç des Cardassar,Mallorca,,,,U
2016-M01,2016,1,mensual,07052,Sant Lluís,Menorca,,,,U
2016-M01,2016,1,mensual,07054,Santa Eulària des Riu,Eivissa,,,,U
2016-M01,2016,1,mensual,07055,Santa Margalida,Mallorca,,,,U
2016-M01,2016,1,mensual,07057,Santanyí,Mallorca,,,,U
2016-M01,2016,1,mensual,07059,Ses Salines,Mallorca,0.0,0.0,0.0,A
2016-M01,2016,1,mensual,07061,Sóller,Mallorca,,,,U
2016-M01,2016,1,mensual,07062,Son Servera,Mallorca,,,,U
2016-M02,2016,2,mensual,07002,Alaior,Menorca,0.0,0.0,0.0,A
2016-M02,2016,2,mensual,07003,Alcúdia,Mallorca,,,,U
2016-M02,2016,2,mensual,07005,Andratx,Mallorca,,,,U
2016-M02,2016,2,mensual,07011,Calvià,Mallorca,51.06,62.35,49.84,A
2016-M02,2016,2,mensual,07014,Capdepera,Mallorca,,,,U
2016-M02,2016,2,mensual,07015,Ciutadella de Menorca,Menorca,,,,U
2016-M02,2016,2,mensual,07022,Felanitx,Mallorca,,,,U
2016-M02,2016,2,mensual,07024,Formentera,Formentera,,,,U
2016-M02,2016,2,mensual,07026,Eivissa,Eivissa,,,,U
2016-M02,2016,2,mensual,07031,Llucmajor,Mallorca,,,,U
2016-M02,2016,2,mensual,07032,Maó,Menorca,,,,U
2016-M02,2016,2,mensual,07033,Manacor,Mallorca,,,,U
2016-M02,2016,2,mensual,07039,Muro,Mallorca,,,,U
2016-M02,2016,2,mensual,07040,Palma,Mallorca,52.55,62.1,52.07,A
2016-M02,2016,2,mensual,07042,Pollença,Mallorca,,,,U
2016-M02,2016,2,mensual,07046,Sant Antoni de Portmany,Eivissa,,,,U
2016-M02,2016,2,mensual,07048,Sant Josep de sa Talaia,Eivissa,,,,U
2016-M02,2016,2,mensual,07050,Sant Joan de Labritja,Eivissa,,,,U
2016-M02,2016,2,mensual,07051,Sant Llorenç des Cardassar,Mallorca,,,,U
2016-M02,2016,2,mensual,07052,Sant Lluís,Menorca,,,,U
2016-M02,2016,2,mensual,07054,Santa Eulària des Riu,Eivissa,,,,U
2016-M02,2016,2,mensual,07055,Santa Margalida,Mallorca,,,,U
2016-M02,2016,2,mensual,07057,Santanyí,Mallorca,,,,U
2016-M02,2016,2,mensual,07059,Ses Salines,Mallorca,,,,U
2016-M02,2016,2,mensual,07061,Sóller,Mallorca,,,,U
2016-M02,2016,2,mensual,07062,Son Servera,Mallorca,,,,U
2016-M03,2016,3,mensual,07002,Alaior,Menorca,0.0,0.0,0.0,A
2016-M03,2016,3,mensual,07003,Alcúdia,Mallorca,57.53,68.28,52.97,A
2016-M03,2016,3,mensual,07005,Andratx,Mallorca,,,,U
2016-M03,2016,3,mensual,07011,Calvià,Mallorca,63.23,71.0,66.61,A
2016-M03,2016,3,mensual,07014,Capdepera,Mallorca,51.25,56.73,47.55,A
2016-M03,2016,3,mensual,07015,Ciutadella de Menorca,Menorca,68.99,73.12,65.73,A
2016-M03,2016,3,mensual,07022,Felanitx,Mallorca,,,,U
2016-M03,2016,3,mensual,07024,Formentera,Formentera,,,,U
2016-M03,2016,3,mensual,07026,Eivissa,Eivissa,51.35,57.79,65.0,A
2016-M03,2016,3,mensual,07031,Llucmajor,Mallorca,,,,U
2016-M03,2016,3,mensual,07032,Maó,Menorca,,,,U
2016-M03,2016,3,mensual,07033,Manacor,Mallorca,,,,U
2016-M03,2016,3,mensual,07039,Muro,Mallorca,55.41,62.46,48.45,A
2016-M03,2016,3,mensual,07040,Palma,Mallorca,58.48,64.89,59.58,A
2016-M03,2016,3,mensual,07042,Pollença,Mallorca,28.35,35.63,23.43,A
2016-M03,2016,3,mensual,07046,Sant Antoni de Portmany,Eivissa,,,,U
2016-M03,2016,3,mensual,07048,Sant Josep de sa Talaia,Eivissa,,,,U
2016-M03,2016,3,mensual,07050,Sant Joan de Labritja,Eivissa,,,,U
2016-M03,2016,3,mensual,07051,Sant Llorenç des Cardassar,Mallorca,65.3,67.58,69.47,A
2016-M03,2016,3,mensual,07052,Sant Lluís,Menorca,0.0,0.0,0.0,A
2016-M03,2016,3,mensual,07054,Santa Eulària des Riu,Eivissa,,,,U
2016-M03,2016,3,mensual,07055,Santa Margalida,Mallorca,,,,U
2016-M03,2016,3,mensual,07057,Santanyí,Mallorca,,,,U
2016-M03,2016,3,mensual,07059,Ses Salines,Mallorca,,,,U
2016-M03,2016,3,mensual,07061,Sóller,Mallorca,59.81,63.36,62.23,A
2016-M03,2016,3,mensual,07062,Son Servera,Mallorca,,,,U
2016-M04,2016,4,mensual,07002,Alaior,Menorca,,,,U
2016-M04,2016,4,mensual,07003,Alcúdia,Mallorca,66.04,75.38,64.46,A
2016-M04,2016,4,mensual,07005,Andratx,Mallorca,,,,U
2016-M04,2016,4,mensual,07011,Calvià,Mallorca,64.55,76.25,68.33,A
2016-M04,2016,4,mensual,07014,Capdepera,Mallorca,45.34,50.84,50.31,A
2016-M04,2016,4,mensual,07015,Ciutadella de Menorca,Menorca,58.49,63.52,62.46,A
2016-M04,2016,4,mensual,07022,Felanitx,Mallorca,,,,U
2016-M04,2016,4,mensual,07024,Formentera,Formentera,,,,U
2016-M04,2016,4,mensual,07026,Eivissa,Eivissa,58.7,65.27,64.45,A
2016-M04,2016,4,mensual,07031,Llucmajor,Mallorca,81.54,81.51,90.53,A
2016-M04,2016,4,mensual,07032,Maó,Menorca,,,,U
2016-M04,2016,4,mensual,07033,Manacor,Mallorca,,,,U
2016-M04,2016,4,mensual,07039,Muro,Mallorca,59.96,72.9,58.67,A
2016-M04,2016,4,mensual,07040,Palma,Mallorca,71.73,77.7,76.69,A
2016-M04,2016,4,mensual,07042,Pollença,Mallorca,32.58,35.83,31.88,A
2016-M04,2016,4,mensual,07046,Sant Antoni de Portmany,Eivissa,,,,U
2016-M04,2016,4,mensual,07048,Sant Josep de sa Talaia,Eivissa,,,,U
2016-M04,2016,4,mensual,07050,Sant Joan de Labritja,Eivissa,,,,U
2016-M04,2016,4,mensual,07051,Sant Llorenç des Cardassar,Mallorca,62.94,71.58,62.17,A
2016-M04,2016,4,mensual,07052,Sant Lluís,Menorca,,,,U
2016-M04,2016,4,mensual,07054,Santa Eulària des Riu,Eivissa,,,,U
2016-M04,2016,4,mensual,07055,Santa Margalida,Mallorca,66.63,84.39,64.13,A
2016-M04,2016,4,mensual,07057,Santanyí,Mallorca,61.9,57.51,69.28,A
2016-M04,2016,4,mensual,07059,Ses Salines,Mallorca,62.58,64.59,60.73,A
2016-M04,2016,4,mensual,07061,Sóller,Mallorca,75.61,76.72,72.9,A
2016-M04,2016,4,mensual,07062,Son Servera,Mallorca,76.67,79.57,74.84,A
2016-M05,2016,5,mensual,07002,Alaior,Menorca,,,,U
2016-M05,2016,5,mensual,07003,Alcúdia,Mallorca,72.35,76.63,77.52,A
2016-M05,2016,5,mensual,07005,Andratx,Mallorca,82.46,85.61,86.02,A
2016-M05,2016,5,mensual,07011,Calvià,Mallorca,71.66,77.91,75.07,A
2016-M05,2016,5,mensual,07014,Capdepera,Mallorca,64.73,69.92,66.92,A
2016-M05,2016,5,mensual,07015,Ciutadella de Menorca,Menorca,63.53,71.22,67.67,A
2016-M05,2016,5,mensual,07022,Felanitx,Mallorca,69.65,72.98,67.79,A
2016-M05,2016,5,mensual,07024,Formentera,Formentera,49.54,53.24,59.48,A
2016-M05,2016,5,mensual,07026,Eivissa,Eivissa,74.14,78.38,81.21,A
2016-M05,2016,5,mensual,07031,Llucmajor,Mallorca,79.21,77.95,94.34,A
2016-M05,2016,5,mensual,07032,Maó,Menorca,52.9,64.86,52.96,A
2016-M05,2016,5,mensual,07033,Manacor,Mallorca,58.71,68.41,67.75,A
2016-M05,2016,5,mensual,07039,Muro,Mallorca,77.13,83.1,68.68,A
2016-M05,2016,5,mensual,07040,Palma,Mallorca,76.53,81.55,82.52,A
2016-M05,2016,5,mensual,07042,Pollença,Mallorca,73.83,78.84,76.02,A
2016-M05,2016,5,mensual,07046,Sant Antoni de Portmany,Eivissa,60.45,61.14,55.35,A
2016-M05,2016,5,mensual,07048,Sant Josep de sa Talaia,Eivissa,66.81,72.7,73.27,A
2016-M05,2016,5,mensual,07050,Sant Joan de Labritja,Eivissa,,,,U
2016-M05,2016,5,mensual,07051,Sant Llorenç des Cardassar,Mallorca,75.22,80.71,75.75,A
2016-M05,2016,5,mensual,07052,Sant Lluís,Menorca,57.67,68.68,52.71,A
2016-M05,2016,5,mensual,07054,Santa Eulària des Riu,Eivissa,67.68,71.45,68.51,A
2016-M05,2016,5,mensual,07055,Santa Margalida,Mallorca,63.61,65.31,55.48,A
2016-M05,2016,5,mensual,07057,Santanyí,Mallorca,67.95,76.33,70.83,A
2016-M05,2016,5,mensual,07059,Ses Salines,Mallorca,64.14,66.63,57.47,A
2016-M05,2016,5,mensual,07061,Sóller,Mallorca,70.51,72.0,74.5,A
2016-M05,2016,5,mensual,07062,Son Servera,Mallorca,68.3,71.65,63.75,A
2016-M06,2016,6,mensual,07002,Alaior,Menorca,84.82,91.41,87.59,A
2016-M06,2016,6,mensual,07003,Alcúdia,Mallorca,93.44,94.68,88.48,A
2016-M06,2016,6,mensual,07005,Andratx,Mallorca,86.43,89.98,88.51,A
2016-M06,2016,6,mensual,07011,Calvià,Mallorca,84.27,86.72,82.23,A
2016-M06,2016,6,mensual,07014,Capdepera,Mallorca,82.21,86.52,83.96,A
2016-M06,2016,6,mensual,07015,Ciutadella de Menorca,Menorca,83.91,88.02,74.59,A
2016-M06,2016,6,mensual,07022,Felanitx,Mallorca,82.6,85.93,81.98,A
2016-M06,2016,6,mensual,07024,Formentera,Formentera,83.77,88.62,85.57,A
2016-M06,2016,6,mensual,07026,Eivissa,Eivissa,85.73,86.83,90.85,A
2016-M06,2016,6,mensual,07031,Llucmajor,Mallorca,95.15,91.5,95.85,A
2016-M06,2016,6,mensual,07032,Maó,Menorca,79.97,89.99,82.11,A
2016-M06,2016,6,mensual,07033,Manacor,Mallorca,81.29,90.46,82.68,A
2016-M06,2016,6,mensual,07039,Muro,Mallorca,81.63,94.2,86.8,A
2016-M06,2016,6,mensual,07040,Palma,Mallorca,86.15,89.26,86.41,A
2016-M06,2016,6,mensual,07042,Pollença,Mallorca,77.46,83.17,79.63,A
2016-M06,2016,6,mensual,07046,Sant Antoni de Portmany,Eivissa,79.66,82.2,80.13,A
2016-M06,2016,6,mensual,07048,Sant Josep de sa Talaia,Eivissa,88.51,85.49,85.16,A
2016-M06,2016,6,mensual,07050,Sant Joan de Labritja,Eivissa,84.51,86.92,81.69,A
2016-M06,2016,6,mensual,07051,Sant Llorenç des Cardassar,Mallorca,86.79,91.82,85.71,A
2016-M06,2016,6,mensual,07052,Sant Lluís,Menorca,75.98,87.33,69.07,A
2016-M06,2016,6,mensual,07054,Santa Eulària des Riu,Eivissa,78.25,79.83,81.33,A
2016-M06,2016,6,mensual,07055,Santa Margalida,Mallorca,83.33,89.77,88.94,A
2016-M06,2016,6,mensual,07057,Santanyí,Mallorca,83.38,88.33,79.89,A
2016-M06,2016,6,mensual,07059,Ses Salines,Mallorca,76.62,78.39,70.71,A
2016-M06,2016,6,mensual,07061,Sóller,Mallorca,74.67,75.15,76.72,A
2016-M06,2016,6,mensual,07062,Son Servera,Mallorca,74.63,79.14,81.94,A
2016-M07,2016,7,mensual,07002,Alaior,Menorca,91.49,93.64,83.72,A
2016-M07,2016,7,mensual,07003,Alcúdia,Mallorca,94.88,94.1,94.26,A
2016-M07,2016,7,mensual,07005,Andratx,Mallorca,92.24,91.13,91.37,A
2016-M07,2016,7,mensual,07011,Calvià,Mallorca,92.02,92.9,92.54,A
2016-M07,2016,7,mensual,07014,Capdepera,Mallorca,95.01,94.78,92.92,A
2016-M07,2016,7,mensual,07015,Ciutadella de Menorca,Menorca,91.7,93.56,86.38,A
2016-M07,2016,7,mensual,07022,Felanitx,Mallorca,87.95,89.2,84.51,A
2016-M07,2016,7,mensual,07024,Formentera,Formentera,87.82,90.87,90.52,A
2016-M07,2016,7,mensual,07026,Eivissa,Eivissa,89.57,89.37,89.54,A
2016-M07,2016,7,mensual,07031,Llucmajor,Mallorca,97.22,94.63,97.79,A
2016-M07,2016,7,mensual,07032,Maó,Menorca,88.86,95.34,93.48,A
2016-M07,2016,7,mensual,07033,Manacor,Mallorca,99.26,96.68,93.09,A
2016-M07,2016,7,mensual,07039,Muro,Mallorca,96.17,93.34,93.04,A
2016-M07,2016,7,mensual,07040,Palma,Mallorca,90.44,93.52,92.67,A
2016-M07,2016,7,mensual,07042,Pollença,Mallorca,78.58,88.98,86.73,A
2016-M07,2016,7,mensual,07046,Sant Antoni de Portmany,Eivissa,86.63,90.09,89.94,A
2016-M07,2016,7,mensual,07048,Sant Josep de sa Talaia,Eivissa,92.13,91.53,89.47,A
2016-M07,2016,7,mensual,07050,Sant Joan de Labritja,Eivissa,88.89,91.3,90.26,A
2016-M07,2016,7,mensual,07051,Sant Llorenç des Cardassar,Mallorca,92.07,92.59,92.95,A
2016-M07,2016,7,mensual,07052,Sant Lluís,Menorca,83.97,90.43,79.54,A
2016-M07,2016,7,mensual,07054,Santa Eulària des Riu,Eivissa,88.57,88.59,89.36,A
2016-M07,2016,7,mensual,07055,Santa Margalida,Mallorca,95.89,94.0,91.99,A
2016-M07,2016,7,mensual,07057,Santanyí,Mallorca,88.88,90.13,84.2,A
2016-M07,2016,7,mensual,07059,Ses Salines,Mallorca,90.09,89.25,86.1,A
2016-M07,2016,7,mensual,07061,Sóller,Mallorca,77.5,75.46,80.66,A
2016-M07,2016,7,mensual,07062,Son Servera,Mallorca,84.13,86.4,82.78,A
2016-M08,2016,8,mensual,07002,Alaior,Menorca,92.4,93.6,92.63,A
2016-M08,2016,8,mensual,07003,Alcúdia,Mallorca,95.94,95.14,97.38,A
2016-M08,2016,8,mensual,07005,Andratx,Mallorca,91.42,92.57,88.74,A
2016-M08,2016,8,mensual,07011,Calvià,Mallorca,91.42,91.86,91.53,A
2016-M08,2016,8,mensual,07014,Capdepera,Mallorca,96.16,96.54,93.77,A
2016-M08,2016,8,mensual,07015,Ciutadella de Menorca,Menorca,90.94,93.81,88.14,A
2016-M08,2016,8,mensual,07022,Felanitx,Mallorca,100.0,92.21,81.29,A
2016-M08,2016,8,mensual,07024,Formentera,Formentera,96.34,94.06,94.09,A
2016-M08,2016,8,mensual,07026,Eivissa,Eivissa,91.77,90.84,93.46,A
2016-M08,2016,8,mensual,07031,Llucmajor,Mallorca,97.96,95.75,98.15,A
2016-M08,2016,8,mensual,07032,Maó,Menorca,92.43,96.01,89.22,A
2016-M08,2016,8,mensual,07033,Manacor,Mallorca,93.16,97.27,92.89,A
2016-M08,2016,8,mensual,07039,Muro,Mallorca,94.96,96.57,94.38,A
2016-M08,2016,8,mensual,07040,Palma,Mallorca,93.44,93.48,93.51,A
2016-M08,2016,8,mensual,07042,Pollença,Mallorca,84.17,87.9,89.67,A
2016-M08,2016,8,mensual,07046,Sant Antoni de Portmany,Eivissa,90.77,93.33,94.04,A
2016-M08,2016,8,mensual,07048,Sant Josep de sa Talaia,Eivissa,95.61,94.33,96.62,A
2016-M08,2016,8,mensual,07050,Sant Joan de Labritja,Eivissa,89.99,91.8,89.15,A
2016-M08,2016,8,mensual,07051,Sant Llorenç des Cardassar,Mallorca,95.57,91.16,95.3,A
2016-M08,2016,8,mensual,07052,Sant Lluís,Menorca,84.26,91.11,85.81,A
2016-M08,2016,8,mensual,07054,Santa Eulària des Riu,Eivissa,88.72,91.33,88.7,A
2016-M08,2016,8,mensual,07055,Santa Margalida,Mallorca,97.56,94.5,95.89,A
2016-M08,2016,8,mensual,07057,Santanyí,Mallorca,90.74,90.66,85.48,A
2016-M08,2016,8,mensual,07059,Ses Salines,Mallorca,85.52,92.06,92.56,A
2016-M08,2016,8,mensual,07061,Sóller,Mallorca,77.72,72.21,80.08,A
2016-M08,2016,8,mensual,07062,Son Servera,Mallorca,83.69,86.39,85.32,A
2016-M09,2016,9,mensual,07002,Alaior,Menorca,87.25,88.42,77.91,A
2016-M09,2016,9,mensual,07003,Alcúdia,Mallorca,88.03,94.61,90.36,A
2016-M09,2016,9,mensual,07005,Andratx,Mallorca,86.75,89.98,90.09,A
2016-M09,2016,9,mensual,07011,Calvià,Mallorca,83.85,90.41,86.52,A
2016-M09,2016,9,mensual,07014,Capdepera,Mallorca,89.55,95.57,89.27,A
2016-M09,2016,9,mensual,07015,Ciutadella de Menorca,Menorca,85.5,92.58,85.39,A
2016-M09,2016,9,mensual,07022,Felanitx,Mallorca,87.86,87.4,85.84,A
2016-M09,2016,9,mensual,07024,Formentera,Formentera,84.59,87.4,84.56,A
2016-M09,2016,9,mensual,07026,Eivissa,Eivissa,86.81,88.89,89.28,A
2016-M09,2016,9,mensual,07031,Llucmajor,Mallorca,96.4,95.63,95.94,A
2016-M09,2016,9,mensual,07032,Maó,Menorca,69.96,89.07,82.97,A
2016-M09,2016,9,mensual,07033,Manacor,Mallorca,91.41,96.48,83.93,A
2016-M09,2016,9,mensual,07039,Muro,Mallorca,90.98,95.93,90.56,A
2016-M09,2016,9,mensual,07040,Palma,Mallorca,86.18,91.23,89.71,A
2016-M09,2016,9,mensual,07042,Pollença,Mallorca,80.24,88.48,83.32,A
2016-M09,2016,9,mensual,07046,Sant Antoni de Portmany,Eivissa,85.69,86.99,87.79,A
2016-M09,2016,9,mensual,07048,Sant Josep de sa Talaia,Eivissa,90.92,91.04,90.73,A
2016-M09,2016,9,mensual,07050,Sant Joan de Labritja,Eivissa,,,,U
2016-M09,2016,9,mensual,07051,Sant Llorenç des Cardassar,Mallorca,85.99,93.07,88.13,A
2016-M09,2016,9,mensual,07052,Sant Lluís,Menorca,73.34,89.66,72.07,A
2016-M09,2016,9,mensual,07054,Santa Eulària des Riu,Eivissa,83.81,85.15,86.84,A
2016-M09,2016,9,mensual,07055,Santa Margalida,Mallorca,94.96,95.13,90.92,A
2016-M09,2016,9,mensual,07057,Santanyí,Mallorca,86.37,89.64,83.33,A
2016-M09,2016,9,mensual,07059,Ses Salines,Mallorca,82.49,91.8,82.91,A
2016-M09,2016,9,mensual,07061,Sóller,Mallorca,71.59,70.2,73.32,A
2016-M09,2016,9,mensual,07062,Son Servera,Mallorca,85.88,91.49,85.2,A
2016-M10,2016,10,mensual,07002,Alaior,Menorca,,,,U
2016-M10,2016,10,mensual,07003,Alcúdia,Mallorca,73.76,73.1,63.79,A
2016-M10,2016,10,mensual,07005,Andratx,Mallorca,75.9,76.79,70.31,A
2016-M10,2016,10,mensual,07011,Calvià,Mallorca,62.84,66.83,56.94,A
2016-M10,2016,10,mensual,07014,Capdepera,Mallorca,63.76,68.44,56.47,A
2016-M10,2016,10,mensual,07015,Ciutadella de Menorca,Menorca,54.75,61.22,48.19,A
2016-M10,2016,10,mensual,07022,Felanitx,Mallorca,70.96,73.38,42.2,A
2016-M10,2016,10,mensual,07024,Formentera,Formentera,48.7,51.24,50.53,A
2016-M10,2016,10,mensual,07026,Eivissa,Eivissa,67.53,72.58,75.45,A
2016-M10,2016,10,mensual,07031,Llucmajor,Mallorca,68.11,66.79,79.69,A
2016-M10,2016,10,mensual,07032,Maó,Menorca,,,,U
2016-M10,2016,10,mensual,07033,Manacor,Mallorca,68.75,72.11,50.92,A
2016-M10,2016,10,mensual,07039,Muro,Mallorca,78.03,78.44,70.77,A
2016-M10,2016,10,mensual,07040,Palma,Mallorca,74.45,78.1,74.86,A
2016-M10,2016,10,mensual,07042,Pollença,Mallorca,62.04,65.68,59.68,A
2016-M10,2016,10,mensual,07046,Sant Antoni de Portmany,Eivissa,65.13,68.11,59.53,A
2016-M10,2016,10,mensual,07048,Sant Josep de sa Talaia,Eivissa,76.28,74.05,47.97,A
2016-M10,2016,10,mensual,07050,Sant Joan de Labritja,Eivissa,,,,U
2016-M10,2016,10,mensual,07051,Sant Llorenç des Cardassar,Mallorca,74.25,75.96,58.23,A
2016-M10,2016,10,mensual,07052,Sant Lluís,Menorca,,,,U
2016-M10,2016,10,mensual,07054,Santa Eulària des Riu,Eivissa,63.52,63.76,61.44,A
2016-M10,2016,10,mensual,07055,Santa Margalida,Mallorca,69.47,71.14,75.46,A
2016-M10,2016,10,mensual,07057,Santanyí,Mallorca,71.31,74.48,77.83,A
2016-M10,2016,10,mensual,07059,Ses Salines,Mallorca,60.21,64.9,70.66,A
2016-M10,2016,10,mensual,07061,Sóller,Mallorca,69.35,69.13,66.98,A
2016-M10,2016,10,mensual,07062,Son Servera,Mallorca,59.0,62.54,69.48,A
2016-M11,2016,11,mensual,07002,Alaior,Menorca,,,,U
2016-M11,2016,11,mensual,07003,Alcúdia,Mallorca,,,,U
2016-M11,2016,11,mensual,07005,Andratx,Mallorca,,,,U
2016-M11,2016,11,mensual,07011,Calvià,Mallorca,50.89,64.21,54.43,A
2016-M11,2016,11,mensual,07014,Capdepera,Mallorca,,,,U
2016-M11,2016,11,mensual,07015,Ciutadella de Menorca,Menorca,,,,U
2016-M11,2016,11,mensual,07022,Felanitx,Mallorca,,,,U
2016-M11,2016,11,mensual,07024,Formentera,Formentera,,,,U
2016-M11,2016,11,mensual,07026,Eivissa,Eivissa,43.79,52.43,44.6,A
2016-M11,2016,11,mensual,07031,Llucmajor,Mallorca,,,,U
2016-M11,2016,11,mensual,07032,Maó,Menorca,,,,U
2016-M11,2016,11,mensual,07033,Manacor,Mallorca,,,,U
2016-M11,2016,11,mensual,07039,Muro,Mallorca,,,,U
2016-M11,2016,11,mensual,07040,Palma,Mallorca,57.11,66.15,59.71,A
2016-M11,2016,11,mensual,07042,Pollença,Mallorca,,,,U
2016-M11,2016,11,mensual,07046,Sant Antoni de Portmany,Eivissa,,,,U
2016-M11,2016,11,mensual,07048,Sant Josep de sa Talaia,Eivissa,,,,U
2016-M11,2016,11,mensual,07050,Sant Joan de Labritja,Eivissa,,,,U
2016-M11,2016,11,mensual,07051,Sant Llorenç des Cardassar,Mallorca,,,,U
2016-M11,2016,11,mensual,07052,Sant Lluís,Menorca,0.0,0.0,0.0,A
2016-M11,2016,11,mensual,07054,Santa Eulària des Riu,Eivissa,,,,U
2016-M11,2016,11,mensual,07055,Santa Margalida,Mallorca,,,,U
2016-M11,2016,11,mensual,07057,Santanyí,Mallorca,,,,U
2016-M11,2016,11,mensual,07059,Ses Salines,Mallorca,0.0,0.0,0.0,A
2016-M11,2016,11,mensual,07061,Sóller,Mallorca,,,,U
2016-M11,2016,11,mensual,07062,Son Servera,Mallorca,,,,U
2016-M12,2016,12,mensual,07002,Alaior,Menorca,,,,U
2016-M12,2016,12,mensual,07003,Alcúdia,Mallorca,,,,U
2016-M12,2016,12,mensual,07005,Andratx,Mallorca,,,,U
2016-M12,2016,12,mensual,07011,Calvià,Mallorca,42.25,48.96,44.0,A
2016-M12,2016,12,mensual,07014,Capdepera,Mallorca,,,,U
2016-M12,2016,12,mensual,07015,Ciutadella de Menorca,Menorca,,,,U
2016-M12,2016,12,mensual,07022,Felanitx,Mallorca,,,,U
2016-M12,2016,12,mensual,07024,Formentera,Formentera,,,,U
2016-M12,2016,12,mensual,07026,Eivissa,Eivissa,34.09,41.7,35.73,A
2016-M12,2016,12,mensual,07031,Llucmajor,Mallorca,,,,U
2016-M12,2016,12,mensual,07032,Maó,Menorca,,,,U
2016-M12,2016,12,mensual,07033,Manacor,Mallorca,,,,U
2016-M12,2016,12,mensual,07039,Muro,Mallorca,,,,U
2016-M12,2016,12,mensual,07040,Palma,Mallorca,42.9,49.42,51.35,A
2016-M12,2016,12,mensual,07042,Pollença,Mallorca,,,,U
2016-M12,2016,12,mensual,07046,Sant Antoni de Portmany,Eivissa,,,,U
2016-M12,2016,12,mensual,07048,Sant Josep de sa Talaia,Eivissa,,,,U
2016-M12,2016,12,mensual,07050,Sant Joan de Labritja,Eivissa,,,,U
2016-M12,2016,12,mensual,07051,Sant Llorenç des Cardassar,Mallorca,,,,U
2016-M12,2016,12,mensual,07052,Sant Lluís,Menorca,0.0,0.0,0.0,A
2016-M12,2016,12,mensual,07054,Santa Eulària des Riu,Eivissa,,,,U
2016-M12,2016,12,mensual,07055,Santa Margalida,Mallorca,,,,U
2016-M12,2016,12,mensual,07057,Santanyí,Mallorca,,,,U
2016-M12,2016,12,mensual,07059,Ses Salines,Mallorca,0.0,0.0,0.0,A
2016-M12,2016,12,mensual,07061,Sóller,Mallorca,,,,U
2016-M12,2016,12,mensual,07062,Son Servera,Mallorca,,,,U
2017,2017,,anual,07002,Alaior,Menorca,76.74,75.44,75.28,A
2017,2017,,anual,07003,Alcúdia,Mallorca,79.52,84.66,79.52,A
2017,2017,,anual,07005,Andratx,Mallorca,81.39,84.28,81.65,A
2017,2017,,anual,07011,Calvià,Mallorca,76.44,81.29,77.24,A
2017,2017,,anual,07014,Capdepera,Mallorca,77.53,80.18,79.59,A
2017,2017,,anual,07015,Ciutadella de Menorca,Menorca,79.76,83.85,79.83,A
2017,2017,,anual,07022,Felanitx,Mallorca,,,,U
2017,2017,,anual,07024,Formentera,Formentera,76.88,77.13,73.59,A
2017,2017,,anual,07026,Eivissa,Eivissa,77.13,79.24,82.13,A
2017,2017,,anual,07031,Llucmajor,Mallorca,84.42,85.48,88.21,A
2017,2017,,anual,07032,Maó,Menorca,,,,U
2017,2017,,anual,07033,Manacor,Mallorca,75.15,74.96,73.11,A
2017,2017,,anual,07039,Muro,Mallorca,84.17,87.98,79.51,A
2017,2017,,anual,07040,Palma,Mallorca,75.58,79.68,79.33,A
2017,2017,,anual,07042,Pollença,Mallorca,77.49,81.08,76.39,A
2017,2017,,anual,07046,Sant Antoni de Portmany,Eivissa,76.14,77.82,78.58,A
2017,2017,,anual,07048,Sant Josep de sa Talaia,Eivissa,81.1,83.52,77.41,A
2017,2017,,anual,07050,Sant Joan de Labritja,Eivissa,,,,U
2017,2017,,anual,07051,Sant Llorenç des Cardassar,Mallorca,79.52,83.65,77.12,A
2017,2017,,anual,07052,Sant Lluís,Menorca,67.4,79.01,65.89,A
2017,2017,,anual,07054,Santa Eulària des Riu,Eivissa,78.45,81.24,79.76,A
2017,2017,,anual,07055,Santa Margalida,Mallorca,82.56,84.14,79.35,A
2017,2017,,anual,07057,Santanyí,Mallorca,81.21,79.67,77.5,A
2017,2017,,anual,07059,Ses Salines,Mallorca,74.11,77.74,73.93,A
2017,2017,,anual,07061,Sóller,Mallorca,68.47,68.51,73.72,A
2017,2017,,anual,07062,Son Servera,Mallorca,68.89,73.33,67.66,A
2017-M01,2017,1,mensual,07002,Alaior,Menorca,,,,U
2017-M01,2017,1,mensual,07003,Alcúdia,Mallorca,,,,U
2017-M01,2017,1,mensual,07005,Andratx,Mallorca,,,,U
2017-M01,2017,1,mensual,07011,Calvià,Mallorca,41.43,56.17,43.51,A
2017-M01,2017,1,mensual,07014,Capdepera,Mallorca,,,,U
2017-M01,2017,1,mensual,07015,Ciutadella de Menorca,Menorca,,,,U
2017-M01,2017,1,mensual,07022,Felanitx,Mallorca,,,,U
2017-M01,2017,1,mensual,07024,Formentera,Formentera,,,,U
2017-M01,2017,1,mensual,07026,Eivissa,Eivissa,32.8,41.51,29.28,A
2017-M01,2017,1,mensual,07031,Llucmajor,Mallorca,,,,U
2017-M01,2017,1,mensual,07032,Maó,Menorca,,,,U
2017-M01,2017,1,mensual,07033,Manacor,Mallorca,,,,U
2017-M01,2017,1,mensual,07039,Muro,Mallorca,,,,U
2017-M01,2017,1,mensual,07040,Palma,Mallorca,42.42,53.27,40.54,A
2017-M01,2017,1,mensual,07042,Pollença,Mallorca,,,,U
2017-M01,2017,1,mensual,07046,Sant Antoni de Portmany,Eivissa,,,,U
2017-M01,2017,1,mensual,07048,Sant Josep de sa Talaia,Eivissa,,,,U
2017-M01,2017,1,mensual,07050,Sant Joan de Labritja,Eivissa,,,,U
2017-M01,2017,1,mensual,07051,Sant Llorenç des Cardassar,Mallorca,,,,U
2017-M01,2017,1,mensual,07052,Sant Lluís,Menorca,,,,U
2017-M01,2017,1,mensual,07054,Santa Eulària des Riu,Eivissa,,,,U
2017-M01,2017,1,mensual,07055,Santa Margalida,Mallorca,,,,U
2017-M01,2017,1,mensual,07057,Santanyí,Mallorca,,,,U
2017-M01,2017,1,mensual,07059,Ses Salines,Mallorca,0.0,0.0,0.0,A
2017-M01,2017,1,mensual,07061,Sóller,Mallorca,,,,U
2017-M01,2017,1,mensual,07062,Son Servera,Mallorca,,,,U
2017-M02,2017,2,mensual,07002,Alaior,Menorca,,,,U
2017-M02,2017,2,mensual,07003,Alcúdia,Mallorca,,,,U
2017-M02,2017,2,mensual,07005,Andratx,Mallorca,,,,U
2017-M02,2017,2,mensual,07011,Calvià,Mallorca,45.52,56.78,44.88,A
2017-M02,2017,2,mensual,07014,Capdepera,Mallorca,,,,U
2017-M02,2017,2,mensual,07015,Ciutadella de Menorca,Menorca,,,,U
2017-M02,2017,2,mensual,07022,Felanitx,Mallorca,,,,U
2017-M02,2017,2,mensual,07024,Formentera,Formentera,,,,U
2017-M02,2017,2,mensual,07026,Eivissa,Eivissa,41.99,50.67,43.64,A
2017-M02,2017,2,mensual,07031,Llucmajor,Mallorca,,,,U
2017-M02,2017,2,mensual,07032,Maó,Menorca,,,,U
2017-M02,2017,2,mensual,07033,Manacor,Mallorca,,,,U
2017-M02,2017,2,mensual,07039,Muro,Mallorca,,,,U
2017-M02,2017,2,mensual,07040,Palma,Mallorca,47.76,55.73,45.92,A
2017-M02,2017,2,mensual,07042,Pollença,Mallorca,,,,U
2017-M02,2017,2,mensual,07046,Sant Antoni de Portmany,Eivissa,,,,U
2017-M02,2017,2,mensual,07048,Sant Josep de sa Talaia,Eivissa,,,,U
2017-M02,2017,2,mensual,07050,Sant Joan de Labritja,Eivissa,,,,U
2017-M02,2017,2,mensual,07051,Sant Llorenç des Cardassar,Mallorca,,,,U
2017-M02,2017,2,mensual,07052,Sant Lluís,Menorca,,,,U
2017-M02,2017,2,mensual,07054,Santa Eulària des Riu,Eivissa,,,,U
2017-M02,2017,2,mensual,07055,Santa Margalida,Mallorca,,,,U
2017-M02,2017,2,mensual,07057,Santanyí,Mallorca,,,,U
2017-M02,2017,2,mensual,07059,Ses Salines,Mallorca,,,,U
2017-M02,2017,2,mensual,07061,Sóller,Mallorca,,,,U
2017-M02,2017,2,mensual,07062,Son Servera,Mallorca,,,,U
2017-M03,2017,3,mensual,07002,Alaior,Menorca,,,,U
2017-M03,2017,3,mensual,07003,Alcúdia,Mallorca,54.2,64.19,51.25,A
2017-M03,2017,3,mensual,07005,Andratx,Mallorca,,,,U
2017-M03,2017,3,mensual,07011,Calvià,Mallorca,56.02,65.74,55.57,A
2017-M03,2017,3,mensual,07014,Capdepera,Mallorca,57.63,66.88,64.27,A
2017-M03,2017,3,mensual,07015,Ciutadella de Menorca,Menorca,,,,U
2017-M03,2017,3,mensual,07022,Felanitx,Mallorca,,,,U
2017-M03,2017,3,mensual,07024,Formentera,Formentera,,,,U
2017-M03,2017,3,mensual,07026,Eivissa,Eivissa,53.32,64.35,57.33,A
2017-M03,2017,3,mensual,07031,Llucmajor,Mallorca,,,,U
2017-M03,2017,3,mensual,07032,Maó,Menorca,,,,U
2017-M03,2017,3,mensual,07033,Manacor,Mallorca,,,,U
2017-M03,2017,3,mensual,07039,Muro,Mallorca,,,,U
2017-M03,2017,3,mensual,07040,Palma,Mallorca,58.91,67.54,61.66,A
2017-M03,2017,3,mensual,07042,Pollença,Mallorca,51.22,59.04,52.46,A
2017-M03,2017,3,mensual,07046,Sant Antoni de Portmany,Eivissa,,,,U
2017-M03,2017,3,mensual,07048,Sant Josep de sa Talaia,Eivissa,,,,U
2017-M03,2017,3,mensual,07050,Sant Joan de Labritja,Eivissa,,,,U
2017-M03,2017,3,mensual,07051,Sant Llorenç des Cardassar,Mallorca,57.38,61.74,66.47,A
2017-M03,2017,3,mensual,07052,Sant Lluís,Menorca,0.0,0.0,0.0,A
2017-M03,2017,3,mensual,07054,Santa Eulària des Riu,Eivissa,,,,U
2017-M03,2017,3,mensual,07055,Santa Margalida,Mallorca,,,,U
2017-M03,2017,3,mensual,07057,Santanyí,Mallorca,,,,U
2017-M03,2017,3,mensual,07059,Ses Salines,Mallorca,,,,U
2017-M03,2017,3,mensual,07061,Sóller,Mallorca,60.0,65.12,75.1,A
2017-M03,2017,3,mensual,07062,Son Servera,Mallorca,,,,U
2017-M04,2017,4,mensual,07002,Alaior,Menorca,,,,U
2017-M04,2017,4,mensual,07003,Alcúdia,Mallorca,71.65,78.58,68.69,A
2017-M04,2017,4,mensual,07005,Andratx,Mallorca,82.27,85.59,76.9,A
2017-M04,2017,4,mensual,07011,Calvià,Mallorca,67.06,73.54,64.67,A
2017-M04,2017,4,mensual,07014,Capdepera,Mallorca,66.06,71.96,73.68,A
2017-M04,2017,4,mensual,07015,Ciutadella de Menorca,Menorca,63.33,63.36,71.92,A
2017-M04,2017,4,mensual,07022,Felanitx,Mallorca,,,,U
2017-M04,2017,4,mensual,07024,Formentera,Formentera,,,,U
2017-M04,2017,4,mensual,07026,Eivissa,Eivissa,68.33,72.34,70.8,A
2017-M04,2017,4,mensual,07031,Llucmajor,Mallorca,90.55,87.67,90.11,A
2017-M04,2017,4,mensual,07032,Maó,Menorca,,,,U
2017-M04,2017,4,mensual,07033,Manacor,Mallorca,,,,U
2017-M04,2017,4,mensual,07039,Muro,Mallorca,69.32,79.05,72.38,A
2017-M04,2017,4,mensual,07040,Palma,Mallorca,69.51,75.65,79.35,A
2017-M04,2017,4,mensual,07042,Pollença,Mallorca,50.0,52.3,39.61,A
2017-M04,2017,4,mensual,07046,Sant Antoni de Portmany,Eivissa,,,,U
2017-M04,2017,4,mensual,07048,Sant Josep de sa Talaia,Eivissa,,,,U
2017-M04,2017,4,mensual,07050,Sant Joan de Labritja,Eivissa,,,,U
2017-M04,2017,4,mensual,07051,Sant Llorenç des Cardassar,Mallorca,69.75,77.01,62.53,A
2017-M04,2017,4,mensual,07052,Sant Lluís,Menorca,,,,U
2017-M04,2017,4,mensual,07054,Santa Eulària des Riu,Eivissa,,,,U
2017-M04,2017,4,mensual,07055,Santa Margalida,Mallorca,69.32,81.83,63.77,A
2017-M04,2017,4,mensual,07057,Santanyí,Mallorca,61.99,62.82,50.55,A
2017-M04,2017,4,mensual,07059,Ses Salines,Mallorca,79.04,78.85,75.69,A
2017-M04,2017,4,mensual,07061,Sóller,Mallorca,64.33,63.64,67.78,A
2017-M04,2017,4,mensual,07062,Son Servera,Mallorca,56.95,59.74,49.16,A
2017-M05,2017,5,mensual,07002,Alaior,Menorca,45.73,48.95,73.55,A
2017-M05,2017,5,mensual,07003,Alcúdia,Mallorca,79.17,80.35,78.86,A
2017-M05,2017,5,mensual,07005,Andratx,Mallorca,79.24,82.72,82.95,A
2017-M05,2017,5,mensual,07011,Calvià,Mallorca,69.95,75.6,74.14,A
2017-M05,2017,5,mensual,07014,Capdepera,Mallorca,64.76,71.32,66.55,A
2017-M05,2017,5,mensual,07015,Ciutadella de Menorca,Menorca,67.73,73.34,72.34,A
2017-M05,2017,5,mensual,07022,Felanitx,Mallorca,61.31,67.33,63.08,A
2017-M05,2017,5,mensual,07024,Formentera,Formentera,49.11,52.86,52.53,A
2017-M05,2017,5,mensual,07026,Eivissa,Eivissa,68.69,73.42,76.98,A
2017-M05,2017,5,mensual,07031,Llucmajor,Mallorca,78.43,75.97,96.0,A
2017-M05,2017,5,mensual,07032,Maó,Menorca,,,,U
2017-M05,2017,5,mensual,07033,Manacor,Mallorca,44.99,48.38,60.92,A
2017-M05,2017,5,mensual,07039,Muro,Mallorca,79.1,85.02,76.15,A
2017-M05,2017,5,mensual,07040,Palma,Mallorca,72.97,77.82,80.82,A
2017-M05,2017,5,mensual,07042,Pollença,Mallorca,77.26,80.4,78.18,A
2017-M05,2017,5,mensual,07046,Sant Antoni de Portmany,Eivissa,64.13,65.47,68.66,A
2017-M05,2017,5,mensual,07048,Sant Josep de sa Talaia,Eivissa,68.04,72.99,66.41,A
2017-M05,2017,5,mensual,07050,Sant Joan de Labritja,Eivissa,,,,U
2017-M05,2017,5,mensual,07051,Sant Llorenç des Cardassar,Mallorca,69.88,76.13,73.43,A
2017-M05,2017,5,mensual,07052,Sant Lluís,Menorca,51.89,64.25,37.12,A
2017-M05,2017,5,mensual,07054,Santa Eulària des Riu,Eivissa,66.88,71.95,68.29,A
2017-M05,2017,5,mensual,07055,Santa Margalida,Mallorca,71.42,74.09,67.89,A
2017-M05,2017,5,mensual,07057,Santanyí,Mallorca,69.71,70.79,71.43,A
2017-M05,2017,5,mensual,07059,Ses Salines,Mallorca,61.21,66.36,57.96,A
2017-M05,2017,5,mensual,07061,Sóller,Mallorca,76.58,76.7,84.94,A
2017-M05,2017,5,mensual,07062,Son Servera,Mallorca,55.41,60.96,50.54,A
2017-M06,2017,6,mensual,07002,Alaior,Menorca,86.51,84.24,88.78,A
2017-M06,2017,6,mensual,07003,Alcúdia,Mallorca,89.34,91.62,87.95,A
2017-M06,2017,6,mensual,07005,Andratx,Mallorca,85.49,88.83,86.84,A
2017-M06,2017,6,mensual,07011,Calvià,Mallorca,82.65,86.19,86.73,A
2017-M06,2017,6,mensual,07014,Capdepera,Mallorca,82.84,84.58,82.45,A
2017-M06,2017,6,mensual,07015,Ciutadella de Menorca,Menorca,87.63,90.55,84.42,A
2017-M06,2017,6,mensual,07022,Felanitx,Mallorca,,,,U
2017-M06,2017,6,mensual,07024,Formentera,Formentera,84.71,86.78,80.74,A
2017-M06,2017,6,mensual,07026,Eivissa,Eivissa,82.53,83.26,90.06,A
2017-M06,2017,6,mensual,07031,Llucmajor,Mallorca,84.69,85.94,89.22,A
2017-M06,2017,6,mensual,07032,Maó,Menorca,,,,U
2017-M06,2017,6,mensual,07033,Manacor,Mallorca,92.55,90.87,90.19,A
2017-M06,2017,6,mensual,07039,Muro,Mallorca,92.07,93.92,90.38,A
2017-M06,2017,6,mensual,07040,Palma,Mallorca,86.59,88.99,87.16,A
2017-M06,2017,6,mensual,07042,Pollença,Mallorca,83.75,89.33,79.38,A
2017-M06,2017,6,mensual,07046,Sant Antoni de Portmany,Eivissa,80.11,82.16,80.75,A
2017-M06,2017,6,mensual,07048,Sant Josep de sa Talaia,Eivissa,83.88,87.31,85.92,A
2017-M06,2017,6,mensual,07050,Sant Joan de Labritja,Eivissa,,,,U
2017-M06,2017,6,mensual,07051,Sant Llorenç des Cardassar,Mallorca,84.4,88.41,78.69,A
2017-M06,2017,6,mensual,07052,Sant Lluís,Menorca,74.22,87.64,66.43,A
2017-M06,2017,6,mensual,07054,Santa Eulària des Riu,Eivissa,83.34,85.7,84.14,A
2017-M06,2017,6,mensual,07055,Santa Margalida,Mallorca,89.69,90.63,85.25,A
2017-M06,2017,6,mensual,07057,Santanyí,Mallorca,83.07,82.27,77.37,A
2017-M06,2017,6,mensual,07059,Ses Salines,Mallorca,76.77,78.26,77.58,A
2017-M06,2017,6,mensual,07061,Sóller,Mallorca,79.22,76.75,80.19,A
2017-M06,2017,6,mensual,07062,Son Servera,Mallorca,73.07,79.3,73.8,A
2017-M07,2017,7,mensual,07002,Alaior,Menorca,96.02,90.42,91.77,A
2017-M07,2017,7,mensual,07003,Alcúdia,Mallorca,89.62,94.71,89.26,A
2017-M07,2017,7,mensual,07005,Andratx,Mallorca,89.87,89.28,90.22,A
2017-M07,2017,7,mensual,07011,Calvià,Mallorca,90.19,90.09,90.56,A
2017-M07,2017,7,mensual,07014,Capdepera,Mallorca,90.45,90.41,90.8,A
2017-M07,2017,7,mensual,07015,Ciutadella de Menorca,Menorca,91.75,93.18,89.9,A
2017-M07,2017,7,mensual,07022,Felanitx,Mallorca,90.99,77.59,84.28,A
2017-M07,2017,7,mensual,07024,Formentera,Formentera,94.19,92.06,85.2,A
2017-M07,2017,7,mensual,07026,Eivissa,Eivissa,91.23,90.46,93.66,A
2017-M07,2017,7,mensual,07031,Llucmajor,Mallorca,87.99,92.99,93.84,A
2017-M07,2017,7,mensual,07032,Maó,Menorca,,,,U
2017-M07,2017,7,mensual,07033,Manacor,Mallorca,92.29,91.08,90.8,A
2017-M07,2017,7,mensual,07039,Muro,Mallorca,93.49,93.79,72.69,A
2017-M07,2017,7,mensual,07040,Palma,Mallorca,89.4,89.79,93.38,A
2017-M07,2017,7,mensual,07042,Pollença,Mallorca,91.43,91.26,91.72,A
2017-M07,2017,7,mensual,07046,Sant Antoni de Portmany,Eivissa,86.16,86.75,90.01,A
2017-M07,2017,7,mensual,07048,Sant Josep de sa Talaia,Eivissa,94.15,88.42,82.89,A
2017-M07,2017,7,mensual,07050,Sant Joan de Labritja,Eivissa,,,,U
2017-M07,2017,7,mensual,07051,Sant Llorenç des Cardassar,Mallorca,92.43,93.44,88.67,A
2017-M07,2017,7,mensual,07052,Sant Lluís,Menorca,83.78,88.87,77.39,A
2017-M07,2017,7,mensual,07054,Santa Eulària des Riu,Eivissa,82.41,86.1,88.45,A
2017-M07,2017,7,mensual,07055,Santa Margalida,Mallorca,94.38,94.27,93.75,A
2017-M07,2017,7,mensual,07057,Santanyí,Mallorca,90.0,83.72,84.23,A
2017-M07,2017,7,mensual,07059,Ses Salines,Mallorca,84.57,90.49,88.79,A
2017-M07,2017,7,mensual,07061,Sóller,Mallorca,71.39,71.92,74.7,A
2017-M07,2017,7,mensual,07062,Son Servera,Mallorca,79.96,81.29,77.36,A
2017-M08,2017,8,mensual,07002,Alaior,Menorca,,,,U
2017-M08,2017,8,mensual,07003,Alcúdia,Mallorca,84.87,94.46,91.92,A
2017-M08,2017,8,mensual,07005,Andratx,Mallorca,87.93,91.22,91.48,A
2017-M08,2017,8,mensual,07011,Calvià,Mallorca,90.39,92.35,90.23,A
2017-M08,2017,8,mensual,07014,Capdepera,Mallorca,91.24,88.32,91.12,A
2017-M08,2017,8,mensual,07015,Ciutadella de Menorca,Menorca,93.64,94.79,89.69,A
2017-M08,2017,8,mensual,07022,Felanitx,Mallorca,,,,U
2017-M08,2017,8,mensual,07024,Formentera,Formentera,95.03,92.22,92.19,A
2017-M08,2017,8,mensual,07026,Eivissa,Eivissa,90.89,90.53,94.01,A
2017-M08,2017,8,mensual,07031,Llucmajor,Mallorca,94.84,95.59,97.28,A
2017-M08,2017,8,mensual,07032,Maó,Menorca,,,,U
2017-M08,2017,8,mensual,07033,Manacor,Mallorca,92.91,91.44,88.38,A
2017-M08,2017,8,mensual,07039,Muro,Mallorca,91.41,95.49,91.3,A
2017-M08,2017,8,mensual,07040,Palma,Mallorca,90.41,90.41,94.52,A
2017-M08,2017,8,mensual,07042,Pollença,Mallorca,92.03,91.98,91.96,A
2017-M08,2017,8,mensual,07046,Sant Antoni de Portmany,Eivissa,88.54,90.8,93.39,A
2017-M08,2017,8,mensual,07048,Sant Josep de sa Talaia,Eivissa,87.66,90.0,89.31,A
2017-M08,2017,8,mensual,07050,Sant Joan de Labritja,Eivissa,,,,U
2017-M08,2017,8,mensual,07051,Sant Llorenç des Cardassar,Mallorca,91.26,92.92,91.12,A
2017-M08,2017,8,mensual,07052,Sant Lluís,Menorca,79.92,92.19,86.18,A
2017-M08,2017,8,mensual,07054,Santa Eulària des Riu,Eivissa,86.48,89.85,87.37,A
2017-M08,2017,8,mensual,07055,Santa Margalida,Mallorca,95.1,94.18,94.99,A
2017-M08,2017,8,mensual,07057,Santanyí,Mallorca,88.09,85.78,85.51,A
2017-M08,2017,8,mensual,07059,Ses Salines,Mallorca,86.69,92.91,92.44,A
2017-M08,2017,8,mensual,07061,Sóller,Mallorca,75.29,71.4,89.3,A
2017-M08,2017,8,mensual,07062,Son Servera,Mallorca,80.64,83.29,82.71,A
2017-M09,2017,9,mensual,07002,Alaior,Menorca,83.59,86.19,75.49,A
2017-M09,2017,9,mensual,07003,Alcúdia,Mallorca,84.48,91.57,81.82,A
2017-M09,2017,9,mensual,07005,Andratx,Mallorca,87.94,91.6,89.49,A
2017-M09,2017,9,mensual,07011,Calvià,Mallorca,82.09,86.85,80.89,A
2017-M09,2017,9,mensual,07014,Capdepera,Mallorca,83.4,85.95,86.24,A
2017-M09,2017,9,mensual,07015,Ciutadella de Menorca,Menorca,84.02,92.35,85.06,A
2017-M09,2017,9,mensual,07022,Felanitx,Mallorca,,,,U
2017-M09,2017,9,mensual,07024,Formentera,Formentera,84.14,81.99,81.33,A
2017-M09,2017,9,mensual,07026,Eivissa,Eivissa,83.06,84.44,87.58,A
2017-M09,2017,9,mensual,07031,Llucmajor,Mallorca,93.8,94.22,92.01,A
2017-M09,2017,9,mensual,07032,Maó,Menorca,,,,U
2017-M09,2017,9,mensual,07033,Manacor,Mallorca,89.32,89.93,80.31,A
2017-M09,2017,9,mensual,07039,Muro,Mallorca,89.27,94.81,89.27,A
2017-M09,2017,9,mensual,07040,Palma,Mallorca,86.84,88.37,86.08,A
2017-M09,2017,9,mensual,07042,Pollença,Mallorca,88.58,95.07,89.93,A
2017-M09,2017,9,mensual,07046,Sant Antoni de Portmany,Eivissa,82.89,86.24,84.77,A
2017-M09,2017,9,mensual,07048,Sant Josep de sa Talaia,Eivissa,81.27,87.13,86.31,A
2017-M09,2017,9,mensual,07050,Sant Joan de Labritja,Eivissa,,,,U
2017-M09,2017,9,mensual,07051,Sant Llorenç des Cardassar,Mallorca,84.11,92.87,82.86,A
2017-M09,2017,9,mensual,07052,Sant Lluís,Menorca,72.56,87.93,77.74,A
2017-M09,2017,9,mensual,07054,Santa Eulària des Riu,Eivissa,85.84,86.86,84.42,A
2017-M09,2017,9,mensual,07055,Santa Margalida,Mallorca,91.21,90.61,79.28,A
2017-M09,2017,9,mensual,07057,Santanyí,Mallorca,85.81,87.4,83.2,A
2017-M09,2017,9,mensual,07059,Ses Salines,Mallorca,85.28,90.3,80.48,A
2017-M09,2017,9,mensual,07061,Sóller,Mallorca,54.57,53.23,54.99,A
2017-M09,2017,9,mensual,07062,Son Servera,Mallorca,75.49,84.38,72.28,A
2017-M10,2017,10,mensual,07002,Alaior,Menorca,,,,U
2017-M10,2017,10,mensual,07003,Alcúdia,Mallorca,69.97,71.51,68.62,A
2017-M10,2017,10,mensual,07005,Andratx,Mallorca,64.86,69.67,62.64,A
2017-M10,2017,10,mensual,07011,Calvià,Mallorca,65.64,72.31,65.27,A
2017-M10,2017,10,mensual,07014,Capdepera,Mallorca,63.97,70.29,69.54,A
2017-M10,2017,10,mensual,07015,Ciutadella de Menorca,Menorca,56.37,61.78,59.42,A
2017-M10,2017,10,mensual,07022,Felanitx,Mallorca,,,,U
2017-M10,2017,10,mensual,07024,Formentera,Formentera,55.02,61.23,48.03,A
2017-M10,2017,10,mensual,07026,Eivissa,Eivissa,64.92,68.65,72.78,A
2017-M10,2017,10,mensual,07031,Llucmajor,Mallorca,68.36,69.08,62.89,A
2017-M10,2017,10,mensual,07032,Maó,Menorca,,,,U
2017-M10,2017,10,mensual,07033,Manacor,Mallorca,66.24,64.89,52.7,A
2017-M10,2017,10,mensual,07039,Muro,Mallorca,73.13,74.68,65.89,A
2017-M10,2017,10,mensual,07040,Palma,Mallorca,70.98,77.1,77.01,A
2017-M10,2017,10,mensual,07042,Pollença,Mallorca,62.11,69.63,63.22,A
2017-M10,2017,10,mensual,07046,Sant Antoni de Portmany,Eivissa,69.26,69.51,67.35,A
2017-M10,2017,10,mensual,07048,Sant Josep de sa Talaia,Eivissa,69.37,71.41,52.86,A
2017-M10,2017,10,mensual,07050,Sant Joan de Labritja,Eivissa,,,,U
2017-M10,2017,10,mensual,07051,Sant Llorenç des Cardassar,Mallorca,68.08,72.63,58.88,A
2017-M10,2017,10,mensual,07052,Sant Lluís,Menorca,39.76,49.11,49.29,A
2017-M10,2017,10,mensual,07054,Santa Eulària des Riu,Eivissa,66.78,67.31,65.6,A
2017-M10,2017,10,mensual,07055,Santa Margalida,Mallorca,71.77,73.68,70.33,A
2017-M10,2017,10,mensual,07057,Santanyí,Mallorca,75.46,70.71,70.0,A
2017-M10,2017,10,mensual,07059,Ses Salines,Mallorca,61.72,64.6,58.29,A
2017-M10,2017,10,mensual,07061,Sóller,Mallorca,69.58,71.24,73.33,A
2017-M10,2017,10,mensual,07062,Son Servera,Mallorca,55.98,61.05,57.1,A
2017-M11,2017,11,mensual,07002,Alaior,Menorca,0.0,0.0,0.0,A
2017-M11,2017,11,mensual,07003,Alcúdia,Mallorca,,,,U
2017-M11,2017,11,mensual,07005,Andratx,Mallorca,,,,U
2017-M11,2017,11,mensual,07011,Calvià,Mallorca,42.69,63.01,42.27,A
2017-M11,2017,11,mensual,07014,Capdepera,Mallorca,,,,U
2017-M11,2017,11,mensual,07015,Ciutadella de Menorca,Menorca,,,,U
2017-M11,2017,11,mensual,07022,Felanitx,Mallorca,,,,U
2017-M11,2017,11,mensual,07024,Formentera,Formentera,,,,U
2017-M11,2017,11,mensual,07026,Eivissa,Eivissa,44.6,52.48,49.64,A
2017-M11,2017,11,mensual,07031,Llucmajor,Mallorca,,,,U
2017-M11,2017,11,mensual,07032,Maó,Menorca,,,,U
2017-M11,2017,11,mensual,07033,Manacor,Mallorca,,,,U
2017-M11,2017,11,mensual,07039,Muro,Mallorca,0.0,0.0,0.0,A
2017-M11,2017,11,mensual,07040,Palma,Mallorca,53.13,64.67,58.49,A
2017-M11,2017,11,mensual,07042,Pollença,Mallorca,,,,U
2017-M11,2017,11,mensual,07046,Sant Antoni de Portmany,Eivissa,,,,U
2017-M11,2017,11,mensual,07048,Sant Josep de sa Talaia,Eivissa,,,,U
2017-M11,2017,11,mensual,07050,Sant Joan de Labritja,Eivissa,,,,U
2017-M11,2017,11,mensual,07051,Sant Llorenç des Cardassar,Mallorca,,,,U
2017-M11,2017,11,mensual,07052,Sant Lluís,Menorca,0.0,0.0,0.0,A
2017-M11,2017,11,mensual,07054,Santa Eulària des Riu,Eivissa,,,,U
2017-M11,2017,11,mensual,07055,Santa Margalida,Mallorca,,,,U
2017-M11,2017,11,mensual,07057,Santanyí,Mallorca,,,,U
2017-M11,2017,11,mensual,07059,Ses Salines,Mallorca,0.0,0.0,0.0,A
2017-M11,2017,11,mensual,07061,Sóller,Mallorca,,,,U
2017-M11,2017,11,mensual,07062,Son Servera,Mallorca,,,,U
2017-M12,2017,12,mensual,07002,Alaior,Menorca,0.0,0.0,0.0,A
2017-M12,2017,12,mensual,07003,Alcúdia,Mallorca,,,,U
2017-M12,2017,12,mensual,07005,Andratx,Mallorca,,,,U
2017-M12,2017,12,mensual,07011,Calvià,Mallorca,21.73,34.96,28.41,A
2017-M12,2017,12,mensual,07014,Capdepera,Mallorca,,,,U
2017-M12,2017,12,mensual,07015,Ciutadella de Menorca,Menorca,,,,U
2017-M12,2017,12,mensual,07022,Felanitx,Mallorca,,,,U
2017-M12,2017,12,mensual,07024,Formentera,Formentera,,,,U
2017-M12,2017,12,mensual,07026,Eivissa,Eivissa,39.66,46.51,41.05,A
2017-M12,2017,12,mensual,07031,Llucmajor,Mallorca,,,,U
2017-M12,2017,12,mensual,07032,Maó,Menorca,,,,U
2017-M12,2017,12,mensual,07033,Manacor,Mallorca,,,,U
2017-M12,2017,12,mensual,07039,Muro,Mallorca,,,,U
2017-M12,2017,12,mensual,07040,Palma,Mallorca,44.88,51.23,48.82,A
2017-M12,2017,12,mensual,07042,Pollença,Mallorca,,,,U
2017-M12,2017,12,mensual,07046,Sant Antoni de Portmany,Eivissa,,,,U
2017-M12,2017,12,mensual,07048,Sant Josep de sa Talaia,Eivissa,,,,U
2017-M12,2017,12,mensual,07050,Sant Joan de Labritja,Eivissa,,,,U
2017-M12,2017,12,mensual,07051,Sant Llorenç des Cardassar,Mallorca,,,,U
2017-M12,2017,12,mensual,07052,Sant Lluís,Menorca,0.0,0.0,0.0,A
2017-M12,2017,12,mensual,07054,Santa Eulària des Riu,Eivissa,,,,U
2017-M12,2017,12,mensual,07055,Santa Margalida,Mallorca,,,,U
2017-M12,2017,12,mensual,07057,Santanyí,Mallorca,,,,U
2017-M12,2017,12,mensual,07059,Ses Salines,Mallorca,0.0,0.0,0.0,A
2017-M12,2017,12,mensual,07061,Sóller,Mallorca,,,,U
2017-M12,2017,12,mensual,07062,Son Servera,Mallorca,,,,U
2018,2018,,anual,07002,Alaior,Menorca,75.05,74.81,75.72,A
2018,2018,,anual,07003,Alcúdia,Mallorca,76.97,83.63,76.51,A
2018,2018,,anual,07005,Andratx,Mallorca,70.52,72.77,72.67,A
2018,2018,,anual,07011,Calvià,Mallorca,76.5,80.14,77.81,A
2018,2018,,anual,07014,Capdepera,Mallorca,72.75,78.12,70.72,A
2018,2018,,anual,07015,Ciutadella de Menorca,Menorca,71.94,77.03,71.17,A
2018,2018,,anual,07022,Felanitx,Mallorca,,,,U
2018,2018,,anual,07024,Formentera,Formentera,73.95,74.82,75.36,A
2018,2018,,anual,07026,Eivissa,Eivissa,75.27,80.08,79.19,A
2018,2018,,anual,07031,Llucmajor,Mallorca,82.54,83.49,88.31,A
2018,2018,,anual,07032,Maó,Menorca,,,,U
2018,2018,,anual,07033,Manacor,Mallorca,80.57,78.31,77.35,A
2018,2018,,anual,07039,Muro,Mallorca,82.74,83.66,82.96,A
2018,2018,,anual,07040,Palma,Mallorca,75.65,80.52,79.72,A
2018,2018,,anual,07042,Pollença,Mallorca,76.8,83.38,76.28,A
2018,2018,,anual,07046,Sant Antoni de Portmany,Eivissa,81.92,79.99,78.62,A
2018,2018,,anual,07048,Sant Josep de sa Talaia,Eivissa,76.22,77.69,78.01,A
2018,2018,,anual,07050,Sant Joan de Labritja,Eivissa,75.94,81.13,79.45,A
2018,2018,,anual,07051,Sant Llorenç des Cardassar,Mallorca,76.17,80.37,73.86,A
2018,2018,,anual,07052,Sant Lluís,Menorca,67.58,79.38,65.75,A
2018,2018,,anual,07054,Santa Eulària des Riu,Eivissa,83.47,84.36,82.35,A
2018,2018,,anual,07055,Santa Margalida,Mallorca,83.34,85.35,79.38,A
2018,2018,,anual,07057,Santanyí,Mallorca,73.82,81.19,75.67,A
2018,2018,,anual,07059,Ses Salines,Mallorca,76.6,78.53,76.67,A
2018,2018,,anual,07061,Sóller,Mallorca,81.93,82.21,84.75,A
2018,2018,,anual,07062,Son Servera,Mallorca,68.46,73.45,69.56,A
2018-M01,2018,1,mensual,07002,Alaior,Menorca,0.0,0.0,0.0,A
2018-M01,2018,1,mensual,07003,Alcúdia,Mallorca,,,,U
2018-M01,2018,1,mensual,07005,Andratx,Mallorca,,,,U
2018-M01,2018,1,mensual,07011,Calvià,Mallorca,20.66,35.9,17.64,A
2018-M01,2018,1,mensual,07014,Capdepera,Mallorca,,,,U
2018-M01,2018,1,mensual,07015,Ciutadella de Menorca,Menorca,,,,U
2018-M01,2018,1,mensual,07022,Felanitx,Mallorca,,,,U
2018-M01,2018,1,mensual,07024,Formentera,Formentera,,,,U
2018-M01,2018,1,mensual,07026,Eivissa,Eivissa,38.23,48.59,42.53,A
2018-M01,2018,1,mensual,07031,Llucmajor,Mallorca,,,,U
2018-M01,2018,1,mensual,07032,Maó,Menorca,,,,U
2018-M01,2018,1,mensual,07033,Manacor,Mallorca,,,,U
2018-M01,2018,1,mensual,07039,Muro,Mallorca,,,,U
2018-M01,2018,1,mensual,07040,Palma,Mallorca,47.34,55.66,50.66,A
2018-M01,2018,1,mensual,07042,Pollença,Mallorca,,,,U
2018-M01,2018,1,mensual,07046,Sant Antoni de Portmany,Eivissa,,,,U
2018-M01,2018,1,mensual,07048,Sant Josep de sa Talaia,Eivissa,,,,U
2018-M01,2018,1,mensual,07050,Sant Joan de Labritja,Eivissa,,,,U
2018-M01,2018,1,mensual,07051,Sant Llorenç des Cardassar,Mallorca,,,,U
2018-M01,2018,1,mensual,07052,Sant Lluís,Menorca,0.0,0.0,0.0,A
2018-M01,2018,1,mensual,07054,Santa Eulària des Riu,Eivissa,,,,U
2018-M01,2018,1,mensual,07055,Santa Margalida,Mallorca,,,,U
2018-M01,2018,1,mensual,07057,Santanyí,Mallorca,,,,U
2018-M01,2018,1,mensual,07059,Ses Salines,Mallorca,0.0,0.0,0.0,A
2018-M01,2018,1,mensual,07061,Sóller,Mallorca,,,,U
2018-M01,2018,1,mensual,07062,Son Servera,Mallorca,,,,U
2018-M02,2018,2,mensual,07002,Alaior,Menorca,0.0,0.0,0.0,A
2018-M02,2018,2,mensual,07003,Alcúdia,Mallorca,,,,U
2018-M02,2018,2,mensual,07005,Andratx,Mallorca,,,,U
2018-M02,2018,2,mensual,07011,Calvià,Mallorca,52.34,65.42,55.34,A
2018-M02,2018,2,mensual,07014,Capdepera,Mallorca,,,,U
2018-M02,2018,2,mensual,07015,Ciutadella de Menorca,Menorca,,,,U
2018-M02,2018,2,mensual,07022,Felanitx,Mallorca,,,,U
2018-M02,2018,2,mensual,07024,Formentera,Formentera,,,,U
2018-M02,2018,2,mensual,07026,Eivissa,Eivissa,40.81,50.7,49.95,A
2018-M02,2018,2,mensual,07031,Llucmajor,Mallorca,,,,U
2018-M02,2018,2,mensual,07032,Maó,Menorca,,,,U
2018-M02,2018,2,mensual,07033,Manacor,Mallorca,,,,U
2018-M02,2018,2,mensual,07039,Muro,Mallorca,,,,U
2018-M02,2018,2,mensual,07040,Palma,Mallorca,54.51,63.01,53.8,A
2018-M02,2018,2,mensual,07042,Pollença,Mallorca,,,,U
2018-M02,2018,2,mensual,07046,Sant Antoni de Portmany,Eivissa,,,,U
2018-M02,2018,2,mensual,07048,Sant Josep de sa Talaia,Eivissa,,,,U
2018-M02,2018,2,mensual,07050,Sant Joan de Labritja,Eivissa,,,,U
2018-M02,2018,2,mensual,07051,Sant Llorenç des Cardassar,Mallorca,,,,U
2018-M02,2018,2,mensual,07052,Sant Lluís,Menorca,0.0,0.0,0.0,A
2018-M02,2018,2,mensual,07054,Santa Eulària des Riu,Eivissa,,,,U
2018-M02,2018,2,mensual,07055,Santa Margalida,Mallorca,,,,U
2018-M02,2018,2,mensual,07057,Santanyí,Mallorca,,,,U
2018-M02,2018,2,mensual,07059,Ses Salines,Mallorca,,,,U
2018-M02,2018,2,mensual,07061,Sóller,Mallorca,,,,U
2018-M02,2018,2,mensual,07062,Son Servera,Mallorca,,,,U
2018-M03,2018,3,mensual,07002,Alaior,Menorca,0.0,0.0,0.0,A
2018-M03,2018,3,mensual,07003,Alcúdia,Mallorca,48.2,63.49,48.08,A
2018-M03,2018,3,mensual,07005,Andratx,Mallorca,,,,U
2018-M03,2018,3,mensual,07011,Calvià,Mallorca,59.72,68.22,61.74,A
2018-M03,2018,3,mensual,07014,Capdepera,Mallorca,51.9,58.11,44.79,A
2018-M03,2018,3,mensual,07015,Ciutadella de Menorca,Menorca,,,,U
2018-M03,2018,3,mensual,07022,Felanitx,Mallorca,,,,U
2018-M03,2018,3,mensual,07024,Formentera,Formentera,,,,U
2018-M03,2018,3,mensual,07026,Eivissa,Eivissa,59.48,66.8,65.09,A
2018-M03,2018,3,mensual,07031,Llucmajor,Mallorca,,,,U
2018-M03,2018,3,mensual,07032,Maó,Menorca,,,,U
2018-M03,2018,3,mensual,07033,Manacor,Mallorca,,,,U
2018-M03,2018,3,mensual,07039,Muro,Mallorca,,,,U
2018-M03,2018,3,mensual,07040,Palma,Mallorca,56.96,65.89,59.25,A
2018-M03,2018,3,mensual,07042,Pollença,Mallorca,47.02,65.88,39.88,A
2018-M03,2018,3,mensual,07046,Sant Antoni de Portmany,Eivissa,,,,U
2018-M03,2018,3,mensual,07048,Sant Josep de sa Talaia,Eivissa,,,,U
2018-M03,2018,3,mensual,07050,Sant Joan de Labritja,Eivissa,,,,U
2018-M03,2018,3,mensual,07051,Sant Llorenç des Cardassar,Mallorca,48.94,54.82,49.19,A
2018-M03,2018,3,mensual,07052,Sant Lluís,Menorca,0.0,0.0,0.0,A
2018-M03,2018,3,mensual,07054,Santa Eulària des Riu,Eivissa,,,,U
2018-M03,2018,3,mensual,07055,Santa Margalida,Mallorca,,,,U
2018-M03,2018,3,mensual,07057,Santanyí,Mallorca,,,,U
2018-M03,2018,3,mensual,07059,Ses Salines,Mallorca,,,,U
2018-M03,2018,3,mensual,07061,Sóller,Mallorca,67.82,72.6,70.03,A
2018-M03,2018,3,mensual,07062,Son Servera,Mallorca,,,,U
2018-M04,2018,4,mensual,07002,Alaior,Menorca,,,,U
2018-M04,2018,4,mensual,07003,Alcúdia,Mallorca,59.5,75.81,61.37,A
2018-M04,2018,4,mensual,07005,Andratx,Mallorca,57.7,61.18,55.02,A
2018-M04,2018,4,mensual,07011,Calvià,Mallorca,61.52,70.4,66.14,A
2018-M04,2018,4,mensual,07014,Capdepera,Mallorca,52.45,60.44,46.64,A
2018-M04,2018,4,mensual,07015,Ciutadella de Menorca,Menorca,31.2,37.21,31.55,A
2018-M04,2018,4,mensual,07022,Felanitx,Mallorca,,,,U
2018-M04,2018,4,mensual,07024,Formentera,Formentera,,,,U
2018-M04,2018,4,mensual,07026,Eivissa,Eivissa,58.98,65.97,67.52,A
2018-M04,2018,4,mensual,07031,Llucmajor,Mallorca,76.79,75.1,81.58,A
2018-M04,2018,4,mensual,07032,Maó,Menorca,,,,U
2018-M04,2018,4,mensual,07033,Manacor,Mallorca,,,,U
2018-M04,2018,4,mensual,07039,Muro,Mallorca,69.57,71.47,68.34,A
2018-M04,2018,4,mensual,07040,Palma,Mallorca,73.72,80.42,76.04,A
2018-M04,2018,4,mensual,07042,Pollença,Mallorca,64.71,72.83,51.93,A
2018-M04,2018,4,mensual,07046,Sant Antoni de Portmany,Eivissa,,,,U
2018-M04,2018,4,mensual,07048,Sant Josep de sa Talaia,Eivissa,,,,U
2018-M04,2018,4,mensual,07050,Sant Joan de Labritja,Eivissa,,,,U
2018-M04,2018,4,mensual,07051,Sant Llorenç des Cardassar,Mallorca,59.19,69.78,59.93,A
2018-M04,2018,4,mensual,07052,Sant Lluís,Menorca,,,,U
2018-M04,2018,4,mensual,07054,Santa Eulària des Riu,Eivissa,,,,U
2018-M04,2018,4,mensual,07055,Santa Margalida,Mallorca,70.12,75.2,67.2,A
2018-M04,2018,4,mensual,07057,Santanyí,Mallorca,52.61,59.95,56.36,A
2018-M04,2018,4,mensual,07059,Ses Salines,Mallorca,67.07,69.16,64.13,A
2018-M04,2018,4,mensual,07061,Sóller,Mallorca,66.68,68.03,70.2,A
2018-M04,2018,4,mensual,07062,Son Servera,Mallorca,44.39,51.83,47.05,A
2018-M05,2018,5,mensual,07002,Alaior,Menorca,,,,U
2018-M05,2018,5,mensual,07003,Alcúdia,Mallorca,72.7,77.75,71.67,A
2018-M05,2018,5,mensual,07005,Andratx,Mallorca,59.63,62.76,61.46,A
2018-M05,2018,5,mensual,07011,Calvià,Mallorca,69.22,72.96,69.8,A
2018-M05,2018,5,mensual,07014,Capdepera,Mallorca,56.76,69.26,53.73,A
2018-M05,2018,5,mensual,07015,Ciutadella de Menorca,Menorca,56.85,59.46,61.63,A
2018-M05,2018,5,mensual,07022,Felanitx,Mallorca,,,,U
2018-M05,2018,5,mensual,07024,Formentera,Formentera,48.6,52.51,55.82,A
2018-M05,2018,5,mensual,07026,Eivissa,Eivissa,69.88,76.94,71.58,A
2018-M05,2018,5,mensual,07031,Llucmajor,Mallorca,77.21,75.22,89.55,A
2018-M05,2018,5,mensual,07032,Maó,Menorca,,,,U
2018-M05,2018,5,mensual,07033,Manacor,Mallorca,71.7,68.33,79.6,A
2018-M05,2018,5,mensual,07039,Muro,Mallorca,78.77,83.03,75.32,A
2018-M05,2018,5,mensual,07040,Palma,Mallorca,77.48,82.53,83.22,A
2018-M05,2018,5,mensual,07042,Pollença,Mallorca,76.48,81.92,76.84,A
2018-M05,2018,5,mensual,07046,Sant Antoni de Portmany,Eivissa,67.95,67.83,67.04,A
2018-M05,2018,5,mensual,07048,Sant Josep de sa Talaia,Eivissa,68.54,68.49,64.06,A
2018-M05,2018,5,mensual,07050,Sant Joan de Labritja,Eivissa,54.36,63.1,66.15,A
2018-M05,2018,5,mensual,07051,Sant Llorenç des Cardassar,Mallorca,66.52,71.85,65.0,A
2018-M05,2018,5,mensual,07052,Sant Lluís,Menorca,49.26,58.85,33.38,A
2018-M05,2018,5,mensual,07054,Santa Eulària des Riu,Eivissa,71.71,76.49,70.21,A
2018-M05,2018,5,mensual,07055,Santa Margalida,Mallorca,68.98,74.01,65.02,A
2018-M05,2018,5,mensual,07057,Santanyí,Mallorca,67.23,74.78,67.47,A
2018-M05,2018,5,mensual,07059,Ses Salines,Mallorca,67.93,69.59,61.09,A
2018-M05,2018,5,mensual,07061,Sóller,Mallorca,86.1,88.41,93.03,A
2018-M05,2018,5,mensual,07062,Son Servera,Mallorca,63.27,71.34,62.49,A
2018-M06,2018,6,mensual,07002,Alaior,Menorca,83.27,87.19,93.37,A
2018-M06,2018,6,mensual,07003,Alcúdia,Mallorca,86.59,90.09,85.61,A
2018-M06,2018,6,mensual,07005,Andratx,Mallorca,77.75,81.65,80.0,A
2018-M06,2018,6,mensual,07011,Calvià,Mallorca,82.34,85.38,84.19,A
2018-M06,2018,6,mensual,07014,Capdepera,Mallorca,75.87,81.82,77.24,A
2018-M06,2018,6,mensual,07015,Ciutadella de Menorca,Menorca,81.36,88.14,79.61,A
2018-M06,2018,6,mensual,07022,Felanitx,Mallorca,,,,U
2018-M06,2018,6,mensual,07024,Formentera,Formentera,83.69,88.13,83.18,A
2018-M06,2018,6,mensual,07026,Eivissa,Eivissa,80.55,86.23,87.82,A
2018-M06,2018,6,mensual,07031,Llucmajor,Mallorca,92.08,87.08,92.25,A
2018-M06,2018,6,mensual,07032,Maó,Menorca,,,,U
2018-M06,2018,6,mensual,07033,Manacor,Mallorca,85.49,89.3,84.48,A
2018-M06,2018,6,mensual,07039,Muro,Mallorca,84.93,87.44,87.98,A
2018-M06,2018,6,mensual,07040,Palma,Mallorca,87.33,89.71,90.29,A
2018-M06,2018,6,mensual,07042,Pollença,Mallorca,87.66,92.91,84.91,A
2018-M06,2018,6,mensual,07046,Sant Antoni de Portmany,Eivissa,85.57,85.81,79.89,A
2018-M06,2018,6,mensual,07048,Sant Josep de sa Talaia,Eivissa,77.98,79.85,81.63,A
2018-M06,2018,6,mensual,07050,Sant Joan de Labritja,Eivissa,77.92,88.46,86.07,A
2018-M06,2018,6,mensual,07051,Sant Llorenç des Cardassar,Mallorca,84.15,88.98,77.96,A
2018-M06,2018,6,mensual,07052,Sant Lluís,Menorca,75.39,87.29,77.82,A
2018-M06,2018,6,mensual,07054,Santa Eulària des Riu,Eivissa,86.61,89.1,89.51,A
2018-M06,2018,6,mensual,07055,Santa Margalida,Mallorca,89.08,91.77,82.93,A
2018-M06,2018,6,mensual,07057,Santanyí,Mallorca,79.02,84.21,78.93,A
2018-M06,2018,6,mensual,07059,Ses Salines,Mallorca,82.3,84.29,83.18,A
2018-M06,2018,6,mensual,07061,Sóller,Mallorca,89.31,93.42,88.15,A
2018-M06,2018,6,mensual,07062,Son Servera,Mallorca,73.94,80.61,77.2,A
2018-M07,2018,7,mensual,07002,Alaior,Menorca,93.25,89.72,94.35,A
2018-M07,2018,7,mensual,07003,Alcúdia,Mallorca,90.9,94.2,88.35,A
2018-M07,2018,7,mensual,07005,Andratx,Mallorca,87.58,84.6,81.69,A
2018-M07,2018,7,mensual,07011,Calvià,Mallorca,90.16,89.06,90.79,A
2018-M07,2018,7,mensual,07014,Capdepera,Mallorca,91.01,89.43,88.5,A
2018-M07,2018,7,mensual,07015,Ciutadella de Menorca,Menorca,89.31,88.18,84.59,A
2018-M07,2018,7,mensual,07022,Felanitx,Mallorca,,,,U
2018-M07,2018,7,mensual,07024,Formentera,Formentera,86.96,84.43,86.98,A
2018-M07,2018,7,mensual,07026,Eivissa,Eivissa,85.01,88.74,88.25,A
2018-M07,2018,7,mensual,07031,Llucmajor,Mallorca,91.04,91.03,90.55,A
2018-M07,2018,7,mensual,07032,Maó,Menorca,,,,U
2018-M07,2018,7,mensual,07033,Manacor,Mallorca,94.34,90.32,93.73,A
2018-M07,2018,7,mensual,07039,Muro,Mallorca,93.85,89.54,94.01,A
2018-M07,2018,7,mensual,07040,Palma,Mallorca,91.11,91.69,92.46,A
2018-M07,2018,7,mensual,07042,Pollença,Mallorca,87.6,91.53,90.07,A
2018-M07,2018,7,mensual,07046,Sant Antoni de Portmany,Eivissa,85.06,82.33,83.65,A
2018-M07,2018,7,mensual,07048,Sant Josep de sa Talaia,Eivissa,86.71,85.15,85.96,A
2018-M07,2018,7,mensual,07050,Sant Joan de Labritja,Eivissa,84.11,87.01,79.38,A
2018-M07,2018,7,mensual,07051,Sant Llorenç des Cardassar,Mallorca,91.68,92.77,90.3,A
2018-M07,2018,7,mensual,07052,Sant Lluís,Menorca,78.57,87.23,79.5,A
2018-M07,2018,7,mensual,07054,Santa Eulària des Riu,Eivissa,89.04,88.5,89.15,A
2018-M07,2018,7,mensual,07055,Santa Margalida,Mallorca,95.69,95.1,92.21,A
2018-M07,2018,7,mensual,07057,Santanyí,Mallorca,83.98,90.84,87.84,A
2018-M07,2018,7,mensual,07059,Ses Salines,Mallorca,89.83,89.24,89.28,A
2018-M07,2018,7,mensual,07061,Sóller,Mallorca,90.75,84.86,96.51,A
2018-M07,2018,7,mensual,07062,Son Servera,Mallorca,74.17,74.95,73.68,A
2018-M08,2018,8,mensual,07002,Alaior,Menorca,95.02,91.12,94.44,A
2018-M08,2018,8,mensual,07003,Alcúdia,Mallorca,85.12,91.79,85.86,A
2018-M08,2018,8,mensual,07005,Andratx,Mallorca,83.27,84.65,88.38,A
2018-M08,2018,8,mensual,07011,Calvià,Mallorca,90.37,89.64,89.19,A
2018-M08,2018,8,mensual,07014,Capdepera,Mallorca,90.47,92.02,90.22,A
2018-M08,2018,8,mensual,07015,Ciutadella de Menorca,Menorca,88.69,91.63,86.66,A
2018-M08,2018,8,mensual,07022,Felanitx,Mallorca,,,,U
2018-M08,2018,8,mensual,07024,Formentera,Formentera,92.46,90.39,87.09,A
2018-M08,2018,8,mensual,07026,Eivissa,Eivissa,88.57,89.82,89.36,A
2018-M08,2018,8,mensual,07031,Llucmajor,Mallorca,95.41,91.17,92.64,A
2018-M08,2018,8,mensual,07032,Maó,Menorca,,,,U
2018-M08,2018,8,mensual,07033,Manacor,Mallorca,97.71,92.73,92.59,A
2018-M08,2018,8,mensual,07039,Muro,Mallorca,92.77,93.33,95.73,A
2018-M08,2018,8,mensual,07040,Palma,Mallorca,90.32,91.39,92.49,A
2018-M08,2018,8,mensual,07042,Pollença,Mallorca,87.85,90.31,89.28,A
2018-M08,2018,8,mensual,07046,Sant Antoni de Portmany,Eivissa,97.2,91.38,91.39,A
2018-M08,2018,8,mensual,07048,Sant Josep de sa Talaia,Eivissa,82.61,86.53,89.87,A
2018-M08,2018,8,mensual,07050,Sant Joan de Labritja,Eivissa,91.24,93.51,88.64,A
2018-M08,2018,8,mensual,07051,Sant Llorenç des Cardassar,Mallorca,90.82,90.61,87.42,A
2018-M08,2018,8,mensual,07052,Sant Lluís,Menorca,80.83,92.58,80.39,A
2018-M08,2018,8,mensual,07054,Santa Eulària des Riu,Eivissa,93.92,91.05,91.48,A
2018-M08,2018,8,mensual,07055,Santa Margalida,Mallorca,98.04,96.03,93.32,A
2018-M08,2018,8,mensual,07057,Santanyí,Mallorca,84.95,91.98,86.43,A
2018-M08,2018,8,mensual,07059,Ses Salines,Mallorca,86.09,91.25,88.03,A
2018-M08,2018,8,mensual,07061,Sóller,Mallorca,92.44,90.05,95.92,A
2018-M08,2018,8,mensual,07062,Son Servera,Mallorca,75.14,74.96,74.89,A
2018-M09,2018,9,mensual,07002,Alaior,Menorca,79.74,79.86,81.26,A
2018-M09,2018,9,mensual,07003,Alcúdia,Mallorca,84.29,92.64,83.95,A
2018-M09,2018,9,mensual,07005,Andratx,Mallorca,82.67,87.35,90.04,A
2018-M09,2018,9,mensual,07011,Calvià,Mallorca,83.48,87.51,85.67,A
2018-M09,2018,9,mensual,07014,Capdepera,Mallorca,80.79,88.61,76.18,A
2018-M09,2018,9,mensual,07015,Ciutadella de Menorca,Menorca,80.08,89.49,80.56,A
2018-M09,2018,9,mensual,07022,Felanitx,Mallorca,,,,U
2018-M09,2018,9,mensual,07024,Formentera,Formentera,82.77,86.0,81.37,A
2018-M09,2018,9,mensual,07026,Eivissa,Eivissa,82.74,85.57,84.85,A
2018-M09,2018,9,mensual,07031,Llucmajor,Mallorca,89.17,89.89,92.31,A
2018-M09,2018,9,mensual,07032,Maó,Menorca,,,,U
2018-M09,2018,9,mensual,07033,Manacor,Mallorca,92.26,91.37,74.37,A
2018-M09,2018,9,mensual,07039,Muro,Mallorca,86.47,89.55,84.89,A
2018-M09,2018,9,mensual,07040,Palma,Mallorca,84.65,89.82,89.51,A
2018-M09,2018,9,mensual,07042,Pollença,Mallorca,83.21,90.75,85.66,A
2018-M09,2018,9,mensual,07046,Sant Antoni de Portmany,Eivissa,89.28,89.16,87.95,A
2018-M09,2018,9,mensual,07048,Sant Josep de sa Talaia,Eivissa,77.74,79.6,80.38,A
2018-M09,2018,9,mensual,07050,Sant Joan de Labritja,Eivissa,77.24,87.0,86.12,A
2018-M09,2018,9,mensual,07051,Sant Llorenç des Cardassar,Mallorca,78.68,86.69,78.09,A
2018-M09,2018,9,mensual,07052,Sant Lluís,Menorca,74.43,91.08,71.64,A
2018-M09,2018,9,mensual,07054,Santa Eulària des Riu,Eivissa,87.45,89.0,82.95,A
2018-M09,2018,9,mensual,07055,Santa Margalida,Mallorca,91.34,93.92,85.09,A
2018-M09,2018,9,mensual,07057,Santanyí,Mallorca,77.69,88.14,82.04,A
2018-M09,2018,9,mensual,07059,Ses Salines,Mallorca,85.5,90.32,86.98,A
2018-M09,2018,9,mensual,07061,Sóller,Mallorca,88.2,89.42,88.55,A
2018-M09,2018,9,mensual,07062,Son Servera,Mallorca,68.57,77.2,67.41,A
2018-M10,2018,10,mensual,07002,Alaior,Menorca,,,,U
2018-M10,2018,10,mensual,07003,Alcúdia,Mallorca,65.23,70.26,67.18,A
2018-M10,2018,10,mensual,07005,Andratx,Mallorca,58.89,60.41,65.34,A
2018-M10,2018,10,mensual,07011,Calvià,Mallorca,65.99,69.14,67.72,A
2018-M10,2018,10,mensual,07014,Capdepera,Mallorca,64.5,68.7,62.94,A
2018-M10,2018,10,mensual,07015,Ciutadella de Menorca,Menorca,52.67,57.08,53.04,A
2018-M10,2018,10,mensual,07022,Felanitx,Mallorca,,,,U
2018-M10,2018,10,mensual,07024,Formentera,Formentera,43.26,43.46,56.47,A
2018-M10,2018,10,mensual,07026,Eivissa,Eivissa,63.89,70.98,69.6,A
2018-M10,2018,10,mensual,07031,Llucmajor,Mallorca,69.99,78.07,94.02,A
2018-M10,2018,10,mensual,07032,Maó,Menorca,,,,U
2018-M10,2018,10,mensual,07033,Manacor,Mallorca,53.72,46.65,52.72,A
2018-M10,2018,10,mensual,07039,Muro,Mallorca,72.69,71.79,71.09,A
2018-M10,2018,10,mensual,07040,Palma,Mallorca,67.03,73.04,75.41,A
2018-M10,2018,10,mensual,07042,Pollença,Mallorca,64.5,72.81,68.79,A
2018-M10,2018,10,mensual,07046,Sant Antoni de Portmany,Eivissa,75.24,70.11,66.83,A
2018-M10,2018,10,mensual,07048,Sant Josep de sa Talaia,Eivissa,62.16,61.93,64.38,A
2018-M10,2018,10,mensual,07050,Sant Joan de Labritja,Eivissa,65.87,60.39,65.72,A
2018-M10,2018,10,mensual,07051,Sant Llorenç des Cardassar,Mallorca,61.76,66.01,58.62,A
2018-M10,2018,10,mensual,07052,Sant Lluís,Menorca,,,,U
2018-M10,2018,10,mensual,07054,Santa Eulària des Riu,Eivissa,74.27,72.45,71.91,A
2018-M10,2018,10,mensual,07055,Santa Margalida,Mallorca,72.01,73.54,71.29,A
2018-M10,2018,10,mensual,07057,Santanyí,Mallorca,64.06,70.58,64.24,A
2018-M10,2018,10,mensual,07059,Ses Salines,Mallorca,68.11,68.63,79.52,A
2018-M10,2018,10,mensual,07061,Sóller,Mallorca,83.1,81.24,87.0,A
2018-M10,2018,10,mensual,07062,Son Servera,Mallorca,66.9,76.11,70.43,A
2018-M11,2018,11,mensual,07002,Alaior,Menorca,0.0,0.0,0.0,A
2018-M11,2018,11,mensual,07003,Alcúdia,Mallorca,,,,U
2018-M11,2018,11,mensual,07005,Andratx,Mallorca,,,,U
2018-M11,2018,11,mensual,07011,Calvià,Mallorca,41.32,55.16,42.59,A
2018-M11,2018,11,mensual,07014,Capdepera,Mallorca,,,,U
2018-M11,2018,11,mensual,07015,Ciutadella de Menorca,Menorca,,,,U
2018-M11,2018,11,mensual,07022,Felanitx,Mallorca,,,,U
2018-M11,2018,11,mensual,07024,Formentera,Formentera,,,,U
2018-M11,2018,11,mensual,07026,Eivissa,Eivissa,39.73,52.83,46.1,A
2018-M11,2018,11,mensual,07031,Llucmajor,Mallorca,,,,U
2018-M11,2018,11,mensual,07032,Maó,Menorca,,,,U
2018-M11,2018,11,mensual,07033,Manacor,Mallorca,,,,U
2018-M11,2018,11,mensual,07039,Muro,Mallorca,,,,U
2018-M11,2018,11,mensual,07040,Palma,Mallorca,47.06,59.35,52.72,A
2018-M11,2018,11,mensual,07042,Pollença,Mallorca,,,,U
2018-M11,2018,11,mensual,07046,Sant Antoni de Portmany,Eivissa,,,,U
2018-M11,2018,11,mensual,07048,Sant Josep de sa Talaia,Eivissa,,,,U
2018-M11,2018,11,mensual,07050,Sant Joan de Labritja,Eivissa,,,,U
2018-M11,2018,11,mensual,07051,Sant Llorenç des Cardassar,Mallorca,,,,U
2018-M11,2018,11,mensual,07052,Sant Lluís,Menorca,0.0,0.0,0.0,A
2018-M11,2018,11,mensual,07054,Santa Eulària des Riu,Eivissa,,,,U
2018-M11,2018,11,mensual,07055,Santa Margalida,Mallorca,,,,U
2018-M11,2018,11,mensual,07057,Santanyí,Mallorca,,,,U
2018-M11,2018,11,mensual,07059,Ses Salines,Mallorca,0.0,0.0,0.0,A
2018-M11,2018,11,mensual,07061,Sóller,Mallorca,,,,U
2018-M11,2018,11,mensual,07062,Son Servera,Mallorca,,,,U
2018-M12,2018,12,mensual,07002,Alaior,Menorca,0.0,0.0,0.0,A
2018-M12,2018,12,mensual,07003,Alcúdia,Mallorca,,,,U
2018-M12,2018,12,mensual,07005,Andratx,Mallorca,,,,U
2018-M12,2018,12,mensual,07011,Calvià,Mallorca,29.05,43.68,33.07,A
2018-M12,2018,12,mensual,07014,Capdepera,Mallorca,,,,U
2018-M12,2018,12,mensual,07015,Ciutadella de Menorca,Menorca,,,,U
2018-M12,2018,12,mensual,07022,Felanitx,Mallorca,,,,U
2018-M12,2018,12,mensual,07024,Formentera,Formentera,,,,U
2018-M12,2018,12,mensual,07026,Eivissa,Eivissa,34.95,41.37,45.54,A
2018-M12,2018,12,mensual,07031,Llucmajor,Mallorca,,,,U
2018-M12,2018,12,mensual,07032,Maó,Menorca,,,,U
2018-M12,2018,12,mensual,07033,Manacor,Mallorca,,,,U
2018-M12,2018,12,mensual,07039,Muro,Mallorca,,,,U
2018-M12,2018,12,mensual,07040,Palma,Mallorca,46.1,52.27,59.88,A
2018-M12,2018,12,mensual,07042,Pollença,Mallorca,,,,U
2018-M12,2018,12,mensual,07046,Sant Antoni de Portmany,Eivissa,,,,U
2018-M12,2018,12,mensual,07048,Sant Josep de sa Talaia,Eivissa,,,,U
2018-M12,2018,12,mensual,07050,Sant Joan de Labritja,Eivissa,,,,U
2018-M12,2018,12,mensual,07051,Sant Llorenç des Cardassar,Mallorca,,,,U
2018-M12,2018,12,mensual,07052,Sant Lluís,Menorca,0.0,0.0,0.0,A
2018-M12,2018,12,mensual,07054,Santa Eulària des Riu,Eivissa,,,,U
2018-M12,2018,12,mensual,07055,Santa Margalida,Mallorca,,,,U
2018-M12,2018,12,mensual,07057,Santanyí,Mallorca,,,,U
2018-M12,2018,12,mensual,07059,Ses Salines,Mallorca,0.0,0.0,0.0,A
2018-M12,2018,12,mensual,07061,Sóller,Mallorca,,,,U
2018-M12,2018,12,mensual,07062,Son Servera,Mallorca,,,,U
2019,2019,,anual,07002,Alaior,Menorca,78.42,81.93,76.34,A
2019,2019,,anual,07003,Alcúdia,Mallorca,80.48,85.65,80.52,A
2019,2019,,anual,07005,Andratx,Mallorca,71.82,73.14,71.78,A
2019,2019,,anual,07011,Calvià,Mallorca,76.25,79.63,77.38,A
2019,2019,,anual,07014,Capdepera,Mallorca,73.06,76.58,73.79,A
2019,2019,,anual,07015,Ciutadella de Menorca,Menorca,72.71,79.29,71.41,A
2019,2019,,anual,07022,Felanitx,Mallorca,71.01,73.47,69.66,A
2019,2019,,anual,07024,Formentera,Formentera,73.36,73.58,74.91,A
2019,2019,,anual,07026,Eivissa,Eivissa,75.68,80.46,79.8,A
2019,2019,,anual,07031,Llucmajor,Mallorca,79.48,79.5,82.16,A
2019,2019,,anual,07032,Maó,Menorca,58.23,67.27,58.31,A
2019,2019,,anual,07033,Manacor,Mallorca,74.96,77.35,74.53,A
2019,2019,,anual,07039,Muro,Mallorca,84.53,85.58,82.83,A
2019,2019,,anual,07040,Palma,Mallorca,71.66,77.86,76.69,A
2019,2019,,anual,07042,Pollença,Mallorca,68.28,78.28,69.64,A
2019,2019,,anual,07046,Sant Antoni de Portmany,Eivissa,77.64,81.23,77.51,A
2019,2019,,anual,07048,Sant Josep de sa Talaia,Eivissa,76.34,75.88,79.53,A
2019,2019,,anual,07050,Sant Joan de Labritja,Eivissa,82.72,81.66,79.25,A
2019,2019,,anual,07051,Sant Llorenç des Cardassar,Mallorca,74.96,79.04,73.41,A
2019,2019,,anual,07052,Sant Lluís,Menorca,67.01,78.57,62.5,A
2019,2019,,anual,07054,Santa Eulària des Riu,Eivissa,79.39,82.22,78.17,A
2019,2019,,anual,07055,Santa Margalida,Mallorca,78.65,83.61,76.58,A
2019,2019,,anual,07057,Santanyí,Mallorca,80.46,82.69,80.84,A
2019,2019,,anual,07059,Ses Salines,Mallorca,65.6,74.99,67.89,A
2019,2019,,anual,07061,Sóller,Mallorca,79.91,80.18,82.1,A
2019,2019,,anual,07062,Son Servera,Mallorca,73.0,80.78,76.34,A
2019-M01,2019,1,mensual,07002,Alaior,Menorca,0.0,0.0,0.0,A
2019-M01,2019,1,mensual,07003,Alcúdia,Mallorca,,,,U
2019-M01,2019,1,mensual,07005,Andratx,Mallorca,,,,U
2019-M01,2019,1,mensual,07011,Calvià,Mallorca,17.29,34.77,17.73,A
2019-M01,2019,1,mensual,07014,Capdepera,Mallorca,,,,U
2019-M01,2019,1,mensual,07015,Ciutadella de Menorca,Menorca,,,,U
2019-M01,2019,1,mensual,07022,Felanitx,Mallorca,,,,U
2019-M01,2019,1,mensual,07024,Formentera,Formentera,,,,U
2019-M01,2019,1,mensual,07026,Eivissa,Eivissa,28.07,38.54,27.74,A
2019-M01,2019,1,mensual,07031,Llucmajor,Mallorca,,,,U
2019-M01,2019,1,mensual,07032,Maó,Menorca,25.03,31.15,23.63,A
2019-M01,2019,1,mensual,07033,Manacor,Mallorca,,,,U
2019-M01,2019,1,mensual,07039,Muro,Mallorca,0.0,0.0,0.0,A
2019-M01,2019,1,mensual,07040,Palma,Mallorca,36.79,47.43,39.11,A
2019-M01,2019,1,mensual,07042,Pollença,Mallorca,,,,U
2019-M01,2019,1,mensual,07046,Sant Antoni de Portmany,Eivissa,,,,U
2019-M01,2019,1,mensual,07048,Sant Josep de sa Talaia,Eivissa,,,,U
2019-M01,2019,1,mensual,07050,Sant Joan de Labritja,Eivissa,,,,U
2019-M01,2019,1,mensual,07051,Sant Llorenç des Cardassar,Mallorca,,,,U
2019-M01,2019,1,mensual,07052,Sant Lluís,Menorca,0.0,0.0,0.0,A
2019-M01,2019,1,mensual,07054,Santa Eulària des Riu,Eivissa,,,,U
2019-M01,2019,1,mensual,07055,Santa Margalida,Mallorca,,,,U
2019-M01,2019,1,mensual,07057,Santanyí,Mallorca,,,,U
2019-M01,2019,1,mensual,07059,Ses Salines,Mallorca,0.0,0.0,0.0,A
2019-M01,2019,1,mensual,07061,Sóller,Mallorca,,,,U
2019-M01,2019,1,mensual,07062,Son Servera,Mallorca,,,,U
2019-M02,2019,2,mensual,07002,Alaior,Menorca,0.0,0.0,0.0,A
2019-M02,2019,2,mensual,07003,Alcúdia,Mallorca,41.38,44.56,28.25,A
2019-M02,2019,2,mensual,07005,Andratx,Mallorca,,,,U
2019-M02,2019,2,mensual,07011,Calvià,Mallorca,46.69,61.32,39.47,A
2019-M02,2019,2,mensual,07014,Capdepera,Mallorca,49.44,50.15,55.44,A
2019-M02,2019,2,mensual,07015,Ciutadella de Menorca,Menorca,,,,U
2019-M02,2019,2,mensual,07022,Felanitx,Mallorca,,,,U
2019-M02,2019,2,mensual,07024,Formentera,Formentera,,,,U
2019-M02,2019,2,mensual,07026,Eivissa,Eivissa,37.07,49.02,41.44,A
2019-M02,2019,2,mensual,07031,Llucmajor,Mallorca,,,,U
2019-M02,2019,2,mensual,07032,Maó,Menorca,,,,U
2019-M02,2019,2,mensual,07033,Manacor,Mallorca,,,,U
2019-M02,2019,2,mensual,07039,Muro,Mallorca,,,,U
2019-M02,2019,2,mensual,07040,Palma,Mallorca,41.94,52.92,42.76,A
2019-M02,2019,2,mensual,07042,Pollença,Mallorca,,,,U
2019-M02,2019,2,mensual,07046,Sant Antoni de Portmany,Eivissa,,,,U
2019-M02,2019,2,mensual,07048,Sant Josep de sa Talaia,Eivissa,,,,U
2019-M02,2019,2,mensual,07050,Sant Joan de Labritja,Eivissa,,,,U
2019-M02,2019,2,mensual,07051,Sant Llorenç des Cardassar,Mallorca,53.42,58.45,54.57,A
2019-M02,2019,2,mensual,07052,Sant Lluís,Menorca,0.0,0.0,0.0,A
2019-M02,2019,2,mensual,07054,Santa Eulària des Riu,Eivissa,,,,U
2019-M02,2019,2,mensual,07055,Santa Margalida,Mallorca,,,,U
2019-M02,2019,2,mensual,07057,Santanyí,Mallorca,,,,U
2019-M02,2019,2,mensual,07059,Ses Salines,Mallorca,,,,U
2019-M02,2019,2,mensual,07061,Sóller,Mallorca,64.94,68.71,55.17,A
2019-M02,2019,2,mensual,07062,Son Servera,Mallorca,,,,U
2019-M03,2019,3,mensual,07002,Alaior,Menorca,0.0,0.0,0.0,A
2019-M03,2019,3,mensual,07003,Alcúdia,Mallorca,38.05,50.87,46.14,A
2019-M03,2019,3,mensual,07005,Andratx,Mallorca,,,,U
2019-M03,2019,3,mensual,07011,Calvià,Mallorca,48.47,62.16,53.0,A
2019-M03,2019,3,mensual,07014,Capdepera,Mallorca,57.45,65.49,51.41,A
2019-M03,2019,3,mensual,07015,Ciutadella de Menorca,Menorca,32.2,46.25,28.5,A
2019-M03,2019,3,mensual,07022,Felanitx,Mallorca,,,,U
2019-M03,2019,3,mensual,07024,Formentera,Formentera,,,,U
2019-M03,2019,3,mensual,07026,Eivissa,Eivissa,47.44,59.36,53.84,A
2019-M03,2019,3,mensual,07031,Llucmajor,Mallorca,,,,U
2019-M03,2019,3,mensual,07032,Maó,Menorca,32.52,45.68,51.64,A
2019-M03,2019,3,mensual,07033,Manacor,Mallorca,,,,U
2019-M03,2019,3,mensual,07039,Muro,Mallorca,39.1,46.8,41.03,A
2019-M03,2019,3,mensual,07040,Palma,Mallorca,51.81,61.34,58.17,A
2019-M03,2019,3,mensual,07042,Pollença,Mallorca,45.41,69.55,45.99,A
2019-M03,2019,3,mensual,07046,Sant Antoni de Portmany,Eivissa,,,,U
2019-M03,2019,3,mensual,07048,Sant Josep de sa Talaia,Eivissa,,,,U
2019-M03,2019,3,mensual,07050,Sant Joan de Labritja,Eivissa,,,,U
2019-M03,2019,3,mensual,07051,Sant Llorenç des Cardassar,Mallorca,46.03,54.18,55.09,A
2019-M03,2019,3,mensual,07052,Sant Lluís,Menorca,0.0,0.0,0.0,A
2019-M03,2019,3,mensual,07054,Santa Eulària des Riu,Eivissa,,,,U
2019-M03,2019,3,mensual,07055,Santa Margalida,Mallorca,47.41,61.17,52.89,A
2019-M03,2019,3,mensual,07057,Santanyí,Mallorca,,,,U
2019-M03,2019,3,mensual,07059,Ses Salines,Mallorca,50.88,50.18,50.0,A
2019-M03,2019,3,mensual,07061,Sóller,Mallorca,68.8,72.99,71.59,A
2019-M03,2019,3,mensual,07062,Son Servera,Mallorca,,,,U
2019-M04,2019,4,mensual,07002,Alaior,Menorca,,,,U
2019-M04,2019,4,mensual,07003,Alcúdia,Mallorca,65.97,81.92,64.84,A
2019-M04,2019,4,mensual,07005,Andratx,Mallorca,64.76,60.75,72.54,A
2019-M04,2019,4,mensual,07011,Calvià,Mallorca,68.94,74.24,71.27,A
2019-M04,2019,4,mensual,07014,Capdepera,Mallorca,61.25,68.06,63.82,A
2019-M04,2019,4,mensual,07015,Ciutadella de Menorca,Menorca,49.05,54.1,57.83,A
2019-M04,2019,4,mensual,07022,Felanitx,Mallorca,,,,U
2019-M04,2019,4,mensual,07024,Formentera,Formentera,31.95,35.93,36.05,A
2019-M04,2019,4,mensual,07026,Eivissa,Eivissa,67.81,73.79,75.27,A
2019-M04,2019,4,mensual,07031,Llucmajor,Mallorca,48.65,54.68,61.4,A
2019-M04,2019,4,mensual,07032,Maó,Menorca,44.54,55.97,41.49,A
2019-M04,2019,4,mensual,07033,Manacor,Mallorca,55.43,60.65,51.6,A
2019-M04,2019,4,mensual,07039,Muro,Mallorca,78.32,78.96,74.61,A
2019-M04,2019,4,mensual,07040,Palma,Mallorca,71.57,79.95,80.56,A
2019-M04,2019,4,mensual,07042,Pollença,Mallorca,57.65,73.96,64.04,A
2019-M04,2019,4,mensual,07046,Sant Antoni de Portmany,Eivissa,68.26,67.36,71.59,A
2019-M04,2019,4,mensual,07048,Sant Josep de sa Talaia,Eivissa,57.25,60.91,97.54,A
2019-M04,2019,4,mensual,07050,Sant Joan de Labritja,Eivissa,,,,U
2019-M04,2019,4,mensual,07051,Sant Llorenç des Cardassar,Mallorca,71.42,76.68,68.12,A
2019-M04,2019,4,mensual,07052,Sant Lluís,Menorca,,,,U
2019-M04,2019,4,mensual,07054,Santa Eulària des Riu,Eivissa,,,,U
2019-M04,2019,4,mensual,07055,Santa Margalida,Mallorca,73.87,80.33,66.14,A
2019-M04,2019,4,mensual,07057,Santanyí,Mallorca,68.16,71.97,72.89,A
2019-M04,2019,4,mensual,07059,Ses Salines,Mallorca,46.99,56.93,59.56,A
2019-M04,2019,4,mensual,07061,Sóller,Mallorca,76.61,77.64,72.93,A
2019-M04,2019,4,mensual,07062,Son Servera,Mallorca,71.3,73.26,70.76,A
2019-M05,2019,5,mensual,07002,Alaior,Menorca,47.63,53.36,47.34,A
2019-M05,2019,5,mensual,07003,Alcúdia,Mallorca,73.49,80.04,76.43,A
2019-M05,2019,5,mensual,07005,Andratx,Mallorca,54.0,58.25,57.36,A
2019-M05,2019,5,mensual,07011,Calvià,Mallorca,67.4,71.62,69.44,A
2019-M05,2019,5,mensual,07014,Capdepera,Mallorca,57.05,64.66,57.14,A
2019-M05,2019,5,mensual,07015,Ciutadella de Menorca,Menorca,55.98,61.08,50.14,A
2019-M05,2019,5,mensual,07022,Felanitx,Mallorca,53.36,55.2,46.99,A
2019-M05,2019,5,mensual,07024,Formentera,Formentera,46.0,46.83,57.99,A
2019-M05,2019,5,mensual,07026,Eivissa,Eivissa,66.75,71.08,77.65,A
2019-M05,2019,5,mensual,07031,Llucmajor,Mallorca,78.09,80.47,84.07,A
2019-M05,2019,5,mensual,07032,Maó,Menorca,49.04,61.59,36.3,A
2019-M05,2019,5,mensual,07033,Manacor,Mallorca,55.76,58.92,62.1,A
2019-M05,2019,5,mensual,07039,Muro,Mallorca,73.62,77.5,69.06,A
2019-M05,2019,5,mensual,07040,Palma,Mallorca,70.22,78.26,78.69,A
2019-M05,2019,5,mensual,07042,Pollença,Mallorca,62.83,73.17,61.64,A
2019-M05,2019,5,mensual,07046,Sant Antoni de Portmany,Eivissa,71.83,76.33,77.07,A
2019-M05,2019,5,mensual,07048,Sant Josep de sa Talaia,Eivissa,69.29,69.96,64.43,A
2019-M05,2019,5,mensual,07050,Sant Joan de Labritja,Eivissa,66.77,67.83,56.74,A
2019-M05,2019,5,mensual,07051,Sant Llorenç des Cardassar,Mallorca,55.84,62.03,54.74,A
2019-M05,2019,5,mensual,07052,Sant Lluís,Menorca,46.69,56.4,31.89,A
2019-M05,2019,5,mensual,07054,Santa Eulària des Riu,Eivissa,69.18,74.78,66.84,A
2019-M05,2019,5,mensual,07055,Santa Margalida,Mallorca,63.35,71.04,57.15,A
2019-M05,2019,5,mensual,07057,Santanyí,Mallorca,71.88,76.17,76.11,A
2019-M05,2019,5,mensual,07059,Ses Salines,Mallorca,57.5,65.76,55.95,A
2019-M05,2019,5,mensual,07061,Sóller,Mallorca,79.88,78.81,84.59,A
2019-M05,2019,5,mensual,07062,Son Servera,Mallorca,56.89,67.01,52.44,A
2019-M06,2019,6,mensual,07002,Alaior,Menorca,89.58,89.95,87.28,A
2019-M06,2019,6,mensual,07003,Alcúdia,Mallorca,86.91,91.73,87.86,A
2019-M06,2019,6,mensual,07005,Andratx,Mallorca,71.07,75.86,79.12,A
2019-M06,2019,6,mensual,07011,Calvià,Mallorca,85.22,86.82,88.01,A
2019-M06,2019,6,mensual,07014,Capdepera,Mallorca,78.51,82.3,76.18,A
2019-M06,2019,6,mensual,07015,Ciutadella de Menorca,Menorca,80.03,85.9,80.34,A
2019-M06,2019,6,mensual,07022,Felanitx,Mallorca,72.01,78.36,72.78,A
2019-M06,2019,6,mensual,07024,Formentera,Formentera,79.72,82.36,82.76,A
2019-M06,2019,6,mensual,07026,Eivissa,Eivissa,83.23,87.29,86.9,A
2019-M06,2019,6,mensual,07031,Llucmajor,Mallorca,90.56,90.2,90.72,A
2019-M06,2019,6,mensual,07032,Maó,Menorca,71.44,83.19,70.76,A
2019-M06,2019,6,mensual,07033,Manacor,Mallorca,78.39,81.37,84.59,A
2019-M06,2019,6,mensual,07039,Muro,Mallorca,89.02,90.97,90.44,A
2019-M06,2019,6,mensual,07040,Palma,Mallorca,80.34,86.04,87.66,A
2019-M06,2019,6,mensual,07042,Pollença,Mallorca,76.59,85.04,76.05,A
2019-M06,2019,6,mensual,07046,Sant Antoni de Portmany,Eivissa,82.18,85.11,81.67,A
2019-M06,2019,6,mensual,07048,Sant Josep de sa Talaia,Eivissa,80.32,81.94,85.13,A
2019-M06,2019,6,mensual,07050,Sant Joan de Labritja,Eivissa,91.11,88.95,89.28,A
2019-M06,2019,6,mensual,07051,Sant Llorenç des Cardassar,Mallorca,75.99,82.16,79.77,A
2019-M06,2019,6,mensual,07052,Sant Lluís,Menorca,69.86,84.24,73.62,A
2019-M06,2019,6,mensual,07054,Santa Eulària des Riu,Eivissa,83.47,87.51,85.83,A
2019-M06,2019,6,mensual,07055,Santa Margalida,Mallorca,84.54,86.29,72.88,A
2019-M06,2019,6,mensual,07057,Santanyí,Mallorca,86.0,87.03,84.52,A
2019-M06,2019,6,mensual,07059,Ses Salines,Mallorca,72.54,83.3,77.74,A
2019-M06,2019,6,mensual,07061,Sóller,Mallorca,83.78,85.16,89.98,A
2019-M06,2019,6,mensual,07062,Son Servera,Mallorca,78.57,87.05,80.1,A
2019-M07,2019,7,mensual,07002,Alaior,Menorca,90.78,92.47,92.02,A
2019-M07,2019,7,mensual,07003,Alcúdia,Mallorca,95.61,94.89,94.02,A
2019-M07,2019,7,mensual,07005,Andratx,Mallorca,86.95,85.93,82.68,A
2019-M07,2019,7,mensual,07011,Calvià,Mallorca,90.13,88.63,90.51,A
2019-M07,2019,7,mensual,07014,Capdepera,Mallorca,87.18,86.13,85.25,A
2019-M07,2019,7,mensual,07015,Ciutadella de Menorca,Menorca,87.62,92.4,84.3,A
2019-M07,2019,7,mensual,07022,Felanitx,Mallorca,89.22,86.63,87.29,A
2019-M07,2019,7,mensual,07024,Formentera,Formentera,89.34,85.64,82.33,A
2019-M07,2019,7,mensual,07026,Eivissa,Eivissa,88.31,89.8,89.44,A
2019-M07,2019,7,mensual,07031,Llucmajor,Mallorca,96.09,91.04,87.32,A
2019-M07,2019,7,mensual,07032,Maó,Menorca,84.09,91.87,78.55,A
2019-M07,2019,7,mensual,07033,Manacor,Mallorca,88.03,90.32,88.61,A
2019-M07,2019,7,mensual,07039,Muro,Mallorca,95.31,93.4,94.37,A
2019-M07,2019,7,mensual,07040,Palma,Mallorca,87.21,88.95,91.02,A
2019-M07,2019,7,mensual,07042,Pollença,Mallorca,78.86,85.78,76.51,A
2019-M07,2019,7,mensual,07046,Sant Antoni de Portmany,Eivissa,88.4,89.81,86.75,A
2019-M07,2019,7,mensual,07048,Sant Josep de sa Talaia,Eivissa,80.6,79.06,85.98,A
2019-M07,2019,7,mensual,07050,Sant Joan de Labritja,Eivissa,93.9,88.1,91.32,A
2019-M07,2019,7,mensual,07051,Sant Llorenç des Cardassar,Mallorca,88.9,89.81,86.7,A
2019-M07,2019,7,mensual,07052,Sant Lluís,Menorca,82.57,90.63,76.8,A
2019-M07,2019,7,mensual,07054,Santa Eulària des Riu,Eivissa,87.27,87.99,85.08,A
2019-M07,2019,7,mensual,07055,Santa Margalida,Mallorca,92.43,93.72,88.77,A
2019-M07,2019,7,mensual,07057,Santanyí,Mallorca,89.35,88.81,90.06,A
2019-M07,2019,7,mensual,07059,Ses Salines,Mallorca,78.83,86.72,75.16,A
2019-M07,2019,7,mensual,07061,Sóller,Mallorca,85.7,80.92,91.82,A
2019-M07,2019,7,mensual,07062,Son Servera,Mallorca,78.44,84.9,85.74,A
2019-M08,2019,8,mensual,07002,Alaior,Menorca,93.95,93.38,91.92,A
2019-M08,2019,8,mensual,07003,Alcúdia,Mallorca,91.66,94.47,91.88,A
2019-M08,2019,8,mensual,07005,Andratx,Mallorca,90.42,90.51,90.4,A
2019-M08,2019,8,mensual,07011,Calvià,Mallorca,91.41,90.86,90.75,A
2019-M08,2019,8,mensual,07014,Capdepera,Mallorca,90.77,91.38,92.15,A
2019-M08,2019,8,mensual,07015,Ciutadella de Menorca,Menorca,89.31,94.75,89.22,A
2019-M08,2019,8,mensual,07022,Felanitx,Mallorca,90.97,86.94,91.85,A
2019-M08,2019,8,mensual,07024,Formentera,Formentera,93.9,92.99,91.06,A
2019-M08,2019,8,mensual,07026,Eivissa,Eivissa,90.6,93.68,88.68,A
2019-M08,2019,8,mensual,07031,Llucmajor,Mallorca,95.35,94.38,92.33,A
2019-M08,2019,8,mensual,07032,Maó,Menorca,87.9,91.08,89.17,A
2019-M08,2019,8,mensual,07033,Manacor,Mallorca,86.89,89.44,83.46,A
2019-M08,2019,8,mensual,07039,Muro,Mallorca,97.12,95.19,94.46,A
2019-M08,2019,8,mensual,07040,Palma,Mallorca,90.06,90.88,91.46,A
2019-M08,2019,8,mensual,07042,Pollença,Mallorca,85.22,91.6,82.72,A
2019-M08,2019,8,mensual,07046,Sant Antoni de Portmany,Eivissa,88.19,92.85,87.32,A
2019-M08,2019,8,mensual,07048,Sant Josep de sa Talaia,Eivissa,87.78,84.92,86.8,A
2019-M08,2019,8,mensual,07050,Sant Joan de Labritja,Eivissa,95.04,94.49,94.38,A
2019-M08,2019,8,mensual,07051,Sant Llorenç des Cardassar,Mallorca,92.03,92.27,89.01,A
2019-M08,2019,8,mensual,07052,Sant Lluís,Menorca,84.03,92.79,78.46,A
2019-M08,2019,8,mensual,07054,Santa Eulària des Riu,Eivissa,93.4,91.19,89.79,A
2019-M08,2019,8,mensual,07055,Santa Margalida,Mallorca,94.67,96.78,95.05,A
2019-M08,2019,8,mensual,07057,Santanyí,Mallorca,91.05,89.96,87.79,A
2019-M08,2019,8,mensual,07059,Ses Salines,Mallorca,80.12,90.49,83.43,A
2019-M08,2019,8,mensual,07061,Sóller,Mallorca,91.66,88.55,88.27,A
2019-M08,2019,8,mensual,07062,Son Servera,Mallorca,86.93,91.5,91.24,A
2019-M09,2019,9,mensual,07002,Alaior,Menorca,83.13,91.15,78.12,A
2019-M09,2019,9,mensual,07003,Alcúdia,Mallorca,85.92,92.64,85.64,A
2019-M09,2019,9,mensual,07005,Andratx,Mallorca,87.64,90.84,87.84,A
2019-M09,2019,9,mensual,07011,Calvià,Mallorca,83.96,87.3,85.31,A
2019-M09,2019,9,mensual,07014,Capdepera,Mallorca,81.43,89.39,83.44,A
2019-M09,2019,9,mensual,07015,Ciutadella de Menorca,Menorca,75.79,86.96,76.19,A
2019-M09,2019,9,mensual,07022,Felanitx,Mallorca,80.07,87.77,76.76,A
2019-M09,2019,9,mensual,07024,Formentera,Formentera,81.37,84.69,82.16,A
2019-M09,2019,9,mensual,07026,Eivissa,Eivissa,81.44,86.67,80.88,A
2019-M09,2019,9,mensual,07031,Llucmajor,Mallorca,90.85,88.9,92.82,A
2019-M09,2019,9,mensual,07032,Maó,Menorca,57.67,76.48,58.18,A
2019-M09,2019,9,mensual,07033,Manacor,Mallorca,82.55,87.71,80.06,A
2019-M09,2019,9,mensual,07039,Muro,Mallorca,87.89,92.58,84.87,A
2019-M09,2019,9,mensual,07040,Palma,Mallorca,81.91,88.9,83.28,A
2019-M09,2019,9,mensual,07042,Pollença,Mallorca,75.8,87.68,77.99,A
2019-M09,2019,9,mensual,07046,Sant Antoni de Portmany,Eivissa,81.07,86.69,78.75,A
2019-M09,2019,9,mensual,07048,Sant Josep de sa Talaia,Eivissa,73.88,76.12,78.21,A
2019-M09,2019,9,mensual,07050,Sant Joan de Labritja,Eivissa,85.91,86.41,83.89,A
2019-M09,2019,9,mensual,07051,Sant Llorenç des Cardassar,Mallorca,81.43,88.55,75.05,A
2019-M09,2019,9,mensual,07052,Sant Lluís,Menorca,68.57,86.32,62.57,A
2019-M09,2019,9,mensual,07054,Santa Eulària des Riu,Eivissa,82.74,88.31,80.74,A
2019-M09,2019,9,mensual,07055,Santa Margalida,Mallorca,84.55,92.32,81.06,A
2019-M09,2019,9,mensual,07057,Santanyí,Mallorca,82.28,88.63,82.68,A
2019-M09,2019,9,mensual,07059,Ses Salines,Mallorca,69.42,86.72,70.44,A
2019-M09,2019,9,mensual,07061,Sóller,Mallorca,82.22,84.55,83.86,A
2019-M09,2019,9,mensual,07062,Son Servera,Mallorca,78.21,90.56,79.82,A
2019-M10,2019,10,mensual,07002,Alaior,Menorca,,,,U
2019-M10,2019,10,mensual,07003,Alcúdia,Mallorca,70.24,72.18,66.86,A
2019-M10,2019,10,mensual,07005,Andratx,Mallorca,60.75,61.13,56.93,A
2019-M10,2019,10,mensual,07011,Calvià,Mallorca,65.78,67.7,65.58,A
2019-M10,2019,10,mensual,07014,Capdepera,Mallorca,58.81,59.77,63.24,A
2019-M10,2019,10,mensual,07015,Ciutadella de Menorca,Menorca,51.41,55.64,48.78,A
2019-M10,2019,10,mensual,07022,Felanitx,Mallorca,63.64,66.94,60.98,A
2019-M10,2019,10,mensual,07024,Formentera,Formentera,48.41,49.73,53.96,A
2019-M10,2019,10,mensual,07026,Eivissa,Eivissa,64.49,73.62,80.52,A
2019-M10,2019,10,mensual,07031,Llucmajor,Mallorca,60.78,62.32,83.23,A
2019-M10,2019,10,mensual,07032,Maó,Menorca,40.38,54.66,42.49,A
2019-M10,2019,10,mensual,07033,Manacor,Mallorca,60.36,62.24,44.97,A
2019-M10,2019,10,mensual,07039,Muro,Mallorca,76.82,76.31,76.1,A
2019-M10,2019,10,mensual,07040,Palma,Mallorca,64.31,71.11,68.19,A
2019-M10,2019,10,mensual,07042,Pollença,Mallorca,51.88,61.83,62.34,A
2019-M10,2019,10,mensual,07046,Sant Antoni de Portmany,Eivissa,58.97,64.25,55.37,A
2019-M10,2019,10,mensual,07048,Sant Josep de sa Talaia,Eivissa,67.45,61.59,72.05,A
2019-M10,2019,10,mensual,07050,Sant Joan de Labritja,Eivissa,66.74,67.2,61.55,A
2019-M10,2019,10,mensual,07051,Sant Llorenç des Cardassar,Mallorca,63.22,66.24,60.89,A
2019-M10,2019,10,mensual,07052,Sant Lluís,Menorca,47.95,58.42,50.93,A
2019-M10,2019,10,mensual,07054,Santa Eulària des Riu,Eivissa,63.54,66.46,62.73,A
2019-M10,2019,10,mensual,07055,Santa Margalida,Mallorca,60.82,68.01,73.79,A
2019-M10,2019,10,mensual,07057,Santanyí,Mallorca,67.42,69.88,67.29,A
2019-M10,2019,10,mensual,07059,Ses Salines,Mallorca,52.08,64.56,68.31,A
2019-M10,2019,10,mensual,07061,Sóller,Mallorca,73.07,76.95,80.27,A
2019-M10,2019,10,mensual,07062,Son Servera,Mallorca,61.03,71.36,70.78,A
2019-M11,2019,11,mensual,07002,Alaior,Menorca,0.0,0.0,0.0,A
2019-M11,2019,11,mensual,07003,Alcúdia,Mallorca,47.89,70.47,48.64,A
2019-M11,2019,11,mensual,07005,Andratx,Mallorca,,,,U
2019-M11,2019,11,mensual,07011,Calvià,Mallorca,25.86,41.0,35.05,A
2019-M11,2019,11,mensual,07014,Capdepera,Mallorca,,,,U
2019-M11,2019,11,mensual,07015,Ciutadella de Menorca,Menorca,,,,U
2019-M11,2019,11,mensual,07022,Felanitx,Mallorca,,,,U
2019-M11,2019,11,mensual,07024,Formentera,Formentera,,,,U
2019-M11,2019,11,mensual,07026,Eivissa,Eivissa,42.47,52.88,51.27,A
2019-M11,2019,11,mensual,07031,Llucmajor,Mallorca,,,,U
2019-M11,2019,11,mensual,07032,Maó,Menorca,35.24,50.97,50.25,A
2019-M11,2019,11,mensual,07033,Manacor,Mallorca,,,,U
2019-M11,2019,11,mensual,07039,Muro,Mallorca,,,,U
2019-M11,2019,11,mensual,07040,Palma,Mallorca,46.12,56.2,53.99,A
2019-M11,2019,11,mensual,07042,Pollença,Mallorca,,,,U
2019-M11,2019,11,mensual,07046,Sant Antoni de Portmany,Eivissa,,,,U
2019-M11,2019,11,mensual,07048,Sant Josep de sa Talaia,Eivissa,,,,U
2019-M11,2019,11,mensual,07050,Sant Joan de Labritja,Eivissa,,,,U
2019-M11,2019,11,mensual,07051,Sant Llorenç des Cardassar,Mallorca,,,,U
2019-M11,2019,11,mensual,07052,Sant Lluís,Menorca,0.0,0.0,0.0,A
2019-M11,2019,11,mensual,07054,Santa Eulària des Riu,Eivissa,,,,U
2019-M11,2019,11,mensual,07055,Santa Margalida,Mallorca,,,,U
2019-M11,2019,11,mensual,07057,Santanyí,Mallorca,,,,U
2019-M11,2019,11,mensual,07059,Ses Salines,Mallorca,0.0,0.0,0.0,A
2019-M11,2019,11,mensual,07061,Sóller,Mallorca,,,,U
2019-M11,2019,11,mensual,07062,Son Servera,Mallorca,,,,U
2019-M12,2019,12,mensual,07002,Alaior,Menorca,0.0,0.0,0.0,A
2019-M12,2019,12,mensual,07003,Alcúdia,Mallorca,,,,U
2019-M12,2019,12,mensual,07005,Andratx,Mallorca,,,,U
2019-M12,2019,12,mensual,07011,Calvià,Mallorca,24.67,34.38,24.97,A
2019-M12,2019,12,mensual,07014,Capdepera,Mallorca,,,,U
2019-M12,2019,12,mensual,07015,Ciutadella de Menorca,Menorca,,,,U
2019-M12,2019,12,mensual,07022,Felanitx,Mallorca,,,,U
2019-M12,2019,12,mensual,07024,Formentera,Formentera,,,,U
2019-M12,2019,12,mensual,07026,Eivissa,Eivissa,38.88,45.57,42.82,A
2019-M12,2019,12,mensual,07031,Llucmajor,Mallorca,,,,U
2019-M12,2019,12,mensual,07032,Maó,Menorca,29.26,38.13,43.73,A
2019-M12,2019,12,mensual,07033,Manacor,Mallorca,,,,U
2019-M12,2019,12,mensual,07039,Muro,Mallorca,0.0,0.0,0.0,A
2019-M12,2019,12,mensual,07040,Palma,Mallorca,44.73,48.39,55.29,A
2019-M12,2019,12,mensual,07042,Pollença,Mallorca,0.0,0.0,0.0,A
2019-M12,2019,12,mensual,07046,Sant Antoni de Portmany,Eivissa,,,,U
2019-M12,2019,12,mensual,07048,Sant Josep de sa Talaia,Eivissa,,,,U
2019-M12,2019,12,mensual,07050,Sant Joan de Labritja,Eivissa,,,,U
2019-M12,2019,12,mensual,07051,Sant Llorenç des Cardassar,Mallorca,,,,U
2019-M12,2019,12,mensual,07052,Sant Lluís,Menorca,0.0,0.0,0.0,A
2019-M12,2019,12,mensual,07054,Santa Eulària des Riu,Eivissa,,,,U
2019-M12,2019,12,mensual,07055,Santa Margalida,Mallorca,,,,U
2019-M12,2019,12,mensual,07057,Santanyí,Mallorca,,,,U
2019-M12,2019,12,mensual,07059,Ses Salines,Mallorca,0.0,0.0,0.0,A
2019-M12,2019,12,mensual,07061,Sóller,Mallorca,,,,U
2019-M12,2019,12,mensual,07062,Son Servera,Mallorca,,,,U
2020,2020,,anual,07002,Alaior,Menorca,30.44,29.56,33.04,A
2020,2020,,anual,07003,Alcúdia,Mallorca,31.31,37.47,40.89,A
2020,2020,,anual,07005,Andratx,Mallorca,18.01,19.75,16.87,A
2020,2020,,anual,07011,Calvià,Mallorca,32.2,36.66,31.6,A
2020,2020,,anual,07014,Capdepera,Mallorca,24.81,29.7,25.91,A
2020,2020,,anual,07015,Ciutadella de Menorca,Menorca,40.24,45.06,43.33,A
2020,2020,,anual,07022,Felanitx,Mallorca,,,,U
2020,2020,,anual,07024,Formentera,Formentera,42.57,42.82,47.94,A
2020,2020,,anual,07026,Eivissa,Eivissa,32.32,38.79,34.92,A
2020,2020,,anual,07031,Llucmajor,Mallorca,,,,U
2020,2020,,anual,07032,Maó,Menorca,30.78,39.52,36.84,A
2020,2020,,anual,07033,Manacor,Mallorca,28.87,28.21,26.15,A
2020,2020,,anual,07039,Muro,Mallorca,38.92,37.06,41.4,A
2020,2020,,anual,07040,Palma,Mallorca,38.53,42.45,39.8,A
2020,2020,,anual,07042,Pollença,Mallorca,19.23,22.25,21.56,A
2020,2020,,anual,07046,Sant Antoni de Portmany,Eivissa,32.28,32.0,33.5,A
2020,2020,,anual,07048,Sant Josep de sa Talaia,Eivissa,45.1,41.84,45.52,A
2020,2020,,anual,07050,Sant Joan de Labritja,Eivissa,37.48,34.73,37.33,A
2020,2020,,anual,07051,Sant Llorenç des Cardassar,Mallorca,36.43,39.61,34.8,A
2020,2020,,anual,07052,Sant Lluís,Menorca,15.26,17.41,11.13,A
2020,2020,,anual,07054,Santa Eulària des Riu,Eivissa,28.04,32.08,25.73,A
2020,2020,,anual,07055,Santa Margalida,Mallorca,39.65,40.54,34.89,A
2020,2020,,anual,07057,Santanyí,Mallorca,36.84,32.74,34.03,A
2020,2020,,anual,07059,Ses Salines,Mallorca,20.05,19.5,24.79,A
2020,2020,,anual,07061,Sóller,Mallorca,18.84,20.15,21.29,A
2020,2020,,anual,07062,Son Servera,Mallorca,17.2,18.39,22.77,A
2020-M01,2020,1,mensual,07002,Alaior,Menorca,0.0,0.0,0.0,A
2020-M01,2020,1,mensual,07003,Alcúdia,Mallorca,,,,U
2020-M01,2020,1,mensual,07005,Andratx,Mallorca,,,,U
2020-M01,2020,1,mensual,07011,Calvià,Mallorca,18.94,29.9,24.72,A
2020-M01,2020,1,mensual,07014,Capdepera,Mallorca,,,,U
2020-M01,2020,1,mensual,07015,Ciutadella de Menorca,Menorca,,,,U
2020-M01,2020,1,mensual,07022,Felanitx,Mallorca,,,,U
2020-M01,2020,1,mensual,07024,Formentera,Formentera,,,,U
2020-M01,2020,1,mensual,07026,Eivissa,Eivissa,27.1,36.73,34.13,A
2020-M01,2020,1,mensual,07031,Llucmajor,Mallorca,,,,U
2020-M01,2020,1,mensual,07032,Maó,Menorca,26.38,38.2,33.93,A
2020-M01,2020,1,mensual,07033,Manacor,Mallorca,,,,U
2020-M01,2020,1,mensual,07039,Muro,Mallorca,0.0,0.0,0.0,A
2020-M01,2020,1,mensual,07040,Palma,Mallorca,41.3,49.28,47.54,A
2020-M01,2020,1,mensual,07042,Pollença,Mallorca,0.0,0.0,0.0,A
2020-M01,2020,1,mensual,07046,Sant Antoni de Portmany,Eivissa,,,,U
2020-M01,2020,1,mensual,07048,Sant Josep de sa Talaia,Eivissa,,,,U
2020-M01,2020,1,mensual,07050,Sant Joan de Labritja,Eivissa,,,,U
2020-M01,2020,1,mensual,07051,Sant Llorenç des Cardassar,Mallorca,,,,U
2020-M01,2020,1,mensual,07052,Sant Lluís,Menorca,0.0,0.0,0.0,A
2020-M01,2020,1,mensual,07054,Santa Eulària des Riu,Eivissa,,,,U
2020-M01,2020,1,mensual,07055,Santa Margalida,Mallorca,0.0,0.0,0.0,A
2020-M01,2020,1,mensual,07057,Santanyí,Mallorca,,,,U
2020-M01,2020,1,mensual,07059,Ses Salines,Mallorca,0.0,0.0,0.0,A
2020-M01,2020,1,mensual,07061,Sóller,Mallorca,,,,U
2020-M01,2020,1,mensual,07062,Son Servera,Mallorca,,,,U
2020-M02,2020,2,mensual,07002,Alaior,Menorca,0.0,0.0,0.0,A
2020-M02,2020,2,mensual,07003,Alcúdia,Mallorca,,,,U
2020-M02,2020,2,mensual,07005,Andratx,Mallorca,,,,U
2020-M02,2020,2,mensual,07011,Calvià,Mallorca,47.56,57.08,49.29,A
2020-M02,2020,2,mensual,07014,Capdepera,Mallorca,49.32,53.15,56.62,A
2020-M02,2020,2,mensual,07015,Ciutadella de Menorca,Menorca,,,,U
2020-M02,2020,2,mensual,07022,Felanitx,Mallorca,,,,U
2020-M02,2020,2,mensual,07024,Formentera,Formentera,,,,U
2020-M02,2020,2,mensual,07026,Eivissa,Eivissa,39.41,54.25,52.47,A
2020-M02,2020,2,mensual,07031,Llucmajor,Mallorca,,,,U
2020-M02,2020,2,mensual,07032,Maó,Menorca,,,,U
2020-M02,2020,2,mensual,07033,Manacor,Mallorca,,,,U
2020-M02,2020,2,mensual,07039,Muro,Mallorca,,,,U
2020-M02,2020,2,mensual,07040,Palma,Mallorca,53.64,60.88,57.37,A
2020-M02,2020,2,mensual,07042,Pollença,Mallorca,,,,U
2020-M02,2020,2,mensual,07046,Sant Antoni de Portmany,Eivissa,,,,U
2020-M02,2020,2,mensual,07048,Sant Josep de sa Talaia,Eivissa,,,,U
2020-M02,2020,2,mensual,07050,Sant Joan de Labritja,Eivissa,,,,U
2020-M02,2020,2,mensual,07051,Sant Llorenç des Cardassar,Mallorca,63.13,77.99,65.92,A
2020-M02,2020,2,mensual,07052,Sant Lluís,Menorca,0.0,0.0,0.0,A
2020-M02,2020,2,mensual,07054,Santa Eulària des Riu,Eivissa,,,,U
2020-M02,2020,2,mensual,07055,Santa Margalida,Mallorca,,,,U
2020-M02,2020,2,mensual,07057,Santanyí,Mallorca,,,,U
2020-M02,2020,2,mensual,07059,Ses Salines,Mallorca,,,,U
2020-M02,2020,2,mensual,07061,Sóller,Mallorca,,,,U
2020-M02,2020,2,mensual,07062,Son Servera,Mallorca,,,,U
2020-M03,2020,3,mensual,07002,Alaior,Menorca,0.0,0.0,0.0,A
2020-M03,2020,3,mensual,07003,Alcúdia,Mallorca,36.34,43.29,55.19,A
2020-M03,2020,3,mensual,07005,Andratx,Mallorca,,,,U
2020-M03,2020,3,mensual,07011,Calvià,Mallorca,35.98,47.25,42.12,A
2020-M03,2020,3,mensual,07014,Capdepera,Mallorca,,,,U
2020-M03,2020,3,mensual,07015,Ciutadella de Menorca,Menorca,,,,U
2020-M03,2020,3,mensual,07022,Felanitx,Mallorca,,,,U
2020-M03,2020,3,mensual,07024,Formentera,Formentera,,,,U
2020-M03,2020,3,mensual,07026,Eivissa,Eivissa,24.17,32.37,32.29,A
2020-M03,2020,3,mensual,07031,Llucmajor,Mallorca,,,,U
2020-M03,2020,3,mensual,07032,Maó,Menorca,,,,U
2020-M03,2020,3,mensual,07033,Manacor,Mallorca,,,,U
2020-M03,2020,3,mensual,07039,Muro,Mallorca,,,,U
2020-M03,2020,3,mensual,07040,Palma,Mallorca,32.38,37.71,39.31,A
2020-M03,2020,3,mensual,07042,Pollença,Mallorca,25.54,26.57,27.29,A
2020-M03,2020,3,mensual,07046,Sant Antoni de Portmany,Eivissa,,,,U
2020-M03,2020,3,mensual,07048,Sant Josep de sa Talaia,Eivissa,,,,U
2020-M03,2020,3,mensual,07050,Sant Joan de Labritja,Eivissa,,,,U
2020-M03,2020,3,mensual,07051,Sant Llorenç des Cardassar,Mallorca,44.45,49.43,46.56,A
2020-M03,2020,3,mensual,07052,Sant Lluís,Menorca,0.0,0.0,0.0,A
2020-M03,2020,3,mensual,07054,Santa Eulària des Riu,Eivissa,,,,U
2020-M03,2020,3,mensual,07055,Santa Margalida,Mallorca,,,,U
2020-M03,2020,3,mensual,07057,Santanyí,Mallorca,,,,U
2020-M03,2020,3,mensual,07059,Ses Salines,Mallorca,,,,U
2020-M03,2020,3,mensual,07061,Sóller,Mallorca,,,,U
2020-M03,2020,3,mensual,07062,Son Servera,Mallorca,,,,U
2020-M04,2020,4,mensual,07002,Alaior,Menorca,0.0,0.0,0.0,A
2020-M04,2020,4,mensual,07003,Alcúdia,Mallorca,0.0,0.0,0.0,A
2020-M04,2020,4,mensual,07005,Andratx,Mallorca,0.0,0.0,0.0,A
2020-M04,2020,4,mensual,07011,Calvià,Mallorca,0.0,0.0,0.0,A
2020-M04,2020,4,mensual,07014,Capdepera,Mallorca,0.0,0.0,0.0,A
2020-M04,2020,4,mensual,07015,Ciutadella de Menorca,Menorca,0.0,0.0,0.0,A
2020-M04,2020,4,mensual,07022,Felanitx,Mallorca,0.0,0.0,0.0,A
2020-M04,2020,4,mensual,07024,Formentera,Formentera,0.0,0.0,0.0,A
2020-M04,2020,4,mensual,07026,Eivissa,Eivissa,0.0,0.0,0.0,A
2020-M04,2020,4,mensual,07031,Llucmajor,Mallorca,0.0,0.0,0.0,A
2020-M04,2020,4,mensual,07032,Maó,Menorca,0.0,0.0,0.0,A
2020-M04,2020,4,mensual,07033,Manacor,Mallorca,0.0,0.0,0.0,A
2020-M04,2020,4,mensual,07039,Muro,Mallorca,0.0,0.0,0.0,A
2020-M04,2020,4,mensual,07040,Palma,Mallorca,0.0,0.0,0.0,A
2020-M04,2020,4,mensual,07042,Pollença,Mallorca,0.0,0.0,0.0,A
2020-M04,2020,4,mensual,07046,Sant Antoni de Portmany,Eivissa,0.0,0.0,0.0,A
2020-M04,2020,4,mensual,07048,Sant Josep de sa Talaia,Eivissa,0.0,0.0,0.0,A
2020-M04,2020,4,mensual,07050,Sant Joan de Labritja,Eivissa,0.0,0.0,0.0,A
2020-M04,2020,4,mensual,07051,Sant Llorenç des Cardassar,Mallorca,0.0,0.0,0.0,A
2020-M04,2020,4,mensual,07052,Sant Lluís,Menorca,0.0,0.0,0.0,A
2020-M04,2020,4,mensual,07054,Santa Eulària des Riu,Eivissa,0.0,0.0,0.0,A
2020-M04,2020,4,mensual,07055,Santa Margalida,Mallorca,0.0,0.0,0.0,A
2020-M04,2020,4,mensual,07057,Santanyí,Mallorca,0.0,0.0,0.0,A
2020-M04,2020,4,mensual,07059,Ses Salines,Mallorca,0.0,0.0,0.0,A
2020-M04,2020,4,mensual,07061,Sóller,Mallorca,0.0,0.0,0.0,A
2020-M04,2020,4,mensual,07062,Son Servera,Mallorca,0.0,0.0,0.0,A
2020-M05,2020,5,mensual,07002,Alaior,Menorca,,,,U
2020-M05,2020,5,mensual,07003,Alcúdia,Mallorca,,,,U
2020-M05,2020,5,mensual,07005,Andratx,Mallorca,,,,U
2020-M05,2020,5,mensual,07011,Calvià,Mallorca,,,,U
2020-M05,2020,5,mensual,07014,Capdepera,Mallorca,,,,U
2020-M05,2020,5,mensual,07015,Ciutadella de Menorca,Menorca,,,,U
2020-M05,2020,5,mensual,07022,Felanitx,Mallorca,,,,U
2020-M05,2020,5,mensual,07024,Formentera,Formentera,,,,U
2020-M05,2020,5,mensual,07026,Eivissa,Eivissa,,,,U
2020-M05,2020,5,mensual,07031,Llucmajor,Mallorca,,,,U
2020-M05,2020,5,mensual,07032,Maó,Menorca,,,,U
2020-M05,2020,5,mensual,07033,Manacor,Mallorca,,,,U
2020-M05,2020,5,mensual,07039,Muro,Mallorca,,,,U
2020-M05,2020,5,mensual,07040,Palma,Mallorca,,,,U
2020-M05,2020,5,mensual,07042,Pollença,Mallorca,,,,U
2020-M05,2020,5,mensual,07046,Sant Antoni de Portmany,Eivissa,,,,U
2020-M05,2020,5,mensual,07048,Sant Josep de sa Talaia,Eivissa,,,,U
2020-M05,2020,5,mensual,07050,Sant Joan de Labritja,Eivissa,,,,U
2020-M05,2020,5,mensual,07051,Sant Llorenç des Cardassar,Mallorca,,,,U
2020-M05,2020,5,mensual,07052,Sant Lluís,Menorca,,,,U
2020-M05,2020,5,mensual,07054,Santa Eulària des Riu,Eivissa,,,,U
2020-M05,2020,5,mensual,07055,Santa Margalida,Mallorca,,,,U
2020-M05,2020,5,mensual,07057,Santanyí,Mallorca,,,,U
2020-M05,2020,5,mensual,07059,Ses Salines,Mallorca,,,,U
2020-M05,2020,5,mensual,07061,Sóller,Mallorca,,,,U
2020-M05,2020,5,mensual,07062,Son Servera,Mallorca,,,,U
2020-M06,2020,6,mensual,07002,Alaior,Menorca,,,,U
2020-M06,2020,6,mensual,07003,Alcúdia,Mallorca,,,,U
2020-M06,2020,6,mensual,07005,Andratx,Mallorca,,,,U
2020-M06,2020,6,mensual,07011,Calvià,Mallorca,,,,U
2020-M06,2020,6,mensual,07014,Capdepera,Mallorca,,,,U
2020-M06,2020,6,mensual,07015,Ciutadella de Menorca,Menorca,,,,U
2020-M06,2020,6,mensual,07022,Felanitx,Mallorca,,,,U
2020-M06,2020,6,mensual,07024,Formentera,Formentera,28.87,30.3,43.12,A
2020-M06,2020,6,mensual,07026,Eivissa,Eivissa,,,,U
2020-M06,2020,6,mensual,07031,Llucmajor,Mallorca,,,,U
2020-M06,2020,6,mensual,07032,Maó,Menorca,,,,U
2020-M06,2020,6,mensual,07033,Manacor,Mallorca,,,,U
2020-M06,2020,6,mensual,07039,Muro,Mallorca,,,,U
2020-M06,2020,6,mensual,07040,Palma,Mallorca,37.23,44.38,27.59,A
2020-M06,2020,6,mensual,07042,Pollença,Mallorca,,,,U
2020-M06,2020,6,mensual,07046,Sant Antoni de Portmany,Eivissa,,,,U
2020-M06,2020,6,mensual,07048,Sant Josep de sa Talaia,Eivissa,,,,U
2020-M06,2020,6,mensual,07050,Sant Joan de Labritja,Eivissa,,,,U
2020-M06,2020,6,mensual,07051,Sant Llorenç des Cardassar,Mallorca,,,,U
2020-M06,2020,6,mensual,07052,Sant Lluís,Menorca,,,,U
2020-M06,2020,6,mensual,07054,Santa Eulària des Riu,Eivissa,,,,U
2020-M06,2020,6,mensual,07055,Santa Margalida,Mallorca,,,,U
2020-M06,2020,6,mensual,07057,Santanyí,Mallorca,,,,U
2020-M06,2020,6,mensual,07059,Ses Salines,Mallorca,,,,U
2020-M06,2020,6,mensual,07061,Sóller,Mallorca,,,,U
2020-M06,2020,6,mensual,07062,Son Servera,Mallorca,,,,U
2020-M07,2020,7,mensual,07002,Alaior,Menorca,29.71,28.2,30.91,A
2020-M07,2020,7,mensual,07003,Alcúdia,Mallorca,28.98,38.96,18.71,A
2020-M07,2020,7,mensual,07005,Andratx,Mallorca,49.16,50.99,52.36,A
2020-M07,2020,7,mensual,07011,Calvià,Mallorca,40.68,42.85,41.73,A
2020-M07,2020,7,mensual,07014,Capdepera,Mallorca,36.35,34.31,33.87,A
2020-M07,2020,7,mensual,07015,Ciutadella de Menorca,Menorca,35.7,37.92,34.6,A
2020-M07,2020,7,mensual,07022,Felanitx,Mallorca,,,,U
2020-M07,2020,7,mensual,07024,Formentera,Formentera,48.56,48.18,52.93,A
2020-M07,2020,7,mensual,07026,Eivissa,Eivissa,30.98,36.06,29.93,A
2020-M07,2020,7,mensual,07031,Llucmajor,Mallorca,,,,U
2020-M07,2020,7,mensual,07032,Maó,Menorca,37.43,45.64,38.86,A
2020-M07,2020,7,mensual,07033,Manacor,Mallorca,33.46,32.18,36.72,A
2020-M07,2020,7,mensual,07039,Muro,Mallorca,47.68,41.69,47.62,A
2020-M07,2020,7,mensual,07040,Palma,Mallorca,46.6,48.52,45.17,A
2020-M07,2020,7,mensual,07042,Pollença,Mallorca,18.18,18.84,18.26,A
2020-M07,2020,7,mensual,07046,Sant Antoni de Portmany,Eivissa,40.32,40.05,44.78,A
2020-M07,2020,7,mensual,07048,Sant Josep de sa Talaia,Eivissa,48.19,43.03,49.96,A
2020-M07,2020,7,mensual,07050,Sant Joan de Labritja,Eivissa,44.72,39.38,42.0,A
2020-M07,2020,7,mensual,07051,Sant Llorenç des Cardassar,Mallorca,32.05,31.69,22.36,A
2020-M07,2020,7,mensual,07052,Sant Lluís,Menorca,,,,U
2020-M07,2020,7,mensual,07054,Santa Eulària des Riu,Eivissa,29.84,35.5,29.54,A
2020-M07,2020,7,mensual,07055,Santa Margalida,Mallorca,47.66,47.84,31.32,A
2020-M07,2020,7,mensual,07057,Santanyí,Mallorca,43.71,36.04,38.09,A
2020-M07,2020,7,mensual,07059,Ses Salines,Mallorca,46.36,41.86,49.84,A
2020-M07,2020,7,mensual,07061,Sóller,Mallorca,21.11,20.84,24.12,A
2020-M07,2020,7,mensual,07062,Son Servera,Mallorca,26.8,24.74,26.37,A
2020-M08,2020,8,mensual,07002,Alaior,Menorca,39.74,38.64,32.02,A
2020-M08,2020,8,mensual,07003,Alcúdia,Mallorca,27.49,36.52,38.94,A
2020-M08,2020,8,mensual,07005,Andratx,Mallorca,24.58,23.67,18.76,A
2020-M08,2020,8,mensual,07011,Calvià,Mallorca,39.72,39.69,34.65,A
2020-M08,2020,8,mensual,07014,Capdepera,Mallorca,23.8,38.35,23.26,A
2020-M08,2020,8,mensual,07015,Ciutadella de Menorca,Menorca,50.46,54.5,48.34,A
2020-M08,2020,8,mensual,07022,Felanitx,Mallorca,,,,U
2020-M08,2020,8,mensual,07024,Formentera,Formentera,52.42,53.78,59.18,A
2020-M08,2020,8,mensual,07026,Eivissa,Eivissa,38.51,42.41,41.77,A
2020-M08,2020,8,mensual,07031,Llucmajor,Mallorca,,,,U
2020-M08,2020,8,mensual,07032,Maó,Menorca,57.7,62.08,58.13,A
2020-M08,2020,8,mensual,07033,Manacor,Mallorca,32.86,33.28,25.13,A
2020-M08,2020,8,mensual,07039,Muro,Mallorca,40.2,37.31,40.21,A
2020-M08,2020,8,mensual,07040,Palma,Mallorca,43.09,41.33,37.59,A
2020-M08,2020,8,mensual,07042,Pollença,Mallorca,31.51,35.99,33.59,A
2020-M08,2020,8,mensual,07046,Sant Antoni de Portmany,Eivissa,44.68,42.67,45.13,A
2020-M08,2020,8,mensual,07048,Sant Josep de sa Talaia,Eivissa,44.41,39.77,40.01,A
2020-M08,2020,8,mensual,07050,Sant Joan de Labritja,Eivissa,50.43,47.61,47.33,A
2020-M08,2020,8,mensual,07051,Sant Llorenç des Cardassar,Mallorca,33.72,33.64,38.21,A
2020-M08,2020,8,mensual,07052,Sant Lluís,Menorca,,,,U
2020-M08,2020,8,mensual,07054,Santa Eulària des Riu,Eivissa,37.81,39.39,29.26,A
2020-M08,2020,8,mensual,07055,Santa Margalida,Mallorca,45.81,42.98,42.55,A
2020-M08,2020,8,mensual,07057,Santanyí,Mallorca,43.13,39.6,36.04,A
2020-M08,2020,8,mensual,07059,Ses Salines,Mallorca,46.21,49.72,51.29,A
2020-M08,2020,8,mensual,07061,Sóller,Mallorca,21.26,20.74,22.27,A
2020-M08,2020,8,mensual,07062,Son Servera,Mallorca,20.29,19.25,35.05,A
2020-M09,2020,9,mensual,07002,Alaior,Menorca,,,,U
2020-M09,2020,9,mensual,07003,Alcúdia,Mallorca,,,,U
2020-M09,2020,9,mensual,07005,Andratx,Mallorca,8.64,9.25,8.21,A
2020-M09,2020,9,mensual,07011,Calvià,Mallorca,14.96,18.08,12.76,A
2020-M09,2020,9,mensual,07014,Capdepera,Mallorca,12.73,15.45,15.8,A
2020-M09,2020,9,mensual,07015,Ciutadella de Menorca,Menorca,40.54,49.53,54.05,A
2020-M09,2020,9,mensual,07022,Felanitx,Mallorca,,,,U
2020-M09,2020,9,mensual,07024,Formentera,Formentera,39.24,39.18,43.33,A
2020-M09,2020,9,mensual,07026,Eivissa,Eivissa,33.63,38.51,33.4,A
2020-M09,2020,9,mensual,07031,Llucmajor,Mallorca,,,,U
2020-M09,2020,9,mensual,07032,Maó,Menorca,32.03,41.46,37.03,A
2020-M09,2020,9,mensual,07033,Manacor,Mallorca,,,,U
2020-M09,2020,9,mensual,07039,Muro,Mallorca,27.89,31.02,27.24,A
2020-M09,2020,9,mensual,07040,Palma,Mallorca,28.27,32.85,34.99,A
2020-M09,2020,9,mensual,07042,Pollença,Mallorca,11.31,16.68,13.51,A
2020-M09,2020,9,mensual,07046,Sant Antoni de Portmany,Eivissa,38.25,37.22,38.48,A
2020-M09,2020,9,mensual,07048,Sant Josep de sa Talaia,Eivissa,,,,U
2020-M09,2020,9,mensual,07050,Sant Joan de Labritja,Eivissa,,,,U
2020-M09,2020,9,mensual,07051,Sant Llorenç des Cardassar,Mallorca,,,,U
2020-M09,2020,9,mensual,07052,Sant Lluís,Menorca,,,,U
2020-M09,2020,9,mensual,07054,Santa Eulària des Riu,Eivissa,22.69,28.04,24.72,A
2020-M09,2020,9,mensual,07055,Santa Margalida,Mallorca,24.52,33.74,28.85,A
2020-M09,2020,9,mensual,07057,Santanyí,Mallorca,25.31,23.47,33.29,A
2020-M09,2020,9,mensual,07059,Ses Salines,Mallorca,,,,U
2020-M09,2020,9,mensual,07061,Sóller,Mallorca,8.27,8.33,7.61,A
2020-M09,2020,9,mensual,07062,Son Servera,Mallorca,,,,U
2020-M10,2020,10,mensual,07002,Alaior,Menorca,,,,U
2020-M10,2020,10,mensual,07003,Alcúdia,Mallorca,,,,U
2020-M10,2020,10,mensual,07005,Andratx,Mallorca,,,,U
2020-M10,2020,10,mensual,07011,Calvià,Mallorca,7.62,11.63,7.73,A
2020-M10,2020,10,mensual,07014,Capdepera,Mallorca,,,,U
2020-M10,2020,10,mensual,07015,Ciutadella de Menorca,Menorca,18.32,24.12,21.95,A
2020-M10,2020,10,mensual,07022,Felanitx,Mallorca,,,,U
2020-M10,2020,10,mensual,07024,Formentera,Formentera,22.33,23.01,27.36,A
2020-M10,2020,10,mensual,07026,Eivissa,Eivissa,22.59,30.3,23.28,A
2020-M10,2020,10,mensual,07031,Llucmajor,Mallorca,,,,U
2020-M10,2020,10,mensual,07032,Maó,Menorca,24.61,35.1,52.84,A
2020-M10,2020,10,mensual,07033,Manacor,Mallorca,,,,U
2020-M10,2020,10,mensual,07039,Muro,Mallorca,,,,U
2020-M10,2020,10,mensual,07040,Palma,Mallorca,27.74,34.05,30.36,A
2020-M10,2020,10,mensual,07042,Pollença,Mallorca,13.2,18.69,20.66,A
2020-M10,2020,10,mensual,07046,Sant Antoni de Portmany,Eivissa,,,,U
2020-M10,2020,10,mensual,07048,Sant Josep de sa Talaia,Eivissa,,,,U
2020-M10,2020,10,mensual,07050,Sant Joan de Labritja,Eivissa,,,,U
2020-M10,2020,10,mensual,07051,Sant Llorenç des Cardassar,Mallorca,,,,U
2020-M10,2020,10,mensual,07052,Sant Lluís,Menorca,,,,U
2020-M10,2020,10,mensual,07054,Santa Eulària des Riu,Eivissa,5.58,8.98,8.91,A
2020-M10,2020,10,mensual,07055,Santa Margalida,Mallorca,,,,U
2020-M10,2020,10,mensual,07057,Santanyí,Mallorca,,,,U
2020-M10,2020,10,mensual,07059,Ses Salines,Mallorca,,,,U
2020-M10,2020,10,mensual,07061,Sóller,Mallorca,,,,U
2020-M10,2020,10,mensual,07062,Son Servera,Mallorca,,,,U
2020-M11,2020,11,mensual,07002,Alaior,Menorca,0.0,0.0,0.0,A
2020-M11,2020,11,mensual,07003,Alcúdia,Mallorca,,,,U
2020-M11,2020,11,mensual,07005,Andratx,Mallorca,,,,U
2020-M11,2020,11,mensual,07011,Calvià,Mallorca,,,,U
2020-M11,2020,11,mensual,07014,Capdepera,Mallorca,,,,U
2020-M11,2020,11,mensual,07015,Ciutadella de Menorca,Menorca,,,,U
2020-M11,2020,11,mensual,07022,Felanitx,Mallorca,,,,U
2020-M11,2020,11,mensual,07024,Formentera,Formentera,,,,U
2020-M11,2020,11,mensual,07026,Eivissa,Eivissa,23.19,36.19,24.11,A
2020-M11,2020,11,mensual,07031,Llucmajor,Mallorca,,,,U
2020-M11,2020,11,mensual,07032,Maó,Menorca,16.29,25.15,15.83,A
2020-M11,2020,11,mensual,07033,Manacor,Mallorca,,,,U
2020-M11,2020,11,mensual,07039,Muro,Mallorca,,,,U
2020-M11,2020,11,mensual,07040,Palma,Mallorca,18.93,27.13,21.83,A
2020-M11,2020,11,mensual,07042,Pollença,Mallorca,,,,U
2020-M11,2020,11,mensual,07046,Sant Antoni de Portmany,Eivissa,,,,U
2020-M11,2020,11,mensual,07048,Sant Josep de sa Talaia,Eivissa,,,,U
2020-M11,2020,11,mensual,07050,Sant Joan de Labritja,Eivissa,,,,U
2020-M11,2020,11,mensual,07051,Sant Llorenç des Cardassar,Mallorca,,,,U
2020-M11,2020,11,mensual,07052,Sant Lluís,Menorca,0.0,0.0,0.0,A
2020-M11,2020,11,mensual,07054,Santa Eulària des Riu,Eivissa,,,,U
2020-M11,2020,11,mensual,07055,Santa Margalida,Mallorca,,,,U
2020-M11,2020,11,mensual,07057,Santanyí,Mallorca,,,,U
2020-M11,2020,11,mensual,07059,Ses Salines,Mallorca,0.0,0.0,0.0,A
2020-M11,2020,11,mensual,07061,Sóller,Mallorca,,,,U
2020-M11,2020,11,mensual,07062,Son Servera,Mallorca,,,,U
2020-M12,2020,12,mensual,07002,Alaior,Menorca,0.0,0.0,0.0,A
2020-M12,2020,12,mensual,07003,Alcúdia,Mallorca,,,,U
2020-M12,2020,12,mensual,07005,Andratx,Mallorca,,,,U
2020-M12,2020,12,mensual,07011,Calvià,Mallorca,,,,U
2020-M12,2020,12,mensual,07014,Capdepera,Mallorca,,,,U
2020-M12,2020,12,mensual,07015,Ciutadella de Menorca,Menorca,,,,U
2020-M12,2020,12,mensual,07022,Felanitx,Mallorca,,,,U
2020-M12,2020,12,mensual,07024,Formentera,Formentera,,,,U
2020-M12,2020,12,mensual,07026,Eivissa,Eivissa,23.81,35.4,24.43,A
2020-M12,2020,12,mensual,07031,Llucmajor,Mallorca,,,,U
2020-M12,2020,12,mensual,07032,Maó,Menorca,,,,U
2020-M12,2020,12,mensual,07033,Manacor,Mallorca,,,,U
2020-M12,2020,12,mensual,07039,Muro,Mallorca,0.0,0.0,0.0,A
2020-M12,2020,12,mensual,07040,Palma,Mallorca,18.86,24.52,23.08,A
2020-M12,2020,12,mensual,07042,Pollença,Mallorca,,,,U
2020-M12,2020,12,mensual,07046,Sant Antoni de Portmany,Eivissa,,,,U
2020-M12,2020,12,mensual,07048,Sant Josep de sa Talaia,Eivissa,,,,U
2020-M12,2020,12,mensual,07050,Sant Joan de Labritja,Eivissa,,,,U
2020-M12,2020,12,mensual,07051,Sant Llorenç des Cardassar,Mallorca,,,,U
2020-M12,2020,12,mensual,07052,Sant Lluís,Menorca,0.0,0.0,0.0,A
2020-M12,2020,12,mensual,07054,Santa Eulària des Riu,Eivissa,,,,U
2020-M12,2020,12,mensual,07055,Santa Margalida,Mallorca,,,,U
2020-M12,2020,12,mensual,07057,Santanyí,Mallorca,,,,U
2020-M12,2020,12,mensual,07059,Ses Salines,Mallorca,0.0,0.0,0.0,A
2020-M12,2020,12,mensual,07061,Sóller,Mallorca,,,,U
2020-M12,2020,12,mensual,07062,Son Servera,Mallorca,,,,U
2021,2021,,anual,07002,Alaior,Menorca,51.56,48.91,50.47,A
2021,2021,,anual,07003,Alcúdia,Mallorca,52.8,56.08,50.57,A
2021,2021,,anual,07005,Andratx,Mallorca,48.54,47.24,46.0,A
2021,2021,,anual,07011,Calvià,Mallorca,57.07,60.58,55.37,A
2021,2021,,anual,07014,Capdepera,Mallorca,51.68,53.0,52.49,A
2021,2021,,anual,07015,Ciutadella de Menorca,Menorca,58.08,62.5,59.0,A
2021,2021,,anual,07022,Felanitx,Mallorca,49.06,51.12,49.89,A
2021,2021,,anual,07024,Formentera,Formentera,68.98,69.21,75.67,A
2021,2021,,anual,07026,Eivissa,Eivissa,62.19,67.83,63.95,A
2021,2021,,anual,07031,Llucmajor,Mallorca,56.0,56.39,57.01,A
2021,2021,,anual,07032,Maó,Menorca,51.64,58.59,62.16,A
2021,2021,,anual,07033,Manacor,Mallorca,56.94,59.05,48.23,A
2021,2021,,anual,07039,Muro,Mallorca,61.28,60.51,58.7,A
2021,2021,,anual,07040,Palma,Mallorca,56.24,61.42,59.53,A
2021,2021,,anual,07042,Pollença,Mallorca,50.52,57.97,48.65,A
2021,2021,,anual,07046,Sant Antoni de Portmany,Eivissa,48.67,51.96,50.77,A
2021,2021,,anual,07048,Sant Josep de sa Talaia,Eivissa,60.18,59.77,58.06,A
2021,2021,,anual,07050,Sant Joan de Labritja,Eivissa,71.25,74.85,68.76,A
2021,2021,,anual,07051,Sant Llorenç des Cardassar,Mallorca,60.81,65.85,61.23,A
2021,2021,,anual,07052,Sant Lluís,Menorca,37.32,45.29,32.38,A
2021,2021,,anual,07054,Santa Eulària des Riu,Eivissa,50.65,55.25,50.41,A
2021,2021,,anual,07055,Santa Margalida,Mallorca,58.52,58.85,59.59,A
2021,2021,,anual,07057,Santanyí,Mallorca,60.85,55.16,61.99,A
2021,2021,,anual,07059,Ses Salines,Mallorca,50.6,60.87,47.59,A
2021,2021,,anual,07061,Sóller,Mallorca,59.78,61.12,62.76,A
2021,2021,,anual,07062,Son Servera,Mallorca,41.98,46.35,40.98,A
2021-M01,2021,1,mensual,07002,Alaior,Menorca,0.0,0.0,0.0,A
2021-M01,2021,1,mensual,07003,Alcúdia,Mallorca,,,,U
2021-M01,2021,1,mensual,07005,Andratx,Mallorca,,,,U
2021-M01,2021,1,mensual,07011,Calvià,Mallorca,,,,U
2021-M01,2021,1,mensual,07014,Capdepera,Mallorca,,,,U
2021-M01,2021,1,mensual,07015,Ciutadella de Menorca,Menorca,,,,U
2021-M01,2021,1,mensual,07022,Felanitx,Mallorca,,,,U
2021-M01,2021,1,mensual,07024,Formentera,Formentera,,,,U
2021-M01,2021,1,mensual,07026,Eivissa,Eivissa,22.16,35.04,20.41,A
2021-M01,2021,1,mensual,07031,Llucmajor,Mallorca,,,,U
2021-M01,2021,1,mensual,07032,Maó,Menorca,9.44,15.62,12.12,A
2021-M01,2021,1,mensual,07033,Manacor,Mallorca,,,,U
2021-M01,2021,1,mensual,07039,Muro,Mallorca,0.0,0.0,0.0,A
2021-M01,2021,1,mensual,07040,Palma,Mallorca,13.91,19.1,14.11,A
2021-M01,2021,1,mensual,07042,Pollença,Mallorca,,,,U
2021-M01,2021,1,mensual,07046,Sant Antoni de Portmany,Eivissa,,,,U
2021-M01,2021,1,mensual,07048,Sant Josep de sa Talaia,Eivissa,,,,U
2021-M01,2021,1,mensual,07050,Sant Joan de Labritja,Eivissa,,,,U
2021-M01,2021,1,mensual,07051,Sant Llorenç des Cardassar,Mallorca,,,,U
2021-M01,2021,1,mensual,07052,Sant Lluís,Menorca,0.0,0.0,0.0,A
2021-M01,2021,1,mensual,07054,Santa Eulària des Riu,Eivissa,,,,U
2021-M01,2021,1,mensual,07055,Santa Margalida,Mallorca,,,,U
2021-M01,2021,1,mensual,07057,Santanyí,Mallorca,,,,U
2021-M01,2021,1,mensual,07059,Ses Salines,Mallorca,0.0,0.0,0.0,A
2021-M01,2021,1,mensual,07061,Sóller,Mallorca,,,,U
2021-M01,2021,1,mensual,07062,Son Servera,Mallorca,,,,U
2021-M02,2021,2,mensual,07002,Alaior,Menorca,0.0,0.0,0.0,A
2021-M02,2021,2,mensual,07003,Alcúdia,Mallorca,,,,U
2021-M02,2021,2,mensual,07005,Andratx,Mallorca,,,,U
2021-M02,2021,2,mensual,07011,Calvià,Mallorca,,,,U
2021-M02,2021,2,mensual,07014,Capdepera,Mallorca,,,,U
2021-M02,2021,2,mensual,07015,Ciutadella de Menorca,Menorca,,,,U
2021-M02,2021,2,mensual,07022,Felanitx,Mallorca,,,,U
2021-M02,2021,2,mensual,07024,Formentera,Formentera,,,,U
2021-M02,2021,2,mensual,07026,Eivissa,Eivissa,18.36,30.07,15.12,A
2021-M02,2021,2,mensual,07031,Llucmajor,Mallorca,,,,U
2021-M02,2021,2,mensual,07032,Maó,Menorca,,,,U
2021-M02,2021,2,mensual,07033,Manacor,Mallorca,,,,U
2021-M02,2021,2,mensual,07039,Muro,Mallorca,,,,U
2021-M02,2021,2,mensual,07040,Palma,Mallorca,17.56,24.55,19.03,A
2021-M02,2021,2,mensual,07042,Pollença,Mallorca,,,,U
2021-M02,2021,2,mensual,07046,Sant Antoni de Portmany,Eivissa,,,,U
2021-M02,2021,2,mensual,07048,Sant Josep de sa Talaia,Eivissa,,,,U
2021-M02,2021,2,mensual,07050,Sant Joan de Labritja,Eivissa,,,,U
2021-M02,2021,2,mensual,07051,Sant Llorenç des Cardassar,Mallorca,,,,U
2021-M02,2021,2,mensual,07052,Sant Lluís,Menorca,0.0,0.0,0.0,A
2021-M02,2021,2,mensual,07054,Santa Eulària des Riu,Eivissa,,,,U
2021-M02,2021,2,mensual,07055,Santa Margalida,Mallorca,,,,U
2021-M02,2021,2,mensual,07057,Santanyí,Mallorca,,,,U
2021-M02,2021,2,mensual,07059,Ses Salines,Mallorca,,,,U
2021-M02,2021,2,mensual,07061,Sóller,Mallorca,,,,U
2021-M02,2021,2,mensual,07062,Son Servera,Mallorca,,,,U
2021-M03,2021,3,mensual,07002,Alaior,Menorca,0.0,0.0,0.0,A
2021-M03,2021,3,mensual,07003,Alcúdia,Mallorca,,,,U
2021-M03,2021,3,mensual,07005,Andratx,Mallorca,,,,U
2021-M03,2021,3,mensual,07011,Calvià,Mallorca,10.54,18.57,14.6,A
2021-M03,2021,3,mensual,07014,Capdepera,Mallorca,,,,U
2021-M03,2021,3,mensual,07015,Ciutadella de Menorca,Menorca,,,,U
2021-M03,2021,3,mensual,07022,Felanitx,Mallorca,,,,U
2021-M03,2021,3,mensual,07024,Formentera,Formentera,,,,U
2021-M03,2021,3,mensual,07026,Eivissa,Eivissa,28.99,44.9,25.69,A
2021-M03,2021,3,mensual,07031,Llucmajor,Mallorca,,,,U
2021-M03,2021,3,mensual,07032,Maó,Menorca,18.92,28.86,24.94,A
2021-M03,2021,3,mensual,07033,Manacor,Mallorca,,,,U
2021-M03,2021,3,mensual,07039,Muro,Mallorca,,,,U
2021-M03,2021,3,mensual,07040,Palma,Mallorca,31.05,41.0,34.59,A
2021-M03,2021,3,mensual,07042,Pollença,Mallorca,,,,U
2021-M03,2021,3,mensual,07046,Sant Antoni de Portmany,Eivissa,,,,U
2021-M03,2021,3,mensual,07048,Sant Josep de sa Talaia,Eivissa,,,,U
2021-M03,2021,3,mensual,07050,Sant Joan de Labritja,Eivissa,,,,U
2021-M03,2021,3,mensual,07051,Sant Llorenç des Cardassar,Mallorca,,,,U
2021-M03,2021,3,mensual,07052,Sant Lluís,Menorca,0.0,0.0,0.0,A
2021-M03,2021,3,mensual,07054,Santa Eulària des Riu,Eivissa,,,,U
2021-M03,2021,3,mensual,07055,Santa Margalida,Mallorca,,,,U
2021-M03,2021,3,mensual,07057,Santanyí,Mallorca,,,,U
2021-M03,2021,3,mensual,07059,Ses Salines,Mallorca,,,,U
2021-M03,2021,3,mensual,07061,Sóller,Mallorca,,,,U
2021-M03,2021,3,mensual,07062,Son Servera,Mallorca,,,,U
2021-M04,2021,4,mensual,07002,Alaior,Menorca,,,,U
2021-M04,2021,4,mensual,07003,Alcúdia,Mallorca,,,,U
2021-M04,2021,4,mensual,07005,Andratx,Mallorca,,,,U
2021-M04,2021,4,mensual,07011,Calvià,Mallorca,19.64,26.46,24.04,A
2021-M04,2021,4,mensual,07014,Capdepera,Mallorca,15.06,14.73,14.17,A
2021-M04,2021,4,mensual,07015,Ciutadella de Menorca,Menorca,,,,U
2021-M04,2021,4,mensual,07022,Felanitx,Mallorca,,,,U
2021-M04,2021,4,mensual,07024,Formentera,Formentera,,,,U
2021-M04,2021,4,mensual,07026,Eivissa,Eivissa,,,,U
2021-M04,2021,4,mensual,07031,Llucmajor,Mallorca,,,,U
2021-M04,2021,4,mensual,07032,Maó,Menorca,,,,U
2021-M04,2021,4,mensual,07033,Manacor,Mallorca,,,,U
2021-M04,2021,4,mensual,07039,Muro,Mallorca,,,,U
2021-M04,2021,4,mensual,07040,Palma,Mallorca,38.72,46.46,40.35,A
2021-M04,2021,4,mensual,07042,Pollença,Mallorca,,,,U
2021-M04,2021,4,mensual,07046,Sant Antoni de Portmany,Eivissa,,,,U
2021-M04,2021,4,mensual,07048,Sant Josep de sa Talaia,Eivissa,,,,U
2021-M04,2021,4,mensual,07050,Sant Joan de Labritja,Eivissa,,,,U
2021-M04,2021,4,mensual,07051,Sant Llorenç des Cardassar,Mallorca,,,,U
2021-M04,2021,4,mensual,07052,Sant Lluís,Menorca,0.0,0.0,0.0,A
2021-M04,2021,4,mensual,07054,Santa Eulària des Riu,Eivissa,,,,U
2021-M04,2021,4,mensual,07055,Santa Margalida,Mallorca,,,,U
2021-M04,2021,4,mensual,07057,Santanyí,Mallorca,,,,U
2021-M04,2021,4,mensual,07059,Ses Salines,Mallorca,,,,U
2021-M04,2021,4,mensual,07061,Sóller,Mallorca,,,,U
2021-M04,2021,4,mensual,07062,Son Servera,Mallorca,,,,U
2021-M05,2021,5,mensual,07002,Alaior,Menorca,,,,U
2021-M05,2021,5,mensual,07003,Alcúdia,Mallorca,32.56,35.39,28.2,A
2021-M05,2021,5,mensual,07005,Andratx,Mallorca,,,,U
2021-M05,2021,5,mensual,07011,Calvià,Mallorca,43.99,52.62,40.38,A
2021-M05,2021,5,mensual,07014,Capdepera,Mallorca,28.25,28.48,28.2,A
2021-M05,2021,5,mensual,07015,Ciutadella de Menorca,Menorca,22.41,26.17,26.13,A
2021-M05,2021,5,mensual,07022,Felanitx,Mallorca,,,,U
2021-M05,2021,5,mensual,07024,Formentera,Formentera,27.86,28.5,37.09,A
2021-M05,2021,5,mensual,07026,Eivissa,Eivissa,52.64,64.37,53.34,A
2021-M05,2021,5,mensual,07031,Llucmajor,Mallorca,,,,U
2021-M05,2021,5,mensual,07032,Maó,Menorca,24.3,35.05,32.38,A
2021-M05,2021,5,mensual,07033,Manacor,Mallorca,,,,U
2021-M05,2021,5,mensual,07039,Muro,Mallorca,57.25,64.65,57.17,A
2021-M05,2021,5,mensual,07040,Palma,Mallorca,50.38,58.51,55.37,A
2021-M05,2021,5,mensual,07042,Pollença,Mallorca,50.08,63.74,25.03,A
2021-M05,2021,5,mensual,07046,Sant Antoni de Portmany,Eivissa,16.38,19.11,15.24,A
2021-M05,2021,5,mensual,07048,Sant Josep de sa Talaia,Eivissa,41.5,41.87,31.38,A
2021-M05,2021,5,mensual,07050,Sant Joan de Labritja,Eivissa,,,,U
2021-M05,2021,5,mensual,07051,Sant Llorenç des Cardassar,Mallorca,67.2,72.85,64.31,A
2021-M05,2021,5,mensual,07052,Sant Lluís,Menorca,,,,U
2021-M05,2021,5,mensual,07054,Santa Eulària des Riu,Eivissa,28.88,30.38,32.8,A
2021-M05,2021,5,mensual,07055,Santa Margalida,Mallorca,66.02,67.49,69.47,A
2021-M05,2021,5,mensual,07057,Santanyí,Mallorca,47.33,46.95,21.28,A
2021-M05,2021,5,mensual,07059,Ses Salines,Mallorca,,,,U
2021-M05,2021,5,mensual,07061,Sóller,Mallorca,43.47,44.99,46.71,A
2021-M05,2021,5,mensual,07062,Son Servera,Mallorca,,,,U
2021-M06,2021,6,mensual,07002,Alaior,Menorca,22.66,21.39,24.26,A
2021-M06,2021,6,mensual,07003,Alcúdia,Mallorca,38.39,47.05,40.09,A
2021-M06,2021,6,mensual,07005,Andratx,Mallorca,,,,U
2021-M06,2021,6,mensual,07011,Calvià,Mallorca,46.71,49.61,41.56,A
2021-M06,2021,6,mensual,07014,Capdepera,Mallorca,43.98,47.58,43.75,A
2021-M06,2021,6,mensual,07015,Ciutadella de Menorca,Menorca,41.77,47.13,44.81,A
2021-M06,2021,6,mensual,07022,Felanitx,Mallorca,35.76,38.36,38.34,A
2021-M06,2021,6,mensual,07024,Formentera,Formentera,56.68,57.9,73.6,A
2021-M06,2021,6,mensual,07026,Eivissa,Eivissa,49.87,57.75,52.3,A
2021-M06,2021,6,mensual,07031,Llucmajor,Mallorca,,,,U
2021-M06,2021,6,mensual,07032,Maó,Menorca,45.66,56.73,71.33,A
2021-M06,2021,6,mensual,07033,Manacor,Mallorca,46.11,49.64,40.33,A
2021-M06,2021,6,mensual,07039,Muro,Mallorca,49.36,49.58,42.66,A
2021-M06,2021,6,mensual,07040,Palma,Mallorca,51.22,56.2,59.25,A
2021-M06,2021,6,mensual,07042,Pollença,Mallorca,27.47,35.53,31.61,A
2021-M06,2021,6,mensual,07046,Sant Antoni de Portmany,Eivissa,36.61,39.55,40.26,A
2021-M06,2021,6,mensual,07048,Sant Josep de sa Talaia,Eivissa,36.68,39.72,27.66,A
2021-M06,2021,6,mensual,07050,Sant Joan de Labritja,Eivissa,51.71,56.46,39.06,A
2021-M06,2021,6,mensual,07051,Sant Llorenç des Cardassar,Mallorca,48.42,49.64,48.27,A
2021-M06,2021,6,mensual,07052,Sant Lluís,Menorca,,,,U
2021-M06,2021,6,mensual,07054,Santa Eulària des Riu,Eivissa,36.13,40.68,36.2,A
2021-M06,2021,6,mensual,07055,Santa Margalida,Mallorca,41.68,43.8,44.57,A
2021-M06,2021,6,mensual,07057,Santanyí,Mallorca,41.16,39.6,48.95,A
2021-M06,2021,6,mensual,07059,Ses Salines,Mallorca,30.37,53.93,32.66,A
2021-M06,2021,6,mensual,07061,Sóller,Mallorca,45.11,46.2,51.54,A
2021-M06,2021,6,mensual,07062,Son Servera,Mallorca,27.22,35.67,34.69,A
2021-M07,2021,7,mensual,07002,Alaior,Menorca,56.52,51.37,59.11,A
2021-M07,2021,7,mensual,07003,Alcúdia,Mallorca,57.68,57.27,57.94,A
2021-M07,2021,7,mensual,07005,Andratx,Mallorca,52.59,48.64,53.66,A
2021-M07,2021,7,mensual,07011,Calvià,Mallorca,65.27,65.64,61.1,A
2021-M07,2021,7,mensual,07014,Capdepera,Mallorca,51.73,50.46,50.8,A
2021-M07,2021,7,mensual,07015,Ciutadella de Menorca,Menorca,62.56,67.37,62.99,A
2021-M07,2021,7,mensual,07022,Felanitx,Mallorca,45.01,44.12,47.83,A
2021-M07,2021,7,mensual,07024,Formentera,Formentera,76.02,74.6,83.04,A
2021-M07,2021,7,mensual,07026,Eivissa,Eivissa,73.37,76.87,69.74,A
2021-M07,2021,7,mensual,07031,Llucmajor,Mallorca,51.66,51.71,46.11,A
2021-M07,2021,7,mensual,07032,Maó,Menorca,79.79,85.76,83.62,A
2021-M07,2021,7,mensual,07033,Manacor,Mallorca,58.41,64.14,60.17,A
2021-M07,2021,7,mensual,07039,Muro,Mallorca,64.76,59.22,63.26,A
2021-M07,2021,7,mensual,07040,Palma,Mallorca,64.82,66.44,65.17,A
2021-M07,2021,7,mensual,07042,Pollença,Mallorca,53.7,58.13,43.05,A
2021-M07,2021,7,mensual,07046,Sant Antoni de Portmany,Eivissa,60.54,64.34,61.98,A
2021-M07,2021,7,mensual,07048,Sant Josep de sa Talaia,Eivissa,60.93,59.63,61.34,A
2021-M07,2021,7,mensual,07050,Sant Joan de Labritja,Eivissa,84.79,84.53,78.65,A
2021-M07,2021,7,mensual,07051,Sant Llorenç des Cardassar,Mallorca,62.09,65.53,63.29,A
2021-M07,2021,7,mensual,07052,Sant Lluís,Menorca,49.11,54.17,38.53,A
2021-M07,2021,7,mensual,07054,Santa Eulària des Riu,Eivissa,56.66,60.82,57.08,A
2021-M07,2021,7,mensual,07055,Santa Margalida,Mallorca,61.65,59.53,55.54,A
2021-M07,2021,7,mensual,07057,Santanyí,Mallorca,58.82,49.09,58.9,A
2021-M07,2021,7,mensual,07059,Ses Salines,Mallorca,63.85,70.77,54.74,A
2021-M07,2021,7,mensual,07061,Sóller,Mallorca,64.22,67.14,72.89,A
2021-M07,2021,7,mensual,07062,Son Servera,Mallorca,44.6,45.95,40.01,A
2021-M08,2021,8,mensual,07002,Alaior,Menorca,71.99,65.05,66.18,A
2021-M08,2021,8,mensual,07003,Alcúdia,Mallorca,61.48,61.36,59.61,A
2021-M08,2021,8,mensual,07005,Andratx,Mallorca,58.31,51.28,57.38,A
2021-M08,2021,8,mensual,07011,Calvià,Mallorca,65.33,64.98,64.17,A
2021-M08,2021,8,mensual,07014,Capdepera,Mallorca,59.37,59.95,62.46,A
2021-M08,2021,8,mensual,07015,Ciutadella de Menorca,Menorca,75.04,77.0,74.07,A
2021-M08,2021,8,mensual,07022,Felanitx,Mallorca,55.03,52.99,56.77,A
2021-M08,2021,8,mensual,07024,Formentera,Formentera,87.35,85.88,84.39,A
2021-M08,2021,8,mensual,07026,Eivissa,Eivissa,81.68,82.52,81.82,A
2021-M08,2021,8,mensual,07031,Llucmajor,Mallorca,65.25,66.23,62.04,A
2021-M08,2021,8,mensual,07032,Maó,Menorca,90.89,93.7,89.84,A
2021-M08,2021,8,mensual,07033,Manacor,Mallorca,69.66,68.82,53.96,A
2021-M08,2021,8,mensual,07039,Muro,Mallorca,70.91,66.39,69.57,A
2021-M08,2021,8,mensual,07040,Palma,Mallorca,68.18,70.19,67.75,A
2021-M08,2021,8,mensual,07042,Pollença,Mallorca,57.53,60.76,54.41,A
2021-M08,2021,8,mensual,07046,Sant Antoni de Portmany,Eivissa,63.73,64.93,67.26,A
2021-M08,2021,8,mensual,07048,Sant Josep de sa Talaia,Eivissa,73.99,69.68,72.27,A
2021-M08,2021,8,mensual,07050,Sant Joan de Labritja,Eivissa,90.77,91.63,91.84,A
2021-M08,2021,8,mensual,07051,Sant Llorenç des Cardassar,Mallorca,66.1,68.3,64.6,A
2021-M08,2021,8,mensual,07052,Sant Lluís,Menorca,53.39,61.23,52.34,A
2021-M08,2021,8,mensual,07054,Santa Eulària des Riu,Eivissa,63.51,68.0,67.91,A
2021-M08,2021,8,mensual,07055,Santa Margalida,Mallorca,64.33,61.89,66.14,A
2021-M08,2021,8,mensual,07057,Santanyí,Mallorca,82.28,68.16,85.23,A
2021-M08,2021,8,mensual,07059,Ses Salines,Mallorca,70.41,77.94,78.16,A
2021-M08,2021,8,mensual,07061,Sóller,Mallorca,75.54,75.0,76.38,A
2021-M08,2021,8,mensual,07062,Son Servera,Mallorca,45.94,49.5,47.61,A
2021-M09,2021,9,mensual,07002,Alaior,Menorca,44.84,49.39,37.99,A
2021-M09,2021,9,mensual,07003,Alcúdia,Mallorca,55.64,61.82,62.01,A
2021-M09,2021,9,mensual,07005,Andratx,Mallorca,65.49,59.43,56.21,A
2021-M09,2021,9,mensual,07011,Calvià,Mallorca,62.64,67.85,64.82,A
2021-M09,2021,9,mensual,07014,Capdepera,Mallorca,55.25,60.63,58.25,A
2021-M09,2021,9,mensual,07015,Ciutadella de Menorca,Menorca,61.68,68.34,64.37,A
2021-M09,2021,9,mensual,07022,Felanitx,Mallorca,48.47,53.27,48.04,A
2021-M09,2021,9,mensual,07024,Formentera,Formentera,76.29,78.09,82.91,A
2021-M09,2021,9,mensual,07026,Eivissa,Eivissa,68.01,72.48,70.77,A
2021-M09,2021,9,mensual,07031,Llucmajor,Mallorca,72.44,74.45,73.67,A
2021-M09,2021,9,mensual,07032,Maó,Menorca,68.65,79.38,86.07,A
2021-M09,2021,9,mensual,07033,Manacor,Mallorca,55.7,63.82,51.21,A
2021-M09,2021,9,mensual,07039,Muro,Mallorca,60.56,64.27,63.44,A
2021-M09,2021,9,mensual,07040,Palma,Mallorca,60.59,66.5,64.94,A
2021-M09,2021,9,mensual,07042,Pollença,Mallorca,50.17,59.09,51.53,A
2021-M09,2021,9,mensual,07046,Sant Antoni de Portmany,Eivissa,52.53,57.59,54.49,A
2021-M09,2021,9,mensual,07048,Sant Josep de sa Talaia,Eivissa,63.13,64.91,63.24,A
2021-M09,2021,9,mensual,07050,Sant Joan de Labritja,Eivissa,71.57,75.21,79.13,A
2021-M09,2021,9,mensual,07051,Sant Llorenç des Cardassar,Mallorca,62.46,73.09,64.02,A
2021-M09,2021,9,mensual,07052,Sant Lluís,Menorca,39.8,50.91,36.08,A
2021-M09,2021,9,mensual,07054,Santa Eulària des Riu,Eivissa,55.64,62.24,57.66,A
2021-M09,2021,9,mensual,07055,Santa Margalida,Mallorca,56.93,60.11,59.08,A
2021-M09,2021,9,mensual,07057,Santanyí,Mallorca,63.48,63.21,64.1,A
2021-M09,2021,9,mensual,07059,Ses Salines,Mallorca,63.62,85.65,63.49,A
2021-M09,2021,9,mensual,07061,Sóller,Mallorca,70.75,72.32,71.17,A
2021-M09,2021,9,mensual,07062,Son Servera,Mallorca,45.78,51.99,42.81,A
2021-M10,2021,10,mensual,07002,Alaior,Menorca,,,,U
2021-M10,2021,10,mensual,07003,Alcúdia,Mallorca,52.86,56.34,36.22,A
2021-M10,2021,10,mensual,07005,Andratx,Mallorca,47.41,50.79,40.56,A
2021-M10,2021,10,mensual,07011,Calvià,Mallorca,57.53,60.97,54.36,A
2021-M10,2021,10,mensual,07014,Capdepera,Mallorca,54.13,54.41,52.29,A
2021-M10,2021,10,mensual,07015,Ciutadella de Menorca,Menorca,43.65,48.24,40.67,A
2021-M10,2021,10,mensual,07022,Felanitx,Mallorca,38.49,41.52,42.27,A
2021-M10,2021,10,mensual,07024,Formentera,Formentera,71.38,76.31,78.84,A
2021-M10,2021,10,mensual,07026,Eivissa,Eivissa,57.03,62.32,65.68,A
2021-M10,2021,10,mensual,07031,Llucmajor,Mallorca,47.26,46.93,59.31,A
2021-M10,2021,10,mensual,07032,Maó,Menorca,60.28,74.76,77.69,A
2021-M10,2021,10,mensual,07033,Manacor,Mallorca,,,,U
2021-M10,2021,10,mensual,07039,Muro,Mallorca,60.6,60.89,51.92,A
2021-M10,2021,10,mensual,07040,Palma,Mallorca,61.76,68.55,66.45,A
2021-M10,2021,10,mensual,07042,Pollença,Mallorca,51.84,62.54,56.43,A
2021-M10,2021,10,mensual,07046,Sant Antoni de Portmany,Eivissa,41.49,44.42,42.65,A
2021-M10,2021,10,mensual,07048,Sant Josep de sa Talaia,Eivissa,58.35,59.32,56.22,A
2021-M10,2021,10,mensual,07050,Sant Joan de Labritja,Eivissa,74.35,77.72,68.14,A
2021-M10,2021,10,mensual,07051,Sant Llorenç des Cardassar,Mallorca,59.36,65.86,61.07,A
2021-M10,2021,10,mensual,07052,Sant Lluís,Menorca,29.11,34.47,17.52,A
2021-M10,2021,10,mensual,07054,Santa Eulària des Riu,Eivissa,48.02,51.69,35.56,A
2021-M10,2021,10,mensual,07055,Santa Margalida,Mallorca,60.6,62.25,61.51,A
2021-M10,2021,10,mensual,07057,Santanyí,Mallorca,67.6,61.97,69.19,A
2021-M10,2021,10,mensual,07059,Ses Salines,Mallorca,57.67,64.15,24.57,A
2021-M10,2021,10,mensual,07061,Sóller,Mallorca,66.34,67.64,61.74,A
2021-M10,2021,10,mensual,07062,Son Servera,Mallorca,47.51,54.3,41.58,A
2021-M11,2021,11,mensual,07002,Alaior,Menorca,0.0,0.0,0.0,A
2021-M11,2021,11,mensual,07003,Alcúdia,Mallorca,,,,U
2021-M11,2021,11,mensual,07005,Andratx,Mallorca,,,,U
2021-M11,2021,11,mensual,07011,Calvià,Mallorca,33.43,42.4,40.97,A
2021-M11,2021,11,mensual,07014,Capdepera,Mallorca,,,,U
2021-M11,2021,11,mensual,07015,Ciutadella de Menorca,Menorca,,,,U
2021-M11,2021,11,mensual,07022,Felanitx,Mallorca,,,,U
2021-M11,2021,11,mensual,07024,Formentera,Formentera,,,,U
2021-M11,2021,11,mensual,07026,Eivissa,Eivissa,38.07,49.27,47.85,A
2021-M11,2021,11,mensual,07031,Llucmajor,Mallorca,,,,U
2021-M11,2021,11,mensual,07032,Maó,Menorca,,,,U
2021-M11,2021,11,mensual,07033,Manacor,Mallorca,,,,U
2021-M11,2021,11,mensual,07039,Muro,Mallorca,,,,U
2021-M11,2021,11,mensual,07040,Palma,Mallorca,45.75,55.24,53.9,A
2021-M11,2021,11,mensual,07042,Pollença,Mallorca,,,,U
2021-M11,2021,11,mensual,07046,Sant Antoni de Portmany,Eivissa,,,,U
2021-M11,2021,11,mensual,07048,Sant Josep de sa Talaia,Eivissa,,,,U
2021-M11,2021,11,mensual,07050,Sant Joan de Labritja,Eivissa,,,,U
2021-M11,2021,11,mensual,07051,Sant Llorenç des Cardassar,Mallorca,,,,U
2021-M11,2021,11,mensual,07052,Sant Lluís,Menorca,0.0,0.0,0.0,A
2021-M11,2021,11,mensual,07054,Santa Eulària des Riu,Eivissa,,,,U
2021-M11,2021,11,mensual,07055,Santa Margalida,Mallorca,,,,U
2021-M11,2021,11,mensual,07057,Santanyí,Mallorca,,,,U
2021-M11,2021,11,mensual,07059,Ses Salines,Mallorca,0.0,0.0,0.0,A
2021-M11,2021,11,mensual,07061,Sóller,Mallorca,,,,U
2021-M11,2021,11,mensual,07062,Son Servera,Mallorca,,,,U
2021-M12,2021,12,mensual,07002,Alaior,Menorca,0.0,0.0,0.0,A
2021-M12,2021,12,mensual,07003,Alcúdia,Mallorca,,,,U
2021-M12,2021,12,mensual,07005,Andratx,Mallorca,,,,U
2021-M12,2021,12,mensual,07011,Calvià,Mallorca,,,,U
2021-M12,2021,12,mensual,07014,Capdepera,Mallorca,,,,U
2021-M12,2021,12,mensual,07015,Ciutadella de Menorca,Menorca,,,,U
2021-M12,2021,12,mensual,07022,Felanitx,Mallorca,,,,U
2021-M12,2021,12,mensual,07024,Formentera,Formentera,,,,U
2021-M12,2021,12,mensual,07026,Eivissa,Eivissa,40.51,50.13,44.14,A
2021-M12,2021,12,mensual,07031,Llucmajor,Mallorca,,,,U
2021-M12,2021,12,mensual,07032,Maó,Menorca,,,,U
2021-M12,2021,12,mensual,07033,Manacor,Mallorca,,,,U
2021-M12,2021,12,mensual,07039,Muro,Mallorca,0.0,0.0,0.0,A
2021-M12,2021,12,mensual,07040,Palma,Mallorca,34.79,40.04,37.57,A
2021-M12,2021,12,mensual,07042,Pollença,Mallorca,,,,U
2021-M12,2021,12,mensual,07046,Sant Antoni de Portmany,Eivissa,,,,U
2021-M12,2021,12,mensual,07048,Sant Josep de sa Talaia,Eivissa,,,,U
2021-M12,2021,12,mensual,07050,Sant Joan de Labritja,Eivissa,,,,U
2021-M12,2021,12,mensual,07051,Sant Llorenç des Cardassar,Mallorca,,,,U
2021-M12,2021,12,mensual,07052,Sant Lluís,Menorca,0.0,0.0,0.0,A
2021-M12,2021,12,mensual,07054,Santa Eulària des Riu,Eivissa,,,,U
2021-M12,2021,12,mensual,07055,Santa Margalida,Mallorca,,,,U
2021-M12,2021,12,mensual,07057,Santanyí,Mallorca,,,,U
2021-M12,2021,12,mensual,07059,Ses Salines,Mallorca,0.0,0.0,0.0,A
2021-M12,2021,12,mensual,07061,Sóller,Mallorca,,,,U
2021-M12,2021,12,mensual,07062,Son Servera,Mallorca,,,,U
2022,2022,,anual,07002,Alaior,Menorca,73.81,70.24,73.11,A
2022,2022,,anual,07003,Alcúdia,Mallorca,73.43,77.51,74.39,A
2022,2022,,anual,07005,Andratx,Mallorca,64.71,68.37,66.34,A
2022,2022,,anual,07011,Calvià,Mallorca,72.14,77.17,74.3,A
2022,2022,,anual,07014,Capdepera,Mallorca,68.38,73.84,68.61,A
2022,2022,,anual,07015,Ciutadella de Menorca,Menorca,72.62,79.48,75.15,A
2022,2022,,anual,07022,Felanitx,Mallorca,60.99,63.14,61.96,A
2022,2022,,anual,07024,Formentera,Formentera,70.86,72.19,75.33,A
2022,2022,,anual,07026,Eivissa,Eivissa,73.65,78.75,74.57,A
2022,2022,,anual,07031,Llucmajor,Mallorca,80.96,83.56,81.42,A
2022,2022,,anual,07032,Maó,Menorca,51.16,60.96,57.51,A
2022,2022,,anual,07033,Manacor,Mallorca,70.64,79.47,67.42,A
2022,2022,,anual,07039,Muro,Mallorca,77.88,81.5,78.98,A
2022,2022,,anual,07040,Palma,Mallorca,73.52,78.93,77.76,A
2022,2022,,anual,07042,Pollença,Mallorca,72.85,80.87,74.39,A
2022,2022,,anual,07046,Sant Antoni de Portmany,Eivissa,76.52,79.5,79.02,A
2022,2022,,anual,07048,Sant Josep de sa Talaia,Eivissa,78.02,82.76,80.73,A
2022,2022,,anual,07050,Sant Joan de Labritja,Eivissa,75.56,78.22,74.33,A
2022,2022,,anual,07051,Sant Llorenç des Cardassar,Mallorca,77.86,81.41,77.02,A
2022,2022,,anual,07052,Sant Lluís,Menorca,66.47,76.35,61.97,A
2022,2022,,anual,07054,Santa Eulària des Riu,Eivissa,72.13,75.96,70.91,A
2022,2022,,anual,07055,Santa Margalida,Mallorca,77.37,79.69,74.99,A
2022,2022,,anual,07057,Santanyí,Mallorca,75.83,75.24,75.82,A
2022,2022,,anual,07059,Ses Salines,Mallorca,55.27,62.79,58.51,A
2022,2022,,anual,07061,Sóller,Mallorca,75.51,77.32,77.81,A
2022,2022,,anual,07062,Son Servera,Mallorca,71.12,77.41,71.26,A
2022-M01,2022,1,mensual,07002,Alaior,Menorca,0.0,0.0,0.0,A
2022-M01,2022,1,mensual,07003,Alcúdia,Mallorca,,,,U
2022-M01,2022,1,mensual,07005,Andratx,Mallorca,,,,U
2022-M01,2022,1,mensual,07011,Calvià,Mallorca,,,,U
2022-M01,2022,1,mensual,07014,Capdepera,Mallorca,,,,U
2022-M01,2022,1,mensual,07015,Ciutadella de Menorca,Menorca,,,,U
2022-M01,2022,1,mensual,07022,Felanitx,Mallorca,,,,U
2022-M01,2022,1,mensual,07024,Formentera,Formentera,,,,U
2022-M01,2022,1,mensual,07026,Eivissa,Eivissa,35.96,50.72,42.48,A
2022-M01,2022,1,mensual,07031,Llucmajor,Mallorca,,,,U
2022-M01,2022,1,mensual,07032,Maó,Menorca,,,,U
2022-M01,2022,1,mensual,07033,Manacor,Mallorca,,,,U
2022-M01,2022,1,mensual,07039,Muro,Mallorca,0.0,0.0,0.0,A
2022-M01,2022,1,mensual,07040,Palma,Mallorca,28.4,35.8,33.18,A
2022-M01,2022,1,mensual,07042,Pollença,Mallorca,,,,U
2022-M01,2022,1,mensual,07046,Sant Antoni de Portmany,Eivissa,,,,U
2022-M01,2022,1,mensual,07048,Sant Josep de sa Talaia,Eivissa,,,,U
2022-M01,2022,1,mensual,07050,Sant Joan de Labritja,Eivissa,,,,U
2022-M01,2022,1,mensual,07051,Sant Llorenç des Cardassar,Mallorca,,,,U
2022-M01,2022,1,mensual,07052,Sant Lluís,Menorca,0.0,0.0,0.0,A
2022-M01,2022,1,mensual,07054,Santa Eulària des Riu,Eivissa,,,,U
2022-M01,2022,1,mensual,07055,Santa Margalida,Mallorca,,,,U
2022-M01,2022,1,mensual,07057,Santanyí,Mallorca,,,,U
2022-M01,2022,1,mensual,07059,Ses Salines,Mallorca,0.0,0.0,0.0,A
2022-M01,2022,1,mensual,07061,Sóller,Mallorca,,,,U
2022-M01,2022,1,mensual,07062,Son Servera,Mallorca,,,,U
2022-M02,2022,2,mensual,07002,Alaior,Menorca,0.0,0.0,0.0,A
2022-M02,2022,2,mensual,07003,Alcúdia,Mallorca,,,,U
2022-M02,2022,2,mensual,07005,Andratx,Mallorca,,,,U
2022-M02,2022,2,mensual,07011,Calvià,Mallorca,53.07,62.64,56.0,A
2022-M02,2022,2,mensual,07014,Capdepera,Mallorca,,,,U
2022-M02,2022,2,mensual,07015,Ciutadella de Menorca,Menorca,,,,U
2022-M02,2022,2,mensual,07022,Felanitx,Mallorca,,,,U
2022-M02,2022,2,mensual,07024,Formentera,Formentera,,,,U
2022-M02,2022,2,mensual,07026,Eivissa,Eivissa,32.69,44.89,40.07,A
2022-M02,2022,2,mensual,07031,Llucmajor,Mallorca,,,,U
2022-M02,2022,2,mensual,07032,Maó,Menorca,,,,U
2022-M02,2022,2,mensual,07033,Manacor,Mallorca,,,,U
2022-M02,2022,2,mensual,07039,Muro,Mallorca,,,,U
2022-M02,2022,2,mensual,07040,Palma,Mallorca,43.75,52.87,53.05,A
2022-M02,2022,2,mensual,07042,Pollença,Mallorca,,,,U
2022-M02,2022,2,mensual,07046,Sant Antoni de Portmany,Eivissa,,,,U
2022-M02,2022,2,mensual,07048,Sant Josep de sa Talaia,Eivissa,,,,U
2022-M02,2022,2,mensual,07050,Sant Joan de Labritja,Eivissa,,,,U
2022-M02,2022,2,mensual,07051,Sant Llorenç des Cardassar,Mallorca,45.73,50.52,53.33,A
2022-M02,2022,2,mensual,07052,Sant Lluís,Menorca,0.0,0.0,0.0,A
2022-M02,2022,2,mensual,07054,Santa Eulària des Riu,Eivissa,,,,U
2022-M02,2022,2,mensual,07055,Santa Margalida,Mallorca,,,,U
2022-M02,2022,2,mensual,07057,Santanyí,Mallorca,,,,U
2022-M02,2022,2,mensual,07059,Ses Salines,Mallorca,,,,U
2022-M02,2022,2,mensual,07061,Sóller,Mallorca,,,,U
2022-M02,2022,2,mensual,07062,Son Servera,Mallorca,,,,U
2022-M03,2022,3,mensual,07002,Alaior,Menorca,0.0,0.0,0.0,A
2022-M03,2022,3,mensual,07003,Alcúdia,Mallorca,40.15,58.97,41.65,A
2022-M03,2022,3,mensual,07005,Andratx,Mallorca,,,,U
2022-M03,2022,3,mensual,07011,Calvià,Mallorca,48.72,55.97,51.64,A
2022-M03,2022,3,mensual,07014,Capdepera,Mallorca,50.09,57.82,67.63,A
2022-M03,2022,3,mensual,07015,Ciutadella de Menorca,Menorca,,,,U
2022-M03,2022,3,mensual,07022,Felanitx,Mallorca,,,,U
2022-M03,2022,3,mensual,07024,Formentera,Formentera,,,,U
2022-M03,2022,3,mensual,07026,Eivissa,Eivissa,39.61,52.13,48.4,A
2022-M03,2022,3,mensual,07031,Llucmajor,Mallorca,,,,U
2022-M03,2022,3,mensual,07032,Maó,Menorca,,,,U
2022-M03,2022,3,mensual,07033,Manacor,Mallorca,,,,U
2022-M03,2022,3,mensual,07039,Muro,Mallorca,,,,U
2022-M03,2022,3,mensual,07040,Palma,Mallorca,48.04,58.43,50.63,A
2022-M03,2022,3,mensual,07042,Pollença,Mallorca,41.17,47.27,43.21,A
2022-M03,2022,3,mensual,07046,Sant Antoni de Portmany,Eivissa,,,,U
2022-M03,2022,3,mensual,07048,Sant Josep de sa Talaia,Eivissa,,,,U
2022-M03,2022,3,mensual,07050,Sant Joan de Labritja,Eivissa,,,,U
2022-M03,2022,3,mensual,07051,Sant Llorenç des Cardassar,Mallorca,51.25,57.68,57.95,A
2022-M03,2022,3,mensual,07052,Sant Lluís,Menorca,0.0,0.0,0.0,A
2022-M03,2022,3,mensual,07054,Santa Eulària des Riu,Eivissa,,,,U
2022-M03,2022,3,mensual,07055,Santa Margalida,Mallorca,,,,U
2022-M03,2022,3,mensual,07057,Santanyí,Mallorca,,,,U
2022-M03,2022,3,mensual,07059,Ses Salines,Mallorca,,,,U
2022-M03,2022,3,mensual,07061,Sóller,Mallorca,58.18,62.4,60.49,A
2022-M03,2022,3,mensual,07062,Son Servera,Mallorca,42.2,48.82,45.26,A
2022-M04,2022,4,mensual,07002,Alaior,Menorca,,,,U
2022-M04,2022,4,mensual,07003,Alcúdia,Mallorca,56.42,69.18,63.28,A
2022-M04,2022,4,mensual,07005,Andratx,Mallorca,48.87,56.2,49.17,A
2022-M04,2022,4,mensual,07011,Calvià,Mallorca,63.35,65.47,62.61,A
2022-M04,2022,4,mensual,07014,Capdepera,Mallorca,50.5,59.77,54.03,A
2022-M04,2022,4,mensual,07015,Ciutadella de Menorca,Menorca,61.28,63.07,46.13,A
2022-M04,2022,4,mensual,07022,Felanitx,Mallorca,,,,U
2022-M04,2022,4,mensual,07024,Formentera,Formentera,,,,U
2022-M04,2022,4,mensual,07026,Eivissa,Eivissa,55.25,65.08,68.08,A
2022-M04,2022,4,mensual,07031,Llucmajor,Mallorca,,,,U
2022-M04,2022,4,mensual,07032,Maó,Menorca,,,,U
2022-M04,2022,4,mensual,07033,Manacor,Mallorca,47.9,55.17,41.62,A
2022-M04,2022,4,mensual,07039,Muro,Mallorca,66.18,68.98,74.98,A
2022-M04,2022,4,mensual,07040,Palma,Mallorca,73.12,80.03,80.0,A
2022-M04,2022,4,mensual,07042,Pollença,Mallorca,59.37,75.18,55.05,A
2022-M04,2022,4,mensual,07046,Sant Antoni de Portmany,Eivissa,47.02,49.71,33.98,A
2022-M04,2022,4,mensual,07048,Sant Josep de sa Talaia,Eivissa,,,,U
2022-M04,2022,4,mensual,07050,Sant Joan de Labritja,Eivissa,,,,U
2022-M04,2022,4,mensual,07051,Sant Llorenç des Cardassar,Mallorca,68.77,74.43,65.46,A
2022-M04,2022,4,mensual,07052,Sant Lluís,Menorca,0.0,0.0,0.0,A
2022-M04,2022,4,mensual,07054,Santa Eulària des Riu,Eivissa,,,,U
2022-M04,2022,4,mensual,07055,Santa Margalida,Mallorca,59.77,62.16,69.14,A
2022-M04,2022,4,mensual,07057,Santanyí,Mallorca,52.96,43.41,49.72,A
2022-M04,2022,4,mensual,07059,Ses Salines,Mallorca,30.87,32.47,38.08,A
2022-M04,2022,4,mensual,07061,Sóller,Mallorca,71.74,73.96,73.49,A
2022-M04,2022,4,mensual,07062,Son Servera,Mallorca,58.4,61.45,56.47,A
2022-M05,2022,5,mensual,07002,Alaior,Menorca,42.87,46.32,52.62,A
2022-M05,2022,5,mensual,07003,Alcúdia,Mallorca,67.21,71.08,74.05,A
2022-M05,2022,5,mensual,07005,Andratx,Mallorca,57.15,62.56,54.93,A
2022-M05,2022,5,mensual,07011,Calvià,Mallorca,62.83,68.1,71.3,A
2022-M05,2022,5,mensual,07014,Capdepera,Mallorca,44.33,51.16,49.07,A
2022-M05,2022,5,mensual,07015,Ciutadella de Menorca,Menorca,54.68,59.47,60.35,A
2022-M05,2022,5,mensual,07022,Felanitx,Mallorca,38.0,40.54,37.09,A
2022-M05,2022,5,mensual,07024,Formentera,Formentera,38.03,41.61,44.66,A
2022-M05,2022,5,mensual,07026,Eivissa,Eivissa,67.87,73.89,71.69,A
2022-M05,2022,5,mensual,07031,Llucmajor,Mallorca,65.57,71.59,67.12,A
2022-M05,2022,5,mensual,07032,Maó,Menorca,67.16,83.44,69.26,A
2022-M05,2022,5,mensual,07033,Manacor,Mallorca,50.02,55.24,45.33,A
2022-M05,2022,5,mensual,07039,Muro,Mallorca,67.45,71.41,68.58,A
2022-M05,2022,5,mensual,07040,Palma,Mallorca,68.98,75.35,78.25,A
2022-M05,2022,5,mensual,07042,Pollença,Mallorca,64.68,76.94,66.84,A
2022-M05,2022,5,mensual,07046,Sant Antoni de Portmany,Eivissa,60.27,65.66,67.53,A
2022-M05,2022,5,mensual,07048,Sant Josep de sa Talaia,Eivissa,61.01,64.59,72.92,A
2022-M05,2022,5,mensual,07050,Sant Joan de Labritja,Eivissa,64.82,71.44,62.98,A
2022-M05,2022,5,mensual,07051,Sant Llorenç des Cardassar,Mallorca,59.73,65.66,60.19,A
2022-M05,2022,5,mensual,07052,Sant Lluís,Menorca,48.19,56.95,41.98,A
2022-M05,2022,5,mensual,07054,Santa Eulària des Riu,Eivissa,54.5,60.13,60.46,A
2022-M05,2022,5,mensual,07055,Santa Margalida,Mallorca,66.04,65.74,61.89,A
2022-M05,2022,5,mensual,07057,Santanyí,Mallorca,57.78,60.94,58.59,A
2022-M05,2022,5,mensual,07059,Ses Salines,Mallorca,47.01,56.59,49.24,A
2022-M05,2022,5,mensual,07061,Sóller,Mallorca,71.7,72.79,80.95,A
2022-M05,2022,5,mensual,07062,Son Servera,Mallorca,56.19,62.28,53.81,A
2022-M06,2022,6,mensual,07002,Alaior,Menorca,83.35,78.3,79.94,A
2022-M06,2022,6,mensual,07003,Alcúdia,Mallorca,80.09,79.7,83.13,A
2022-M06,2022,6,mensual,07005,Andratx,Mallorca,75.44,78.63,79.56,A
2022-M06,2022,6,mensual,07011,Calvià,Mallorca,76.45,82.75,80.33,A
2022-M06,2022,6,mensual,07014,Capdepera,Mallorca,72.01,81.08,71.68,A
2022-M06,2022,6,mensual,07015,Ciutadella de Menorca,Menorca,80.63,86.87,80.0,A
2022-M06,2022,6,mensual,07022,Felanitx,Mallorca,63.39,64.99,61.85,A
2022-M06,2022,6,mensual,07024,Formentera,Formentera,74.12,76.86,75.91,A
2022-M06,2022,6,mensual,07026,Eivissa,Eivissa,79.18,84.42,79.82,A
2022-M06,2022,6,mensual,07031,Llucmajor,Mallorca,85.94,86.21,86.57,A
2022-M06,2022,6,mensual,07032,Maó,Menorca,30.57,41.68,39.2,A
2022-M06,2022,6,mensual,07033,Manacor,Mallorca,70.0,81.9,68.83,A
2022-M06,2022,6,mensual,07039,Muro,Mallorca,84.76,86.42,83.53,A
2022-M06,2022,6,mensual,07040,Palma,Mallorca,83.42,86.22,88.69,A
2022-M06,2022,6,mensual,07042,Pollença,Mallorca,77.46,84.52,75.14,A
2022-M06,2022,6,mensual,07046,Sant Antoni de Portmany,Eivissa,78.95,82.15,79.75,A
2022-M06,2022,6,mensual,07048,Sant Josep de sa Talaia,Eivissa,79.23,85.09,83.17,A
2022-M06,2022,6,mensual,07050,Sant Joan de Labritja,Eivissa,83.04,86.13,86.16,A
2022-M06,2022,6,mensual,07051,Sant Llorenç des Cardassar,Mallorca,82.71,87.18,81.54,A
2022-M06,2022,6,mensual,07052,Sant Lluís,Menorca,72.1,82.51,69.31,A
2022-M06,2022,6,mensual,07054,Santa Eulària des Riu,Eivissa,75.58,78.45,74.09,A
2022-M06,2022,6,mensual,07055,Santa Margalida,Mallorca,84.41,86.94,77.36,A
2022-M06,2022,6,mensual,07057,Santanyí,Mallorca,78.33,83.07,82.57,A
2022-M06,2022,6,mensual,07059,Ses Salines,Mallorca,77.45,80.73,70.4,A
2022-M06,2022,6,mensual,07061,Sóller,Mallorca,83.6,83.49,87.17,A
2022-M06,2022,6,mensual,07062,Son Servera,Mallorca,78.88,85.8,79.33,A
2022-M07,2022,7,mensual,07002,Alaior,Menorca,86.06,75.89,92.91,A
2022-M07,2022,7,mensual,07003,Alcúdia,Mallorca,85.65,86.1,88.79,A
2022-M07,2022,7,mensual,07005,Andratx,Mallorca,80.68,78.26,81.49,A
2022-M07,2022,7,mensual,07011,Calvià,Mallorca,83.88,86.37,85.29,A
2022-M07,2022,7,mensual,07014,Capdepera,Mallorca,86.21,86.09,82.25,A
2022-M07,2022,7,mensual,07015,Ciutadella de Menorca,Menorca,85.68,91.6,85.47,A
2022-M07,2022,7,mensual,07022,Felanitx,Mallorca,78.97,74.75,82.85,A
2022-M07,2022,7,mensual,07024,Formentera,Formentera,89.81,86.75,90.33,A
2022-M07,2022,7,mensual,07026,Eivissa,Eivissa,86.98,91.33,81.19,A
2022-M07,2022,7,mensual,07031,Llucmajor,Mallorca,85.94,90.64,92.0,A
2022-M07,2022,7,mensual,07032,Maó,Menorca,50.17,60.51,51.42,A
2022-M07,2022,7,mensual,07033,Manacor,Mallorca,86.73,91.12,82.37,A
2022-M07,2022,7,mensual,07039,Muro,Mallorca,87.32,90.09,90.77,A
2022-M07,2022,7,mensual,07040,Palma,Mallorca,90.01,91.19,90.16,A
2022-M07,2022,7,mensual,07042,Pollença,Mallorca,82.11,86.18,82.85,A
2022-M07,2022,7,mensual,07046,Sant Antoni de Portmany,Eivissa,88.83,89.34,89.31,A
2022-M07,2022,7,mensual,07048,Sant Josep de sa Talaia,Eivissa,85.11,90.45,86.7,A
2022-M07,2022,7,mensual,07050,Sant Joan de Labritja,Eivissa,87.11,86.67,79.85,A
2022-M07,2022,7,mensual,07051,Sant Llorenç des Cardassar,Mallorca,90.01,90.17,86.77,A
2022-M07,2022,7,mensual,07052,Sant Lluís,Menorca,76.05,81.56,74.28,A
2022-M07,2022,7,mensual,07054,Santa Eulària des Riu,Eivissa,85.78,90.81,87.37,A
2022-M07,2022,7,mensual,07055,Santa Margalida,Mallorca,90.32,92.28,92.92,A
2022-M07,2022,7,mensual,07057,Santanyí,Mallorca,87.97,82.76,84.35,A
2022-M07,2022,7,mensual,07059,Ses Salines,Mallorca,39.73,37.65,39.69,A
2022-M07,2022,7,mensual,07061,Sóller,Mallorca,84.23,85.52,83.61,A
2022-M07,2022,7,mensual,07062,Son Servera,Mallorca,85.48,91.36,85.2,A
2022-M08,2022,8,mensual,07002,Alaior,Menorca,94.19,83.66,89.21,A
2022-M08,2022,8,mensual,07003,Alcúdia,Mallorca,89.36,92.54,90.53,A
2022-M08,2022,8,mensual,07005,Andratx,Mallorca,83.68,83.66,84.63,A
2022-M08,2022,8,mensual,07011,Calvià,Mallorca,84.35,87.79,86.29,A
2022-M08,2022,8,mensual,07014,Capdepera,Mallorca,89.44,91.22,87.01,A
2022-M08,2022,8,mensual,07015,Ciutadella de Menorca,Menorca,84.53,92.32,90.1,A
2022-M08,2022,8,mensual,07022,Felanitx,Mallorca,86.5,77.96,89.63,A
2022-M08,2022,8,mensual,07024,Formentera,Formentera,92.29,92.35,94.3,A
2022-M08,2022,8,mensual,07026,Eivissa,Eivissa,92.92,93.69,92.62,A
2022-M08,2022,8,mensual,07031,Llucmajor,Mallorca,91.61,89.93,82.72,A
2022-M08,2022,8,mensual,07032,Maó,Menorca,91.43,92.29,90.23,A
2022-M08,2022,8,mensual,07033,Manacor,Mallorca,91.57,94.96,88.38,A
2022-M08,2022,8,mensual,07039,Muro,Mallorca,92.11,94.35,93.43,A
2022-M08,2022,8,mensual,07040,Palma,Mallorca,89.77,91.89,90.24,A
2022-M08,2022,8,mensual,07042,Pollença,Mallorca,88.87,92.55,90.38,A
2022-M08,2022,8,mensual,07046,Sant Antoni de Portmany,Eivissa,89.53,93.56,92.41,A
2022-M08,2022,8,mensual,07048,Sant Josep de sa Talaia,Eivissa,86.77,91.71,87.55,A
2022-M08,2022,8,mensual,07050,Sant Joan de Labritja,Eivissa,94.27,88.84,90.96,A
2022-M08,2022,8,mensual,07051,Sant Llorenç des Cardassar,Mallorca,93.71,94.81,93.16,A
2022-M08,2022,8,mensual,07052,Sant Lluís,Menorca,88.01,93.25,82.76,A
2022-M08,2022,8,mensual,07054,Santa Eulària des Riu,Eivissa,92.3,91.88,88.27,A
2022-M08,2022,8,mensual,07055,Santa Margalida,Mallorca,95.44,95.89,91.78,A
2022-M08,2022,8,mensual,07057,Santanyí,Mallorca,90.76,85.51,84.97,A
2022-M08,2022,8,mensual,07059,Ses Salines,Mallorca,83.26,94.66,86.25,A
2022-M08,2022,8,mensual,07061,Sóller,Mallorca,87.2,86.42,87.03,A
2022-M08,2022,8,mensual,07062,Son Servera,Mallorca,80.89,85.7,84.7,A
2022-M09,2022,9,mensual,07002,Alaior,Menorca,74.0,74.41,73.91,A
2022-M09,2022,9,mensual,07003,Alcúdia,Mallorca,75.87,80.85,78.31,A
2022-M09,2022,9,mensual,07005,Andratx,Mallorca,76.45,81.45,77.4,A
2022-M09,2022,9,mensual,07011,Calvià,Mallorca,75.43,81.9,78.26,A
2022-M09,2022,9,mensual,07014,Capdepera,Mallorca,76.14,86.56,77.06,A
2022-M09,2022,9,mensual,07015,Ciutadella de Menorca,Menorca,73.73,83.62,77.93,A
2022-M09,2022,9,mensual,07022,Felanitx,Mallorca,61.57,69.48,60.73,A
2022-M09,2022,9,mensual,07024,Formentera,Formentera,77.44,80.1,82.88,A
2022-M09,2022,9,mensual,07026,Eivissa,Eivissa,83.91,87.15,82.75,A
2022-M09,2022,9,mensual,07031,Llucmajor,Mallorca,83.05,88.56,83.75,A
2022-M09,2022,9,mensual,07032,Maó,Menorca,64.14,74.19,79.78,A
2022-M09,2022,9,mensual,07033,Manacor,Mallorca,69.21,86.49,61.68,A
2022-M09,2022,9,mensual,07039,Muro,Mallorca,80.41,86.88,83.57,A
2022-M09,2022,9,mensual,07040,Palma,Mallorca,82.11,87.64,85.12,A
2022-M09,2022,9,mensual,07042,Pollença,Mallorca,76.24,86.14,79.5,A
2022-M09,2022,9,mensual,07046,Sant Antoni de Portmany,Eivissa,82.66,86.33,85.01,A
2022-M09,2022,9,mensual,07048,Sant Josep de sa Talaia,Eivissa,81.79,86.36,83.76,A
2022-M09,2022,9,mensual,07050,Sant Joan de Labritja,Eivissa,81.66,84.9,76.09,A
2022-M09,2022,9,mensual,07051,Sant Llorenç des Cardassar,Mallorca,81.2,88.85,79.7,A
2022-M09,2022,9,mensual,07052,Sant Lluís,Menorca,70.88,88.58,60.06,A
2022-M09,2022,9,mensual,07054,Santa Eulària des Riu,Eivissa,70.04,78.45,71.81,A
2022-M09,2022,9,mensual,07055,Santa Margalida,Mallorca,86.36,90.41,88.67,A
2022-M09,2022,9,mensual,07057,Santanyí,Mallorca,75.9,84.34,79.45,A
2022-M09,2022,9,mensual,07059,Ses Salines,Mallorca,65.41,80.53,72.3,A
2022-M09,2022,9,mensual,07061,Sóller,Mallorca,79.52,84.36,79.39,A
2022-M09,2022,9,mensual,07062,Son Servera,Mallorca,73.73,82.68,67.59,A
2022-M10,2022,10,mensual,07002,Alaior,Menorca,,,,U
2022-M10,2022,10,mensual,07003,Alcúdia,Mallorca,60.66,65.36,44.78,A
2022-M10,2022,10,mensual,07005,Andratx,Mallorca,51.08,56.29,55.57,A
2022-M10,2022,10,mensual,07011,Calvià,Mallorca,62.7,68.51,57.8,A
2022-M10,2022,10,mensual,07014,Capdepera,Mallorca,49.89,52.99,46.56,A
2022-M10,2022,10,mensual,07015,Ciutadella de Menorca,Menorca,49.21,57.44,52.77,A
2022-M10,2022,10,mensual,07022,Felanitx,Mallorca,43.63,48.98,45.1,A
2022-M10,2022,10,mensual,07024,Formentera,Formentera,51.32,56.29,63.84,A
2022-M10,2022,10,mensual,07026,Eivissa,Eivissa,62.14,66.45,62.06,A
2022-M10,2022,10,mensual,07031,Llucmajor,Mallorca,77.93,78.66,83.73,A
2022-M10,2022,10,mensual,07032,Maó,Menorca,38.1,49.19,51.41,A
2022-M10,2022,10,mensual,07033,Manacor,Mallorca,54.2,65.48,56.43,A
2022-M10,2022,10,mensual,07039,Muro,Mallorca,63.81,69.3,55.52,A
2022-M10,2022,10,mensual,07040,Palma,Mallorca,69.35,77.15,73.75,A
2022-M10,2022,10,mensual,07042,Pollença,Mallorca,62.32,69.87,70.0,A
2022-M10,2022,10,mensual,07046,Sant Antoni de Portmany,Eivissa,55.49,58.83,63.38,A
2022-M10,2022,10,mensual,07048,Sant Josep de sa Talaia,Eivissa,72.65,74.33,65.58,A
2022-M10,2022,10,mensual,07050,Sant Joan de Labritja,Eivissa,53.65,62.32,64.51,A
2022-M10,2022,10,mensual,07051,Sant Llorenç des Cardassar,Mallorca,66.1,67.58,66.34,A
2022-M10,2022,10,mensual,07052,Sant Lluís,Menorca,41.41,52.68,41.54,A
2022-M10,2022,10,mensual,07054,Santa Eulària des Riu,Eivissa,55.64,56.55,43.65,A
2022-M10,2022,10,mensual,07055,Santa Margalida,Mallorca,55.49,58.64,45.57,A
2022-M10,2022,10,mensual,07057,Santanyí,Mallorca,73.68,67.82,76.55,A
2022-M10,2022,10,mensual,07059,Ses Salines,Mallorca,47.97,58.34,64.83,A
2022-M10,2022,10,mensual,07061,Sóller,Mallorca,65.79,67.44,69.86,A
2022-M10,2022,10,mensual,07062,Son Servera,Mallorca,61.98,69.67,66.79,A
2022-M11,2022,11,mensual,07002,Alaior,Menorca,0.0,0.0,0.0,A
2022-M11,2022,11,mensual,07003,Alcúdia,Mallorca,,,,U
2022-M11,2022,11,mensual,07005,Andratx,Mallorca,,,,U
2022-M11,2022,11,mensual,07011,Calvià,Mallorca,50.02,59.46,55.29,A
2022-M11,2022,11,mensual,07014,Capdepera,Mallorca,,,,U
2022-M11,2022,11,mensual,07015,Ciutadella de Menorca,Menorca,,,,U
2022-M11,2022,11,mensual,07022,Felanitx,Mallorca,,,,U
2022-M11,2022,11,mensual,07024,Formentera,Formentera,,,,U
2022-M11,2022,11,mensual,07026,Eivissa,Eivissa,36.18,46.55,41.53,A
2022-M11,2022,11,mensual,07031,Llucmajor,Mallorca,,,,U
2022-M11,2022,11,mensual,07032,Maó,Menorca,32.76,44.11,43.75,A
2022-M11,2022,11,mensual,07033,Manacor,Mallorca,,,,U
2022-M11,2022,11,mensual,07039,Muro,Mallorca,,,,U
2022-M11,2022,11,mensual,07040,Palma,Mallorca,51.4,60.83,58.09,A
2022-M11,2022,11,mensual,07042,Pollença,Mallorca,,,,U
2022-M11,2022,11,mensual,07046,Sant Antoni de Portmany,Eivissa,,,,U
2022-M11,2022,11,mensual,07048,Sant Josep de sa Talaia,Eivissa,,,,U
2022-M11,2022,11,mensual,07050,Sant Joan de Labritja,Eivissa,,,,U
2022-M11,2022,11,mensual,07051,Sant Llorenç des Cardassar,Mallorca,,,,U
2022-M11,2022,11,mensual,07052,Sant Lluís,Menorca,0.0,0.0,0.0,A
2022-M11,2022,11,mensual,07054,Santa Eulària des Riu,Eivissa,,,,U
2022-M11,2022,11,mensual,07055,Santa Margalida,Mallorca,,,,U
2022-M11,2022,11,mensual,07057,Santanyí,Mallorca,,,,U
2022-M11,2022,11,mensual,07059,Ses Salines,Mallorca,0.0,0.0,0.0,A
2022-M11,2022,11,mensual,07061,Sóller,Mallorca,,,,U
2022-M11,2022,11,mensual,07062,Son Servera,Mallorca,,,,U
2022-M12,2022,12,mensual,07002,Alaior,Menorca,0.0,0.0,0.0,A
2022-M12,2022,12,mensual,07003,Alcúdia,Mallorca,,,,U
2022-M12,2022,12,mensual,07005,Andratx,Mallorca,,,,U
2022-M12,2022,12,mensual,07011,Calvià,Mallorca,,,,U
2022-M12,2022,12,mensual,07014,Capdepera,Mallorca,,,,U
2022-M12,2022,12,mensual,07015,Ciutadella de Menorca,Menorca,,,,U
2022-M12,2022,12,mensual,07022,Felanitx,Mallorca,,,,U
2022-M12,2022,12,mensual,07024,Formentera,Formentera,,,,U
2022-M12,2022,12,mensual,07026,Eivissa,Eivissa,36.01,45.05,40.65,A
2022-M12,2022,12,mensual,07031,Llucmajor,Mallorca,,,,U
2022-M12,2022,12,mensual,07032,Maó,Menorca,,,,U
2022-M12,2022,12,mensual,07033,Manacor,Mallorca,,,,U
2022-M12,2022,12,mensual,07039,Muro,Mallorca,0.0,0.0,0.0,A
2022-M12,2022,12,mensual,07040,Palma,Mallorca,44.84,51.57,48.31,A
2022-M12,2022,12,mensual,07042,Pollença,Mallorca,,,,U
2022-M12,2022,12,mensual,07046,Sant Antoni de Portmany,Eivissa,,,,U
2022-M12,2022,12,mensual,07048,Sant Josep de sa Talaia,Eivissa,,,,U
2022-M12,2022,12,mensual,07050,Sant Joan de Labritja,Eivissa,,,,U
2022-M12,2022,12,mensual,07051,Sant Llorenç des Cardassar,Mallorca,,,,U
2022-M12,2022,12,mensual,07052,Sant Lluís,Menorca,0.0,0.0,0.0,A
2022-M12,2022,12,mensual,07054,Santa Eulària des Riu,Eivissa,,,,U
2022-M12,2022,12,mensual,07055,Santa Margalida,Mallorca,,,,U
2022-M12,2022,12,mensual,07057,Santanyí,Mallorca,,,,U
2022-M12,2022,12,mensual,07059,Ses Salines,Mallorca,0.0,0.0,0.0,A
2022-M12,2022,12,mensual,07061,Sóller,Mallorca,,,,U
2022-M12,2022,12,mensual,07062,Son Servera,Mallorca,,,,U
2023,2023,,anual,07002,Alaior,Menorca,75.41,75.25,68.96,A
2023,2023,,anual,07003,Alcúdia,Mallorca,74.91,82.87,74.59,A
2023,2023,,anual,07005,Andratx,Mallorca,66.09,68.58,66.45,A
2023,2023,,anual,07011,Calvià,Mallorca,76.01,80.88,76.32,A
2023,2023,,anual,07014,Capdepera,Mallorca,73.74,80.16,70.95,A
2023,2023,,anual,07015,Ciutadella de Menorca,Menorca,76.51,81.26,76.12,A
2023,2023,,anual,07022,Felanitx,Mallorca,74.27,78.25,69.62,A
2023,2023,,anual,07024,Formentera,Formentera,71.44,75.56,76.6,A
2023,2023,,anual,07026,Eivissa,Eivissa,73.31,79.91,77.0,A
2023,2023,,anual,07031,Llucmajor,Mallorca,75.69,76.99,80.83,A
2023,2023,,anual,07032,Maó,Menorca,56.97,67.56,55.8,A
2023,2023,,anual,07033,Manacor,Mallorca,69.52,75.23,65.16,A
2023,2023,,anual,07039,Muro,Mallorca,78.48,83.15,76.18,A
2023,2023,,anual,07040,Palma,Mallorca,75.99,81.75,79.38,A
2023,2023,,anual,07042,Pollença,Mallorca,76.54,84.31,77.73,A
2023,2023,,anual,07046,Sant Antoni de Portmany,Eivissa,75.74,80.67,77.31,A
2023,2023,,anual,07048,Sant Josep de sa Talaia,Eivissa,80.48,82.24,78.05,A
2023,2023,,anual,07050,Sant Joan de Labritja,Eivissa,68.12,70.1,70.38,A
2023,2023,,anual,07051,Sant Llorenç des Cardassar,Mallorca,80.19,85.36,79.97,A
2023,2023,,anual,07052,Sant Lluís,Menorca,63.67,73.8,60.27,A
2023,2023,,anual,07054,Santa Eulària des Riu,Eivissa,76.17,77.92,72.89,A
2023,2023,,anual,07055,Santa Margalida,Mallorca,82.01,83.98,79.33,A
2023,2023,,anual,07057,Santanyí,Mallorca,75.83,86.39,82.24,A
2023,2023,,anual,07059,Ses Salines,Mallorca,62.4,71.49,62.62,A
2023,2023,,anual,07061,Sóller,Mallorca,77.71,78.98,80.25,A
2023,2023,,anual,07062,Son Servera,Mallorca,80.02,85.38,80.13,A
2023-M01,2023,1,mensual,07002,Alaior,Menorca,0.0,0.0,0.0,A
2023-M01,2023,1,mensual,07003,Alcúdia,Mallorca,,,,U
2023-M01,2023,1,mensual,07005,Andratx,Mallorca,,,,U
2023-M01,2023,1,mensual,07011,Calvià,Mallorca,,,,U
2023-M01,2023,1,mensual,07014,Capdepera,Mallorca,,,,U
2023-M01,2023,1,mensual,07015,Ciutadella de Menorca,Menorca,,,,U
2023-M01,2023,1,mensual,07022,Felanitx,Mallorca,,,,U
2023-M01,2023,1,mensual,07024,Formentera,Formentera,,,,U
2023-M01,2023,1,mensual,07026,Eivissa,Eivissa,44.0,58.17,48.61,A
2023-M01,2023,1,mensual,07031,Llucmajor,Mallorca,,,,U
2023-M01,2023,1,mensual,07032,Maó,Menorca,,,,U
2023-M01,2023,1,mensual,07033,Manacor,Mallorca,,,,U
2023-M01,2023,1,mensual,07039,Muro,Mallorca,0.0,0.0,0.0,A
2023-M01,2023,1,mensual,07040,Palma,Mallorca,45.29,56.64,51.75,A
2023-M01,2023,1,mensual,07042,Pollença,Mallorca,,,,U
2023-M01,2023,1,mensual,07046,Sant Antoni de Portmany,Eivissa,,,,U
2023-M01,2023,1,mensual,07048,Sant Josep de sa Talaia,Eivissa,,,,U
2023-M01,2023,1,mensual,07050,Sant Joan de Labritja,Eivissa,,,,U
2023-M01,2023,1,mensual,07051,Sant Llorenç des Cardassar,Mallorca,,,,U
2023-M01,2023,1,mensual,07052,Sant Lluís,Menorca,0.0,0.0,0.0,A
2023-M01,2023,1,mensual,07054,Santa Eulària des Riu,Eivissa,,,,U
2023-M01,2023,1,mensual,07055,Santa Margalida,Mallorca,,,,U
2023-M01,2023,1,mensual,07057,Santanyí,Mallorca,,,,U
2023-M01,2023,1,mensual,07059,Ses Salines,Mallorca,0.0,0.0,0.0,A
2023-M01,2023,1,mensual,07061,Sóller,Mallorca,,,,U
2023-M01,2023,1,mensual,07062,Son Servera,Mallorca,,,,U
2023-M02,2023,2,mensual,07002,Alaior,Menorca,0.0,0.0,0.0,A
2023-M02,2023,2,mensual,07003,Alcúdia,Mallorca,,,,U
2023-M02,2023,2,mensual,07005,Andratx,Mallorca,,,,U
2023-M02,2023,2,mensual,07011,Calvià,Mallorca,52.83,62.26,65.67,A
2023-M02,2023,2,mensual,07014,Capdepera,Mallorca,,,,U
2023-M02,2023,2,mensual,07015,Ciutadella de Menorca,Menorca,,,,U
2023-M02,2023,2,mensual,07022,Felanitx,Mallorca,,,,U
2023-M02,2023,2,mensual,07024,Formentera,Formentera,,,,U
2023-M02,2023,2,mensual,07026,Eivissa,Eivissa,47.89,63.3,54.19,A
2023-M02,2023,2,mensual,07031,Llucmajor,Mallorca,,,,U
2023-M02,2023,2,mensual,07032,Maó,Menorca,,,,U
2023-M02,2023,2,mensual,07033,Manacor,Mallorca,,,,U
2023-M02,2023,2,mensual,07039,Muro,Mallorca,,,,U
2023-M02,2023,2,mensual,07040,Palma,Mallorca,52.9,63.03,54.07,A
2023-M02,2023,2,mensual,07042,Pollença,Mallorca,,,,U
2023-M02,2023,2,mensual,07046,Sant Antoni de Portmany,Eivissa,,,,U
2023-M02,2023,2,mensual,07048,Sant Josep de sa Talaia,Eivissa,,,,U
2023-M02,2023,2,mensual,07050,Sant Joan de Labritja,Eivissa,,,,U
2023-M02,2023,2,mensual,07051,Sant Llorenç des Cardassar,Mallorca,58.97,63.76,58.89,A
2023-M02,2023,2,mensual,07052,Sant Lluís,Menorca,0.0,0.0,0.0,A
2023-M02,2023,2,mensual,07054,Santa Eulària des Riu,Eivissa,,,,U
2023-M02,2023,2,mensual,07055,Santa Margalida,Mallorca,,,,U
2023-M02,2023,2,mensual,07057,Santanyí,Mallorca,,,,U
2023-M02,2023,2,mensual,07059,Ses Salines,Mallorca,,,,U
2023-M02,2023,2,mensual,07061,Sóller,Mallorca,,,,U
2023-M02,2023,2,mensual,07062,Son Servera,Mallorca,,,,U
2023-M03,2023,3,mensual,07002,Alaior,Menorca,0.0,0.0,0.0,A
2023-M03,2023,3,mensual,07003,Alcúdia,Mallorca,36.24,55.41,34.62,A
2023-M03,2023,3,mensual,07005,Andratx,Mallorca,,,,U
2023-M03,2023,3,mensual,07011,Calvià,Mallorca,50.88,59.43,50.2,A
2023-M03,2023,3,mensual,07014,Capdepera,Mallorca,63.5,72.0,75.86,A
2023-M03,2023,3,mensual,07015,Ciutadella de Menorca,Menorca,,,,U
2023-M03,2023,3,mensual,07022,Felanitx,Mallorca,,,,U
2023-M03,2023,3,mensual,07024,Formentera,Formentera,,,,U
2023-M03,2023,3,mensual,07026,Eivissa,Eivissa,46.54,62.92,55.37,A
2023-M03,2023,3,mensual,07031,Llucmajor,Mallorca,,,,U
2023-M03,2023,3,mensual,07032,Maó,Menorca,,,,U
2023-M03,2023,3,mensual,07033,Manacor,Mallorca,,,,U
2023-M03,2023,3,mensual,07039,Muro,Mallorca,,,,U
2023-M03,2023,3,mensual,07040,Palma,Mallorca,58.73,68.37,58.88,A
2023-M03,2023,3,mensual,07042,Pollença,Mallorca,39.04,58.65,32.25,A
2023-M03,2023,3,mensual,07046,Sant Antoni de Portmany,Eivissa,,,,U
2023-M03,2023,3,mensual,07048,Sant Josep de sa Talaia,Eivissa,,,,U
2023-M03,2023,3,mensual,07050,Sant Joan de Labritja,Eivissa,,,,U
2023-M03,2023,3,mensual,07051,Sant Llorenç des Cardassar,Mallorca,63.8,71.68,34.26,A
2023-M03,2023,3,mensual,07052,Sant Lluís,Menorca,0.0,0.0,0.0,A
2023-M03,2023,3,mensual,07054,Santa Eulària des Riu,Eivissa,,,,U
2023-M03,2023,3,mensual,07055,Santa Margalida,Mallorca,,,,U
2023-M03,2023,3,mensual,07057,Santanyí,Mallorca,,,,U
2023-M03,2023,3,mensual,07059,Ses Salines,Mallorca,,,,U
2023-M03,2023,3,mensual,07061,Sóller,Mallorca,52.9,55.43,66.4,A
2023-M03,2023,3,mensual,07062,Son Servera,Mallorca,,,,U
2023-M04,2023,4,mensual,07002,Alaior,Menorca,,,,U
2023-M04,2023,4,mensual,07003,Alcúdia,Mallorca,57.77,74.88,56.45,A
2023-M04,2023,4,mensual,07005,Andratx,Mallorca,53.44,56.78,51.51,A
2023-M04,2023,4,mensual,07011,Calvià,Mallorca,71.11,75.7,74.22,A
2023-M04,2023,4,mensual,07014,Capdepera,Mallorca,50.25,60.3,50.01,A
2023-M04,2023,4,mensual,07015,Ciutadella de Menorca,Menorca,51.19,53.09,54.35,A
2023-M04,2023,4,mensual,07022,Felanitx,Mallorca,,,,U
2023-M04,2023,4,mensual,07024,Formentera,Formentera,,,,U
2023-M04,2023,4,mensual,07026,Eivissa,Eivissa,59.22,67.68,66.24,A
2023-M04,2023,4,mensual,07031,Llucmajor,Mallorca,,,,U
2023-M04,2023,4,mensual,07032,Maó,Menorca,,,,U
2023-M04,2023,4,mensual,07033,Manacor,Mallorca,34.18,36.55,33.33,A
2023-M04,2023,4,mensual,07039,Muro,Mallorca,72.84,73.44,73.21,A
2023-M04,2023,4,mensual,07040,Palma,Mallorca,76.01,81.02,78.83,A
2023-M04,2023,4,mensual,07042,Pollença,Mallorca,67.38,78.19,72.92,A
2023-M04,2023,4,mensual,07046,Sant Antoni de Portmany,Eivissa,,,,U
2023-M04,2023,4,mensual,07048,Sant Josep de sa Talaia,Eivissa,,,,U
2023-M04,2023,4,mensual,07050,Sant Joan de Labritja,Eivissa,,,,U
2023-M04,2023,4,mensual,07051,Sant Llorenç des Cardassar,Mallorca,76.54,81.67,72.08,A
2023-M04,2023,4,mensual,07052,Sant Lluís,Menorca,0.0,0.0,0.0,A
2023-M04,2023,4,mensual,07054,Santa Eulària des Riu,Eivissa,,,,U
2023-M04,2023,4,mensual,07055,Santa Margalida,Mallorca,62.53,66.43,72.2,A
2023-M04,2023,4,mensual,07057,Santanyí,Mallorca,74.52,85.42,86.84,A
2023-M04,2023,4,mensual,07059,Ses Salines,Mallorca,27.55,30.01,34.42,A
2023-M04,2023,4,mensual,07061,Sóller,Mallorca,75.1,77.51,75.97,A
2023-M04,2023,4,mensual,07062,Son Servera,Mallorca,76.44,80.89,83.12,A
2023-M05,2023,5,mensual,07002,Alaior,Menorca,44.87,48.26,55.22,A
2023-M05,2023,5,mensual,07003,Alcúdia,Mallorca,68.53,78.18,69.99,A
2023-M05,2023,5,mensual,07005,Andratx,Mallorca,58.81,63.32,61.41,A
2023-M05,2023,5,mensual,07011,Calvià,Mallorca,68.22,73.65,73.52,A
2023-M05,2023,5,mensual,07014,Capdepera,Mallorca,55.93,64.13,55.26,A
2023-M05,2023,5,mensual,07015,Ciutadella de Menorca,Menorca,58.95,64.89,62.77,A
2023-M05,2023,5,mensual,07022,Felanitx,Mallorca,55.44,61.66,56.22,A
2023-M05,2023,5,mensual,07024,Formentera,Formentera,47.32,54.23,52.67,A
2023-M05,2023,5,mensual,07026,Eivissa,Eivissa,68.86,77.67,75.27,A
2023-M05,2023,5,mensual,07031,Llucmajor,Mallorca,65.93,71.73,77.01,A
2023-M05,2023,5,mensual,07032,Maó,Menorca,35.29,45.73,28.68,A
2023-M05,2023,5,mensual,07033,Manacor,Mallorca,58.7,74.62,61.51,A
2023-M05,2023,5,mensual,07039,Muro,Mallorca,68.56,73.4,58.13,A
2023-M05,2023,5,mensual,07040,Palma,Mallorca,75.45,80.97,80.77,A
2023-M05,2023,5,mensual,07042,Pollença,Mallorca,74.7,81.95,75.47,A
2023-M05,2023,5,mensual,07046,Sant Antoni de Portmany,Eivissa,69.07,75.93,72.41,A
2023-M05,2023,5,mensual,07048,Sant Josep de sa Talaia,Eivissa,70.24,72.01,76.21,A
2023-M05,2023,5,mensual,07050,Sant Joan de Labritja,Eivissa,53.41,56.97,68.29,A
2023-M05,2023,5,mensual,07051,Sant Llorenç des Cardassar,Mallorca,69.54,77.32,73.37,A
2023-M05,2023,5,mensual,07052,Sant Lluís,Menorca,46.07,48.6,40.17,A
2023-M05,2023,5,mensual,07054,Santa Eulària des Riu,Eivissa,67.36,72.49,65.2,A
2023-M05,2023,5,mensual,07055,Santa Margalida,Mallorca,72.75,75.14,73.41,A
2023-M05,2023,5,mensual,07057,Santanyí,Mallorca,64.41,76.88,66.24,A
2023-M05,2023,5,mensual,07059,Ses Salines,Mallorca,54.52,66.47,54.47,A
2023-M05,2023,5,mensual,07061,Sóller,Mallorca,74.62,78.0,78.56,A
2023-M05,2023,5,mensual,07062,Son Servera,Mallorca,72.06,80.63,71.1,A
2023-M06,2023,6,mensual,07002,Alaior,Menorca,86.18,82.84,77.81,A
2023-M06,2023,6,mensual,07003,Alcúdia,Mallorca,79.81,87.15,83.35,A
2023-M06,2023,6,mensual,07005,Andratx,Mallorca,71.03,74.15,74.62,A
2023-M06,2023,6,mensual,07011,Calvià,Mallorca,79.11,83.49,74.4,A
2023-M06,2023,6,mensual,07014,Capdepera,Mallorca,74.81,82.52,72.58,A
2023-M06,2023,6,mensual,07015,Ciutadella de Menorca,Menorca,82.63,85.06,81.49,A
2023-M06,2023,6,mensual,07022,Felanitx,Mallorca,73.55,76.96,70.18,A
2023-M06,2023,6,mensual,07024,Formentera,Formentera,77.02,79.46,79.51,A
2023-M06,2023,6,mensual,07026,Eivissa,Eivissa,81.42,86.15,83.39,A
2023-M06,2023,6,mensual,07031,Llucmajor,Mallorca,70.88,73.21,81.07,A
2023-M06,2023,6,mensual,07032,Maó,Menorca,53.68,64.24,51.95,A
2023-M06,2023,6,mensual,07033,Manacor,Mallorca,75.96,88.46,68.96,A
2023-M06,2023,6,mensual,07039,Muro,Mallorca,80.4,85.61,78.84,A
2023-M06,2023,6,mensual,07040,Palma,Mallorca,83.71,86.85,86.28,A
2023-M06,2023,6,mensual,07042,Pollença,Mallorca,81.99,86.16,81.68,A
2023-M06,2023,6,mensual,07046,Sant Antoni de Portmany,Eivissa,76.41,82.86,78.04,A
2023-M06,2023,6,mensual,07048,Sant Josep de sa Talaia,Eivissa,77.95,82.19,78.05,A
2023-M06,2023,6,mensual,07050,Sant Joan de Labritja,Eivissa,64.53,61.6,69.53,A
2023-M06,2023,6,mensual,07051,Sant Llorenç des Cardassar,Mallorca,80.63,87.47,79.29,A
2023-M06,2023,6,mensual,07052,Sant Lluís,Menorca,63.57,77.1,67.28,A
2023-M06,2023,6,mensual,07054,Santa Eulària des Riu,Eivissa,81.76,86.69,75.83,A
2023-M06,2023,6,mensual,07055,Santa Margalida,Mallorca,88.43,89.33,84.86,A
2023-M06,2023,6,mensual,07057,Santanyí,Mallorca,68.87,85.5,80.62,A
2023-M06,2023,6,mensual,07059,Ses Salines,Mallorca,68.91,79.16,68.48,A
2023-M06,2023,6,mensual,07061,Sóller,Mallorca,83.47,83.35,84.41,A
2023-M06,2023,6,mensual,07062,Son Servera,Mallorca,82.91,89.19,83.01,A
2023-M07,2023,7,mensual,07002,Alaior,Menorca,89.57,87.89,83.14,A
2023-M07,2023,7,mensual,07003,Alcúdia,Mallorca,87.44,91.3,88.5,A
2023-M07,2023,7,mensual,07005,Andratx,Mallorca,80.07,83.18,81.72,A
2023-M07,2023,7,mensual,07011,Calvià,Mallorca,86.76,89.27,86.24,A
2023-M07,2023,7,mensual,07014,Capdepera,Mallorca,87.23,91.01,81.95,A
2023-M07,2023,7,mensual,07015,Ciutadella de Menorca,Menorca,87.68,90.39,83.92,A
2023-M07,2023,7,mensual,07022,Felanitx,Mallorca,88.8,87.85,80.97,A
2023-M07,2023,7,mensual,07024,Formentera,Formentera,83.19,86.39,90.52,A
2023-M07,2023,7,mensual,07026,Eivissa,Eivissa,86.92,92.54,89.49,A
2023-M07,2023,7,mensual,07031,Llucmajor,Mallorca,88.69,85.88,91.6,A
2023-M07,2023,7,mensual,07032,Maó,Menorca,77.22,87.14,74.87,A
2023-M07,2023,7,mensual,07033,Manacor,Mallorca,80.61,78.96,78.24,A
2023-M07,2023,7,mensual,07039,Muro,Mallorca,88.62,90.17,87.45,A
2023-M07,2023,7,mensual,07040,Palma,Mallorca,91.25,92.92,91.42,A
2023-M07,2023,7,mensual,07042,Pollença,Mallorca,86.17,88.57,84.9,A
2023-M07,2023,7,mensual,07046,Sant Antoni de Portmany,Eivissa,83.49,87.9,85.17,A
2023-M07,2023,7,mensual,07048,Sant Josep de sa Talaia,Eivissa,88.5,89.25,87.15,A
2023-M07,2023,7,mensual,07050,Sant Joan de Labritja,Eivissa,82.94,83.0,81.33,A
2023-M07,2023,7,mensual,07051,Sant Llorenç des Cardassar,Mallorca,87.39,89.88,86.49,A
2023-M07,2023,7,mensual,07052,Sant Lluís,Menorca,77.58,85.8,68.62,A
2023-M07,2023,7,mensual,07054,Santa Eulària des Riu,Eivissa,86.94,84.12,84.16,A
2023-M07,2023,7,mensual,07055,Santa Margalida,Mallorca,92.34,92.9,92.95,A
2023-M07,2023,7,mensual,07057,Santanyí,Mallorca,86.32,90.26,88.46,A
2023-M07,2023,7,mensual,07059,Ses Salines,Mallorca,81.77,87.26,81.23,A
2023-M07,2023,7,mensual,07061,Sóller,Mallorca,84.55,86.59,88.59,A
2023-M07,2023,7,mensual,07062,Son Servera,Mallorca,90.35,92.77,87.8,A
2023-M08,2023,8,mensual,07002,Alaior,Menorca,85.6,88.98,91.86,A
2023-M08,2023,8,mensual,07003,Alcúdia,Mallorca,87.35,92.41,89.5,A
2023-M08,2023,8,mensual,07005,Andratx,Mallorca,82.09,78.99,83.27,A
2023-M08,2023,8,mensual,07011,Calvià,Mallorca,88.89,91.15,88.24,A
2023-M08,2023,8,mensual,07014,Capdepera,Mallorca,93.13,95.59,90.13,A
2023-M08,2023,8,mensual,07015,Ciutadella de Menorca,Menorca,89.66,93.28,88.71,A
2023-M08,2023,8,mensual,07022,Felanitx,Mallorca,94.24,92.57,90.47,A
2023-M08,2023,8,mensual,07024,Formentera,Formentera,87.82,90.78,91.17,A
2023-M08,2023,8,mensual,07026,Eivissa,Eivissa,87.41,92.32,89.5,A
2023-M08,2023,8,mensual,07031,Llucmajor,Mallorca,93.3,91.15,95.46,A
2023-M08,2023,8,mensual,07032,Maó,Menorca,81.68,89.08,73.31,A
2023-M08,2023,8,mensual,07033,Manacor,Mallorca,84.72,80.89,73.48,A
2023-M08,2023,8,mensual,07039,Muro,Mallorca,89.78,93.21,91.21,A
2023-M08,2023,8,mensual,07040,Palma,Mallorca,91.05,93.76,92.27,A
2023-M08,2023,8,mensual,07042,Pollença,Mallorca,86.09,91.09,89.51,A
2023-M08,2023,8,mensual,07046,Sant Antoni de Portmany,Eivissa,87.88,92.79,89.23,A
2023-M08,2023,8,mensual,07048,Sant Josep de sa Talaia,Eivissa,90.37,92.48,90.26,A
2023-M08,2023,8,mensual,07050,Sant Joan de Labritja,Eivissa,82.09,83.97,87.68,A
2023-M08,2023,8,mensual,07051,Sant Llorenç des Cardassar,Mallorca,91.93,93.96,90.5,A
2023-M08,2023,8,mensual,07052,Sant Lluís,Menorca,82.37,90.56,83.1,A
2023-M08,2023,8,mensual,07054,Santa Eulària des Riu,Eivissa,88.22,89.99,84.37,A
2023-M08,2023,8,mensual,07055,Santa Margalida,Mallorca,98.67,96.93,95.51,A
2023-M08,2023,8,mensual,07057,Santanyí,Mallorca,89.39,91.33,88.93,A
2023-M08,2023,8,mensual,07059,Ses Salines,Mallorca,84.4,90.76,83.33,A
2023-M08,2023,8,mensual,07061,Sóller,Mallorca,88.62,86.61,88.84,A
2023-M08,2023,8,mensual,07062,Son Servera,Mallorca,91.88,92.21,89.34,A
2023-M09,2023,9,mensual,07002,Alaior,Menorca,86.3,84.4,58.6,A
2023-M09,2023,9,mensual,07003,Alcúdia,Mallorca,75.65,86.76,77.41,A
2023-M09,2023,9,mensual,07005,Andratx,Mallorca,79.36,79.49,80.14,A
2023-M09,2023,9,mensual,07011,Calvià,Mallorca,81.05,87.1,81.74,A
2023-M09,2023,9,mensual,07014,Capdepera,Mallorca,80.43,88.51,75.22,A
2023-M09,2023,9,mensual,07015,Ciutadella de Menorca,Menorca,80.2,89.15,79.51,A
2023-M09,2023,9,mensual,07022,Felanitx,Mallorca,81.91,90.12,79.48,A
2023-M09,2023,9,mensual,07024,Formentera,Formentera,78.12,83.58,82.13,A
2023-M09,2023,9,mensual,07026,Eivissa,Eivissa,78.25,85.38,84.15,A
2023-M09,2023,9,mensual,07031,Llucmajor,Mallorca,80.68,82.24,85.0,A
2023-M09,2023,9,mensual,07032,Maó,Menorca,69.26,87.05,68.47,A
2023-M09,2023,9,mensual,07033,Manacor,Mallorca,71.44,78.13,64.32,A
2023-M09,2023,9,mensual,07039,Muro,Mallorca,82.12,91.94,83.28,A
2023-M09,2023,9,mensual,07040,Palma,Mallorca,81.02,88.42,84.57,A
2023-M09,2023,9,mensual,07042,Pollença,Mallorca,82.29,91.99,83.71,A
2023-M09,2023,9,mensual,07046,Sant Antoni de Portmany,Eivissa,82.49,88.37,82.21,A
2023-M09,2023,9,mensual,07048,Sant Josep de sa Talaia,Eivissa,81.78,85.2,79.49,A
2023-M09,2023,9,mensual,07050,Sant Joan de Labritja,Eivissa,77.09,80.1,69.0,A
2023-M09,2023,9,mensual,07051,Sant Llorenç des Cardassar,Mallorca,82.49,90.67,82.42,A
2023-M09,2023,9,mensual,07052,Sant Lluís,Menorca,66.91,84.52,55.48,A
2023-M09,2023,9,mensual,07054,Santa Eulària des Riu,Eivissa,73.89,76.83,74.71,A
2023-M09,2023,9,mensual,07055,Santa Margalida,Mallorca,87.35,92.25,83.01,A
2023-M09,2023,9,mensual,07057,Santanyí,Mallorca,76.62,91.97,80.49,A
2023-M09,2023,9,mensual,07059,Ses Salines,Mallorca,72.91,88.28,73.09,A
2023-M09,2023,9,mensual,07061,Sóller,Mallorca,85.48,84.77,85.88,A
2023-M09,2023,9,mensual,07062,Son Servera,Mallorca,81.87,91.46,78.75,A
2023-M10,2023,10,mensual,07002,Alaior,Menorca,43.79,42.17,27.03,A
2023-M10,2023,10,mensual,07003,Alcúdia,Mallorca,69.48,73.6,56.72,A
2023-M10,2023,10,mensual,07005,Andratx,Mallorca,56.67,59.45,50.46,A
2023-M10,2023,10,mensual,07011,Calvià,Mallorca,68.37,73.16,66.04,A
2023-M10,2023,10,mensual,07014,Capdepera,Mallorca,61.11,67.87,56.39,A
2023-M10,2023,10,mensual,07015,Ciutadella de Menorca,Menorca,54.8,61.8,55.06,A
2023-M10,2023,10,mensual,07022,Felanitx,Mallorca,66.16,70.94,52.33,A
2023-M10,2023,10,mensual,07024,Formentera,Formentera,54.03,61.22,63.49,A
2023-M10,2023,10,mensual,07026,Eivissa,Eivissa,62.75,65.37,60.73,A
2023-M10,2023,10,mensual,07031,Llucmajor,Mallorca,57.91,62.61,57.62,A
2023-M10,2023,10,mensual,07032,Maó,Menorca,47.26,58.65,55.97,A
2023-M10,2023,10,mensual,07033,Manacor,Mallorca,58.94,64.44,56.11,A
2023-M10,2023,10,mensual,07039,Muro,Mallorca,63.73,69.84,56.39,A
2023-M10,2023,10,mensual,07040,Palma,Mallorca,72.97,79.45,79.09,A
2023-M10,2023,10,mensual,07042,Pollença,Mallorca,67.93,77.72,71.42,A
2023-M10,2023,10,mensual,07046,Sant Antoni de Portmany,Eivissa,65.21,70.67,68.05,A
2023-M10,2023,10,mensual,07048,Sant Josep de sa Talaia,Eivissa,74.53,70.54,52.54,A
2023-M10,2023,10,mensual,07050,Sant Joan de Labritja,Eivissa,56.94,62.45,58.41,A
2023-M10,2023,10,mensual,07051,Sant Llorenç des Cardassar,Mallorca,71.45,75.05,75.72,A
2023-M10,2023,10,mensual,07052,Sant Lluís,Menorca,44.3,55.04,46.05,A
2023-M10,2023,10,mensual,07054,Santa Eulària des Riu,Eivissa,60.35,58.76,52.05,A
2023-M10,2023,10,mensual,07055,Santa Margalida,Mallorca,65.64,69.27,52.79,A
2023-M10,2023,10,mensual,07057,Santanyí,Mallorca,68.22,82.21,85.33,A
2023-M10,2023,10,mensual,07059,Ses Salines,Mallorca,63.26,74.36,59.63,A
2023-M10,2023,10,mensual,07061,Sóller,Mallorca,76.44,80.11,77.76,A
2023-M10,2023,10,mensual,07062,Son Servera,Mallorca,64.25,71.43,70.82,A
2023-M11,2023,11,mensual,07002,Alaior,Menorca,0.0,0.0,0.0,A
2023-M11,2023,11,mensual,07003,Alcúdia,Mallorca,,,,U
2023-M11,2023,11,mensual,07005,Andratx,Mallorca,,,,U
2023-M11,2023,11,mensual,07011,Calvià,Mallorca,37.34,52.28,46.97,A
2023-M11,2023,11,mensual,07014,Capdepera,Mallorca,,,,U
2023-M11,2023,11,mensual,07015,Ciutadella de Menorca,Menorca,,,,U
2023-M11,2023,11,mensual,07022,Felanitx,Mallorca,,,,U
2023-M11,2023,11,mensual,07024,Formentera,Formentera,,,,U
2023-M11,2023,11,mensual,07026,Eivissa,Eivissa,38.19,51.05,45.28,A
2023-M11,2023,11,mensual,07031,Llucmajor,Mallorca,,,,U
2023-M11,2023,11,mensual,07032,Maó,Menorca,29.41,36.83,24.27,A
2023-M11,2023,11,mensual,07033,Manacor,Mallorca,,,,U
2023-M11,2023,11,mensual,07039,Muro,Mallorca,,,,U
2023-M11,2023,11,mensual,07040,Palma,Mallorca,48.96,61.65,57.66,A
2023-M11,2023,11,mensual,07042,Pollença,Mallorca,,,,U
2023-M11,2023,11,mensual,07046,Sant Antoni de Portmany,Eivissa,,,,U
2023-M11,2023,11,mensual,07048,Sant Josep de sa Talaia,Eivissa,,,,U
2023-M11,2023,11,mensual,07050,Sant Joan de Labritja,Eivissa,,,,U
2023-M11,2023,11,mensual,07051,Sant Llorenç des Cardassar,Mallorca,,,,U
2023-M11,2023,11,mensual,07052,Sant Lluís,Menorca,,,,U
2023-M11,2023,11,mensual,07054,Santa Eulària des Riu,Eivissa,,,,U
2023-M11,2023,11,mensual,07055,Santa Margalida,Mallorca,,,,U
2023-M11,2023,11,mensual,07057,Santanyí,Mallorca,,,,U
2023-M11,2023,11,mensual,07059,Ses Salines,Mallorca,,,,U
2023-M11,2023,11,mensual,07061,Sóller,Mallorca,,,,U
2023-M11,2023,11,mensual,07062,Son Servera,Mallorca,,,,U
2023-M12,2023,12,mensual,07002,Alaior,Menorca,0.0,0.0,0.0,A
2023-M12,2023,12,mensual,07003,Alcúdia,Mallorca,,,,U
2023-M12,2023,12,mensual,07005,Andratx,Mallorca,,,,U
2023-M12,2023,12,mensual,07011,Calvià,Mallorca,18.9,30.04,25.1,A
2023-M12,2023,12,mensual,07014,Capdepera,Mallorca,,,,U
2023-M12,2023,12,mensual,07015,Ciutadella de Menorca,Menorca,,,,U
2023-M12,2023,12,mensual,07022,Felanitx,Mallorca,,,,U
2023-M12,2023,12,mensual,07024,Formentera,Formentera,,,,U
2023-M12,2023,12,mensual,07026,Eivissa,Eivissa,36.75,45.0,45.35,A
2023-M12,2023,12,mensual,07031,Llucmajor,Mallorca,,,,U
2023-M12,2023,12,mensual,07032,Maó,Menorca,,,,U
2023-M12,2023,12,mensual,07033,Manacor,Mallorca,,,,U
2023-M12,2023,12,mensual,07039,Muro,Mallorca,0.0,0.0,0.0,A
2023-M12,2023,12,mensual,07040,Palma,Mallorca,45.83,53.62,55.67,A
2023-M12,2023,12,mensual,07042,Pollença,Mallorca,,,,U
2023-M12,2023,12,mensual,07046,Sant Antoni de Portmany,Eivissa,,,,U
2023-M12,2023,12,mensual,07048,Sant Josep de sa Talaia,Eivissa,,,,U
2023-M12,2023,12,mensual,07050,Sant Joan de Labritja,Eivissa,,,,U
2023-M12,2023,12,mensual,07051,Sant Llorenç des Cardassar,Mallorca,,,,U
2023-M12,2023,12,mensual,07052,Sant Lluís,Menorca,,,,U
2023-M12,2023,12,mensual,07054,Santa Eulària des Riu,Eivissa,,,,U
2023-M12,2023,12,mensual,07055,Santa Margalida,Mallorca,,,,U
2023-M12,2023,12,mensual,07057,Santanyí,Mallorca,,,,U
2023-M12,2023,12,mensual,07059,Ses Salines,Mallorca,0.0,0.0,0.0,A
2023-M12,2023,12,mensual,07061,Sóller,Mallorca,,,,U
2023-M12,2023,12,mensual,07062,Son Servera,Mallorca,,,,U
2024,2024,,anual,07002,Alaior,Menorca,76.8,79.37,73.0,A
2024,2024,,anual,07003,Alcúdia,Mallorca,78.94,84.57,78.67,A
2024,2024,,anual,07005,Andratx,Mallorca,69.99,75.43,72.44,A
2024,2024,,anual,07011,Calvià,Mallorca,75.95,81.83,78.65,A
2024,2024,,anual,07014,Capdepera,Mallorca,74.93,80.5,74.73,A
2024,2024,,anual,07015,Ciutadella de Menorca,Menorca,73.46,80.88,73.27,A
2024,2024,,anual,07022,Felanitx,Mallorca,77.36,83.64,74.42,A
2024,2024,,anual,07024,Formentera,Formentera,69.75,71.75,72.35,A
2024,2024,,anual,07026,Eivissa,Eivissa,71.12,78.84,77.68,A
2024,2024,,anual,07031,Llucmajor,Mallorca,81.21,84.2,85.52,A
2024,2024,,anual,07032,Maó,Menorca,57.83,72.38,58.36,A
2024,2024,,anual,07033,Manacor,Mallorca,67.72,66.0,67.44,A
2024,2024,,anual,07039,Muro,Mallorca,80.52,84.58,78.8,A
2024,2024,,anual,07040,Palma,Mallorca,75.87,83.01,79.35,A
2024,2024,,anual,07042,Pollença,Mallorca,75.91,85.13,77.27,A
2024,2024,,anual,07046,Sant Antoni de Portmany,Eivissa,75.74,79.78,79.19,A
2024,2024,,anual,07048,Sant Josep de sa Talaia,Eivissa,77.8,81.7,78.53,A
2024,2024,,anual,07050,Sant Joan de Labritja,Eivissa,70.35,75.62,71.21,A
2024,2024,,anual,07051,Sant Llorenç des Cardassar,Mallorca,84.21,88.24,82.56,A
2024,2024,,anual,07052,Sant Lluís,Menorca,68.04,79.1,65.95,A
2024,2024,,anual,07054,Santa Eulària des Riu,Eivissa,77.67,81.65,77.8,A
2024,2024,,anual,07055,Santa Margalida,Mallorca,80.74,84.03,79.4,A
2024,2024,,anual,07057,Santanyí,Mallorca,78.23,80.92,76.59,A
2024,2024,,anual,07059,Ses Salines,Mallorca,62.78,75.64,63.61,A
2024,2024,,anual,07061,Sóller,Mallorca,84.15,88.38,86.8,A
2024,2024,,anual,07062,Son Servera,Mallorca,80.48,86.32,81.41,A
2024-M01,2024,1,mensual,07002,Alaior,Menorca,0.0,0.0,0.0,A
2024-M01,2024,1,mensual,07003,Alcúdia,Mallorca,,,,U
2024-M01,2024,1,mensual,07005,Andratx,Mallorca,,,,U
2024-M01,2024,1,mensual,07011,Calvià,Mallorca,20.21,34.72,18.08,A
2024-M01,2024,1,mensual,07014,Capdepera,Mallorca,,,,U
2024-M01,2024,1,mensual,07015,Ciutadella de Menorca,Menorca,,,,U
2024-M01,2024,1,mensual,07022,Felanitx,Mallorca,,,,U
2024-M01,2024,1,mensual,07024,Formentera,Formentera,,,,U
2024-M01,2024,1,mensual,07026,Eivissa,Eivissa,35.02,47.04,37.49,A
2024-M01,2024,1,mensual,07031,Llucmajor,Mallorca,,,,U
2024-M01,2024,1,mensual,07032,Maó,Menorca,,,,U
2024-M01,2024,1,mensual,07033,Manacor,Mallorca,,,,U
2024-M01,2024,1,mensual,07039,Muro,Mallorca,0.0,0.0,0.0,A
2024-M01,2024,1,mensual,07040,Palma,Mallorca,42.46,53.23,48.83,A
2024-M01,2024,1,mensual,07042,Pollença,Mallorca,,,,U
2024-M01,2024,1,mensual,07046,Sant Antoni de Portmany,Eivissa,,,,U
2024-M01,2024,1,mensual,07048,Sant Josep de sa Talaia,Eivissa,,,,U
2024-M01,2024,1,mensual,07050,Sant Joan de Labritja,Eivissa,,,,U
2024-M01,2024,1,mensual,07051,Sant Llorenç des Cardassar,Mallorca,,,,U
2024-M01,2024,1,mensual,07052,Sant Lluís,Menorca,0.0,0.0,0.0,A
2024-M01,2024,1,mensual,07054,Santa Eulària des Riu,Eivissa,,,,U
2024-M01,2024,1,mensual,07055,Santa Margalida,Mallorca,,,,U
2024-M01,2024,1,mensual,07057,Santanyí,Mallorca,,,,U
2024-M01,2024,1,mensual,07059,Ses Salines,Mallorca,0.0,0.0,0.0,A
2024-M01,2024,1,mensual,07061,Sóller,Mallorca,,,,U
2024-M01,2024,1,mensual,07062,Son Servera,Mallorca,,,,U
2024-M02,2024,2,mensual,07002,Alaior,Menorca,0.0,0.0,0.0,A
2024-M02,2024,2,mensual,07003,Alcúdia,Mallorca,,,,U
2024-M02,2024,2,mensual,07005,Andratx,Mallorca,,,,U
2024-M02,2024,2,mensual,07011,Calvià,Mallorca,48.85,62.62,67.68,A
2024-M02,2024,2,mensual,07014,Capdepera,Mallorca,,,,U
2024-M02,2024,2,mensual,07015,Ciutadella de Menorca,Menorca,,,,U
2024-M02,2024,2,mensual,07022,Felanitx,Mallorca,,,,U
2024-M02,2024,2,mensual,07024,Formentera,Formentera,,,,U
2024-M02,2024,2,mensual,07026,Eivissa,Eivissa,49.2,61.88,55.01,A
2024-M02,2024,2,mensual,07031,Llucmajor,Mallorca,,,,U
2024-M02,2024,2,mensual,07032,Maó,Menorca,,,,U
2024-M02,2024,2,mensual,07033,Manacor,Mallorca,,,,U
2024-M02,2024,2,mensual,07039,Muro,Mallorca,,,,U
2024-M02,2024,2,mensual,07040,Palma,Mallorca,55.2,63.3,57.36,A
2024-M02,2024,2,mensual,07042,Pollença,Mallorca,,,,U
2024-M02,2024,2,mensual,07046,Sant Antoni de Portmany,Eivissa,,,,U
2024-M02,2024,2,mensual,07048,Sant Josep de sa Talaia,Eivissa,,,,U
2024-M02,2024,2,mensual,07050,Sant Joan de Labritja,Eivissa,,,,U
2024-M02,2024,2,mensual,07051,Sant Llorenç des Cardassar,Mallorca,63.83,69.37,64.11,A
2024-M02,2024,2,mensual,07052,Sant Lluís,Menorca,0.0,0.0,0.0,A
2024-M02,2024,2,mensual,07054,Santa Eulària des Riu,Eivissa,,,,U
2024-M02,2024,2,mensual,07055,Santa Margalida,Mallorca,,,,U
2024-M02,2024,2,mensual,07057,Santanyí,Mallorca,,,,U
2024-M02,2024,2,mensual,07059,Ses Salines,Mallorca,,,,U
2024-M02,2024,2,mensual,07061,Sóller,Mallorca,,,,U
2024-M02,2024,2,mensual,07062,Son Servera,Mallorca,,,,U
2024-M03,2024,3,mensual,07002,Alaior,Menorca,,,,U
2024-M03,2024,3,mensual,07003,Alcúdia,Mallorca,52.85,68.04,44.25,A
2024-M03,2024,3,mensual,07005,Andratx,Mallorca,36.93,40.19,36.97,A
2024-M03,2024,3,mensual,07011,Calvià,Mallorca,50.61,54.21,54.2,A
2024-M03,2024,3,mensual,07014,Capdepera,Mallorca,58.37,67.62,51.65,A
2024-M03,2024,3,mensual,07015,Ciutadella de Menorca,Menorca,19.8,22.92,21.11,A
2024-M03,2024,3,mensual,07022,Felanitx,Mallorca,,,,U
2024-M03,2024,3,mensual,07024,Formentera,Formentera,,,,U
2024-M03,2024,3,mensual,07026,Eivissa,Eivissa,38.59,49.07,35.47,A
2024-M03,2024,3,mensual,07031,Llucmajor,Mallorca,,,,U
2024-M03,2024,3,mensual,07032,Maó,Menorca,33.71,40.58,35.97,A
2024-M03,2024,3,mensual,07033,Manacor,Mallorca,,,,U
2024-M03,2024,3,mensual,07039,Muro,Mallorca,49.8,52.23,42.73,A
2024-M03,2024,3,mensual,07040,Palma,Mallorca,57.2,64.37,60.16,A
2024-M03,2024,3,mensual,07042,Pollença,Mallorca,33.89,60.63,33.03,A
2024-M03,2024,3,mensual,07046,Sant Antoni de Portmany,Eivissa,,,,U
2024-M03,2024,3,mensual,07048,Sant Josep de sa Talaia,Eivissa,,,,U
2024-M03,2024,3,mensual,07050,Sant Joan de Labritja,Eivissa,,,,U
2024-M03,2024,3,mensual,07051,Sant Llorenç des Cardassar,Mallorca,50.64,58.41,30.56,A
2024-M03,2024,3,mensual,07052,Sant Lluís,Menorca,0.0,0.0,0.0,A
2024-M03,2024,3,mensual,07054,Santa Eulària des Riu,Eivissa,,,,U
2024-M03,2024,3,mensual,07055,Santa Margalida,Mallorca,40.64,49.74,47.57,A
2024-M03,2024,3,mensual,07057,Santanyí,Mallorca,48.03,41.99,46.54,A
2024-M03,2024,3,mensual,07059,Ses Salines,Mallorca,24.01,29.23,22.43,A
2024-M03,2024,3,mensual,07061,Sóller,Mallorca,63.53,71.57,74.05,A
2024-M03,2024,3,mensual,07062,Son Servera,Mallorca,54.39,60.35,62.59,A
2024-M04,2024,4,mensual,07002,Alaior,Menorca,,,,U
2024-M04,2024,4,mensual,07003,Alcúdia,Mallorca,66.83,80.64,66.95,A
2024-M04,2024,4,mensual,07005,Andratx,Mallorca,53.22,59.79,55.27,A
2024-M04,2024,4,mensual,07011,Calvià,Mallorca,67.48,72.32,74.71,A
2024-M04,2024,4,mensual,07014,Capdepera,Mallorca,55.37,68.61,56.3,A
2024-M04,2024,4,mensual,07015,Ciutadella de Menorca,Menorca,55.9,59.03,63.21,A
2024-M04,2024,4,mensual,07022,Felanitx,Mallorca,59.64,72.36,60.05,A
2024-M04,2024,4,mensual,07024,Formentera,Formentera,38.17,43.97,42.86,A
2024-M04,2024,4,mensual,07026,Eivissa,Eivissa,60.2,62.9,78.75,A
2024-M04,2024,4,mensual,07031,Llucmajor,Mallorca,72.98,74.1,83.34,A
2024-M04,2024,4,mensual,07032,Maó,Menorca,56.8,69.34,62.11,A
2024-M04,2024,4,mensual,07033,Manacor,Mallorca,25.53,25.72,22.01,A
2024-M04,2024,4,mensual,07039,Muro,Mallorca,70.45,71.3,71.56,A
2024-M04,2024,4,mensual,07040,Palma,Mallorca,73.1,82.67,78.09,A
2024-M04,2024,4,mensual,07042,Pollença,Mallorca,66.89,85.52,69.38,A
2024-M04,2024,4,mensual,07046,Sant Antoni de Portmany,Eivissa,62.4,71.27,75.56,A
2024-M04,2024,4,mensual,07048,Sant Josep de sa Talaia,Eivissa,,,,U
2024-M04,2024,4,mensual,07050,Sant Joan de Labritja,Eivissa,,,,U
2024-M04,2024,4,mensual,07051,Sant Llorenç des Cardassar,Mallorca,73.15,82.85,69.9,A
2024-M04,2024,4,mensual,07052,Sant Lluís,Menorca,0.0,0.0,0.0,A
2024-M04,2024,4,mensual,07054,Santa Eulària des Riu,Eivissa,73.25,74.78,91.48,A
2024-M04,2024,4,mensual,07055,Santa Margalida,Mallorca,47.43,59.09,52.14,A
2024-M04,2024,4,mensual,07057,Santanyí,Mallorca,52.24,60.12,52.45,A
2024-M04,2024,4,mensual,07059,Ses Salines,Mallorca,45.61,56.29,47.09,A
2024-M04,2024,4,mensual,07061,Sóller,Mallorca,81.51,86.75,85.06,A
2024-M04,2024,4,mensual,07062,Son Servera,Mallorca,69.72,74.65,69.7,A
2024-M05,2024,5,mensual,07002,Alaior,Menorca,62.34,64.45,62.08,A
2024-M05,2024,5,mensual,07003,Alcúdia,Mallorca,74.86,81.56,73.34,A
2024-M05,2024,5,mensual,07005,Andratx,Mallorca,66.64,77.77,69.3,A
2024-M05,2024,5,mensual,07011,Calvià,Mallorca,72.83,78.14,79.26,A
2024-M05,2024,5,mensual,07014,Capdepera,Mallorca,61.22,67.14,57.5,A
2024-M05,2024,5,mensual,07015,Ciutadella de Menorca,Menorca,61.1,66.33,60.08,A
2024-M05,2024,5,mensual,07022,Felanitx,Mallorca,75.63,86.2,74.88,A
2024-M05,2024,5,mensual,07024,Formentera,Formentera,52.99,59.51,56.65,A
2024-M05,2024,5,mensual,07026,Eivissa,Eivissa,67.98,76.27,71.78,A
2024-M05,2024,5,mensual,07031,Llucmajor,Mallorca,74.66,76.97,76.63,A
2024-M05,2024,5,mensual,07032,Maó,Menorca,52.82,70.45,44.26,A
2024-M05,2024,5,mensual,07033,Manacor,Mallorca,62.94,63.36,62.44,A
2024-M05,2024,5,mensual,07039,Muro,Mallorca,75.93,78.97,73.16,A
2024-M05,2024,5,mensual,07040,Palma,Mallorca,77.64,86.83,81.27,A
2024-M05,2024,5,mensual,07042,Pollença,Mallorca,77.58,85.69,77.45,A
2024-M05,2024,5,mensual,07046,Sant Antoni de Portmany,Eivissa,71.44,77.32,81.85,A
2024-M05,2024,5,mensual,07048,Sant Josep de sa Talaia,Eivissa,68.88,74.74,71.62,A
2024-M05,2024,5,mensual,07050,Sant Joan de Labritja,Eivissa,68.88,74.74,71.62,A
2024-M05,2024,5,mensual,07051,Sant Llorenç des Cardassar,Mallorca,78.89,84.21,74.42,A
2024-M05,2024,5,mensual,07052,Sant Lluís,Menorca,53.85,64.48,41.74,A
2024-M05,2024,5,mensual,07054,Santa Eulària des Riu,Eivissa,68.87,72.79,73.36,A
2024-M05,2024,5,mensual,07055,Santa Margalida,Mallorca,74.59,80.45,76.5,A
2024-M05,2024,5,mensual,07057,Santanyí,Mallorca,68.95,69.76,71.64,A
2024-M05,2024,5,mensual,07059,Ses Salines,Mallorca,57.43,71.74,56.05,A
2024-M05,2024,5,mensual,07061,Sóller,Mallorca,83.21,91.54,84.83,A
2024-M05,2024,5,mensual,07062,Son Servera,Mallorca,75.08,83.09,71.26,A
2024-M06,2024,6,mensual,07002,Alaior,Menorca,85.25,84.32,84.87,A
2024-M06,2024,6,mensual,07003,Alcúdia,Mallorca,86.31,88.01,86.29,A
2024-M06,2024,6,mensual,07005,Andratx,Mallorca,73.43,80.21,81.19,A
2024-M06,2024,6,mensual,07011,Calvià,Mallorca,77.34,85.44,80.52,A
2024-M06,2024,6,mensual,07014,Capdepera,Mallorca,77.73,84.57,76.49,A
2024-M06,2024,6,mensual,07015,Ciutadella de Menorca,Menorca,76.78,86.23,76.07,A
2024-M06,2024,6,mensual,07022,Felanitx,Mallorca,81.37,88.53,78.08,A
2024-M06,2024,6,mensual,07024,Formentera,Formentera,71.62,76.89,74.05,A
2024-M06,2024,6,mensual,07026,Eivissa,Eivissa,73.44,82.85,83.44,A
2024-M06,2024,6,mensual,07031,Llucmajor,Mallorca,88.06,89.48,90.46,A
2024-M06,2024,6,mensual,07032,Maó,Menorca,68.72,85.95,70.86,A
2024-M06,2024,6,mensual,07033,Manacor,Mallorca,73.55,69.97,73.43,A
2024-M06,2024,6,mensual,07039,Muro,Mallorca,83.95,90.04,83.14,A
2024-M06,2024,6,mensual,07040,Palma,Mallorca,83.82,90.4,87.93,A
2024-M06,2024,6,mensual,07042,Pollença,Mallorca,83.38,90.01,83.07,A
2024-M06,2024,6,mensual,07046,Sant Antoni de Portmany,Eivissa,83.07,85.53,84.85,A
2024-M06,2024,6,mensual,07048,Sant Josep de sa Talaia,Eivissa,76.05,81.71,78.07,A
2024-M06,2024,6,mensual,07050,Sant Joan de Labritja,Eivissa,79.6,83.97,77.33,A
2024-M06,2024,6,mensual,07051,Sant Llorenç des Cardassar,Mallorca,89.78,93.52,88.11,A
2024-M06,2024,6,mensual,07052,Sant Lluís,Menorca,70.13,83.8,76.15,A
2024-M06,2024,6,mensual,07054,Santa Eulària des Riu,Eivissa,74.88,81.11,77.0,A
2024-M06,2024,6,mensual,07055,Santa Margalida,Mallorca,90.16,90.21,87.08,A
2024-M06,2024,6,mensual,07057,Santanyí,Mallorca,79.14,84.17,72.18,A
2024-M06,2024,6,mensual,07059,Ses Salines,Mallorca,69.99,84.65,72.89,A
2024-M06,2024,6,mensual,07061,Sóller,Mallorca,92.72,93.83,90.83,A
2024-M06,2024,6,mensual,07062,Son Servera,Mallorca,84.74,90.79,86.15,A
2024-M07,2024,7,mensual,07002,Alaior,Menorca,86.17,81.56,83.18,A
2024-M07,2024,7,mensual,07003,Alcúdia,Mallorca,89.65,90.83,86.81,A
2024-M07,2024,7,mensual,07005,Andratx,Mallorca,78.05,81.78,82.76,A
2024-M07,2024,7,mensual,07011,Calvià,Mallorca,87.54,91.24,87.66,A
2024-M07,2024,7,mensual,07014,Capdepera,Mallorca,89.6,91.5,86.49,A
2024-M07,2024,7,mensual,07015,Ciutadella de Menorca,Menorca,82.69,88.98,82.35,A
2024-M07,2024,7,mensual,07022,Felanitx,Mallorca,91.11,92.09,87.2,A
2024-M07,2024,7,mensual,07024,Formentera,Formentera,82.64,78.0,87.44,A
2024-M07,2024,7,mensual,07026,Eivissa,Eivissa,85.21,91.58,90.25,A
2024-M07,2024,7,mensual,07031,Llucmajor,Mallorca,87.95,89.81,90.82,A
2024-M07,2024,7,mensual,07032,Maó,Menorca,75.15,89.39,66.8,A
2024-M07,2024,7,mensual,07033,Manacor,Mallorca,80.52,75.87,78.01,A
2024-M07,2024,7,mensual,07039,Muro,Mallorca,90.32,94.17,90.45,A
2024-M07,2024,7,mensual,07040,Palma,Mallorca,91.15,93.68,91.81,A
2024-M07,2024,7,mensual,07042,Pollença,Mallorca,85.52,91.06,87.98,A
2024-M07,2024,7,mensual,07046,Sant Antoni de Portmany,Eivissa,81.96,85.41,87.51,A
2024-M07,2024,7,mensual,07048,Sant Josep de sa Talaia,Eivissa,84.77,86.23,86.89,A
2024-M07,2024,7,mensual,07050,Sant Joan de Labritja,Eivissa,66.12,68.12,62.34,A
2024-M07,2024,7,mensual,07051,Sant Llorenç des Cardassar,Mallorca,91.3,90.61,90.71,A
2024-M07,2024,7,mensual,07052,Sant Lluís,Menorca,81.16,89.18,80.11,A
2024-M07,2024,7,mensual,07054,Santa Eulària des Riu,Eivissa,84.25,87.14,87.18,A
2024-M07,2024,7,mensual,07055,Santa Margalida,Mallorca,91.22,93.34,92.72,A
2024-M07,2024,7,mensual,07057,Santanyí,Mallorca,86.94,90.82,88.88,A
2024-M07,2024,7,mensual,07059,Ses Salines,Mallorca,77.53,90.18,77.77,A
2024-M07,2024,7,mensual,07061,Sóller,Mallorca,90.84,93.83,95.92,A
2024-M07,2024,7,mensual,07062,Son Servera,Mallorca,88.81,92.92,88.94,A
2024-M08,2024,8,mensual,07002,Alaior,Menorca,89.87,92.88,82.99,A
2024-M08,2024,8,mensual,07003,Alcúdia,Mallorca,89.01,93.53,90.78,A
2024-M08,2024,8,mensual,07005,Andratx,Mallorca,89.45,87.05,82.83,A
2024-M08,2024,8,mensual,07011,Calvià,Mallorca,90.03,91.69,89.08,A
2024-M08,2024,8,mensual,07014,Capdepera,Mallorca,91.04,92.65,90.14,A
2024-M08,2024,8,mensual,07015,Ciutadella de Menorca,Menorca,86.43,92.11,86.76,A
2024-M08,2024,8,mensual,07022,Felanitx,Mallorca,91.47,92.97,87.47,A
2024-M08,2024,8,mensual,07024,Formentera,Formentera,88.83,88.76,84.09,A
2024-M08,2024,8,mensual,07026,Eivissa,Eivissa,87.82,93.04,86.45,A
2024-M08,2024,8,mensual,07031,Llucmajor,Mallorca,92.06,93.18,95.02,A
2024-M08,2024,8,mensual,07032,Maó,Menorca,76.26,94.76,69.09,A
2024-M08,2024,8,mensual,07033,Manacor,Mallorca,82.09,77.45,80.58,A
2024-M08,2024,8,mensual,07039,Muro,Mallorca,91.68,95.66,91.37,A
2024-M08,2024,8,mensual,07040,Palma,Mallorca,90.34,93.0,90.26,A
2024-M08,2024,8,mensual,07042,Pollença,Mallorca,86.77,91.41,88.91,A
2024-M08,2024,8,mensual,07046,Sant Antoni de Portmany,Eivissa,87.31,92.12,90.17,A
2024-M08,2024,8,mensual,07048,Sant Josep de sa Talaia,Eivissa,92.77,91.95,87.37,A
2024-M08,2024,8,mensual,07050,Sant Joan de Labritja,Eivissa,80.29,86.38,75.5,A
2024-M08,2024,8,mensual,07051,Sant Llorenç des Cardassar,Mallorca,95.0,96.37,93.99,A
2024-M08,2024,8,mensual,07052,Sant Lluís,Menorca,83.72,90.39,83.74,A
2024-M08,2024,8,mensual,07054,Santa Eulària des Riu,Eivissa,87.84,91.15,85.85,A
2024-M08,2024,8,mensual,07055,Santa Margalida,Mallorca,97.17,96.41,94.12,A
2024-M08,2024,8,mensual,07057,Santanyí,Mallorca,94.47,93.43,90.75,A
2024-M08,2024,8,mensual,07059,Ses Salines,Mallorca,80.17,91.46,79.72,A
2024-M08,2024,8,mensual,07061,Sóller,Mallorca,92.66,93.81,94.41,A
2024-M08,2024,8,mensual,07062,Son Servera,Mallorca,90.44,94.41,90.75,A
2024-M09,2024,9,mensual,07002,Alaior,Menorca,79.76,90.11,75.86,A
2024-M09,2024,9,mensual,07003,Alcúdia,Mallorca,79.43,88.77,81.66,A
2024-M09,2024,9,mensual,07005,Andratx,Mallorca,80.88,88.18,83.23,A
2024-M09,2024,9,mensual,07011,Calvià,Mallorca,80.73,89.42,81.39,A
2024-M09,2024,9,mensual,07014,Capdepera,Mallorca,82.84,89.89,83.19,A
2024-M09,2024,9,mensual,07015,Ciutadella de Menorca,Menorca,75.89,87.37,77.72,A
2024-M09,2024,9,mensual,07022,Felanitx,Mallorca,85.75,92.28,82.26,A
2024-M09,2024,9,mensual,07024,Formentera,Formentera,75.38,79.14,76.22,A
2024-M09,2024,9,mensual,07026,Eivissa,Eivissa,78.54,88.78,85.56,A
2024-M09,2024,9,mensual,07031,Llucmajor,Mallorca,86.9,89.3,90.83,A
2024-M09,2024,9,mensual,07032,Maó,Menorca,63.6,83.15,67.81,A
2024-M09,2024,9,mensual,07033,Manacor,Mallorca,68.05,68.23,70.21,A
2024-M09,2024,9,mensual,07039,Muro,Mallorca,83.96,94.1,83.62,A
2024-M09,2024,9,mensual,07040,Palma,Mallorca,81.73,89.28,85.59,A
2024-M09,2024,9,mensual,07042,Pollença,Mallorca,83.5,93.07,84.39,A
2024-M09,2024,9,mensual,07046,Sant Antoni de Portmany,Eivissa,83.36,88.82,82.26,A
2024-M09,2024,9,mensual,07048,Sant Josep de sa Talaia,Eivissa,79.88,85.73,79.51,A
2024-M09,2024,9,mensual,07050,Sant Joan de Labritja,Eivissa,77.18,82.21,77.42,A
2024-M09,2024,9,mensual,07051,Sant Llorenç des Cardassar,Mallorca,86.12,94.5,85.03,A
2024-M09,2024,9,mensual,07052,Sant Lluís,Menorca,68.81,86.27,64.25,A
2024-M09,2024,9,mensual,07054,Santa Eulària des Riu,Eivissa,81.58,86.67,79.11,A
2024-M09,2024,9,mensual,07055,Santa Margalida,Mallorca,88.01,92.25,85.34,A
2024-M09,2024,9,mensual,07057,Santanyí,Mallorca,79.92,86.88,77.54,A
2024-M09,2024,9,mensual,07059,Ses Salines,Mallorca,72.01,90.77,75.23,A
2024-M09,2024,9,mensual,07061,Sóller,Mallorca,89.34,92.74,91.59,A
2024-M09,2024,9,mensual,07062,Son Servera,Mallorca,84.62,94.3,84.66,A
2024-M10,2024,10,mensual,07002,Alaior,Menorca,50.94,58.13,40.12,A
2024-M10,2024,10,mensual,07003,Alcúdia,Mallorca,73.11,74.87,75.38,A
2024-M10,2024,10,mensual,07005,Andratx,Mallorca,63.99,69.45,72.66,A
2024-M10,2024,10,mensual,07011,Calvià,Mallorca,72.05,77.92,73.03,A
2024-M10,2024,10,mensual,07014,Capdepera,Mallorca,60.52,64.9,68.67,A
2024-M10,2024,10,mensual,07015,Ciutadella de Menorca,Menorca,57.92,65.96,54.81,A
2024-M10,2024,10,mensual,07022,Felanitx,Mallorca,55.62,56.36,52.71,A
2024-M10,2024,10,mensual,07024,Formentera,Formentera,50.76,54.15,61.92,A
2024-M10,2024,10,mensual,07026,Eivissa,Eivissa,61.77,68.08,72.67,A
2024-M10,2024,10,mensual,07031,Llucmajor,Mallorca,68.06,77.28,80.51,A
2024-M10,2024,10,mensual,07032,Maó,Menorca,49.93,66.36,64.63,A
2024-M10,2024,10,mensual,07033,Manacor,Mallorca,63.3,63.57,63.99,A
2024-M10,2024,10,mensual,07039,Muro,Mallorca,75.8,77.11,69.03,A
2024-M10,2024,10,mensual,07040,Palma,Mallorca,74.24,83.06,81.19,A
2024-M10,2024,10,mensual,07042,Pollença,Mallorca,67.96,77.28,71.53,A
2024-M10,2024,10,mensual,07046,Sant Antoni de Portmany,Eivissa,61.49,66.17,60.16,A
2024-M10,2024,10,mensual,07048,Sant Josep de sa Talaia,Eivissa,62.35,67.67,65.08,A
2024-M10,2024,10,mensual,07050,Sant Joan de Labritja,Eivissa,58.07,62.56,61.42,A
2024-M10,2024,10,mensual,07051,Sant Llorenç des Cardassar,Mallorca,77.32,80.59,80.14,A
2024-M10,2024,10,mensual,07052,Sant Lluís,Menorca,46.69,56.01,46.12,A
2024-M10,2024,10,mensual,07054,Santa Eulària des Riu,Eivissa,69.74,71.98,61.78,A
2024-M10,2024,10,mensual,07055,Santa Margalida,Mallorca,71.15,72.65,62.52,A
2024-M10,2024,10,mensual,07057,Santanyí,Mallorca,66.17,66.88,64.42,A
2024-M10,2024,10,mensual,07059,Ses Salines,Mallorca,58.62,72.25,60.71,A
2024-M10,2024,10,mensual,07061,Sóller,Mallorca,83.63,87.27,83.68,A
2024-M10,2024,10,mensual,07062,Son Servera,Mallorca,75.27,82.05,79.11,A
2024-M11,2024,11,mensual,07002,Alaior,Menorca,0.0,0.0,0.0,A
2024-M11,2024,11,mensual,07003,Alcúdia,Mallorca,,,,U
2024-M11,2024,11,mensual,07005,Andratx,Mallorca,,,,U
2024-M11,2024,11,mensual,07011,Calvià,Mallorca,29.64,46.49,36.66,A
2024-M11,2024,11,mensual,07014,Capdepera,Mallorca,,,,U
2024-M11,2024,11,mensual,07015,Ciutadella de Menorca,Menorca,,,,U
2024-M11,2024,11,mensual,07022,Felanitx,Mallorca,,,,U
2024-M11,2024,11,mensual,07024,Formentera,Formentera,,,,U
2024-M11,2024,11,mensual,07026,Eivissa,Eivissa,38.41,53.81,53.09,A
2024-M11,2024,11,mensual,07031,Llucmajor,Mallorca,,,,U
2024-M11,2024,11,mensual,07032,Maó,Menorca,28.46,43.95,31.41,A
2024-M11,2024,11,mensual,07033,Manacor,Mallorca,,,,U
2024-M11,2024,11,mensual,07039,Muro,Mallorca,,,,U
2024-M11,2024,11,mensual,07040,Palma,Mallorca,54.31,65.38,58.28,A
2024-M11,2024,11,mensual,07042,Pollença,Mallorca,,,,U
2024-M11,2024,11,mensual,07046,Sant Antoni de Portmany,Eivissa,,,,U
2024-M11,2024,11,mensual,07048,Sant Josep de sa Talaia,Eivissa,,,,U
2024-M11,2024,11,mensual,07050,Sant Joan de Labritja,Eivissa,,,,U
2024-M11,2024,11,mensual,07051,Sant Llorenç des Cardassar,Mallorca,,,,U
2024-M11,2024,11,mensual,07052,Sant Lluís,Menorca,0.0,0.0,0.0,A
2024-M11,2024,11,mensual,07054,Santa Eulària des Riu,Eivissa,,,,U
2024-M11,2024,11,mensual,07055,Santa Margalida,Mallorca,,,,U
2024-M11,2024,11,mensual,07057,Santanyí,Mallorca,,,,U
2024-M11,2024,11,mensual,07059,Ses Salines,Mallorca,,,,U
2024-M11,2024,11,mensual,07061,Sóller,Mallorca,,,,U
2024-M11,2024,11,mensual,07062,Son Servera,Mallorca,,,,U
2024-M12,2024,12,mensual,07002,Alaior,Menorca,0.0,0.0,0.0,A
2024-M12,2024,12,mensual,07003,Alcúdia,Mallorca,,,,U
2024-M12,2024,12,mensual,07005,Andratx,Mallorca,,,,U
2024-M12,2024,12,mensual,07011,Calvià,Mallorca,27.0,46.3,38.35,A
2024-M12,2024,12,mensual,07014,Capdepera,Mallorca,,,,U
2024-M12,2024,12,mensual,07015,Ciutadella de Menorca,Menorca,,,,U
2024-M12,2024,12,mensual,07022,Felanitx,Mallorca,,,,U
2024-M12,2024,12,mensual,07024,Formentera,Formentera,,,,U
2024-M12,2024,12,mensual,07026,Eivissa,Eivissa,38.87,49.27,42.75,A
2024-M12,2024,12,mensual,07031,Llucmajor,Mallorca,,,,U
2024-M12,2024,12,mensual,07032,Maó,Menorca,,,,U
2024-M12,2024,12,mensual,07033,Manacor,Mallorca,,,,U
2024-M12,2024,12,mensual,07039,Muro,Mallorca,0.0,0.0,0.0,A
2024-M12,2024,12,mensual,07040,Palma,Mallorca,50.26,59.07,56.15,A
2024-M12,2024,12,mensual,07042,Pollença,Mallorca,,,,U
2024-M12,2024,12,mensual,07046,Sant Antoni de Portmany,Eivissa,,,,U
2024-M12,2024,12,mensual,07048,Sant Josep de sa Talaia,Eivissa,,,,U
2024-M12,2024,12,mensual,07050,Sant Joan de Labritja,Eivissa,,,,U
2024-M12,2024,12,mensual,07051,Sant Llorenç des Cardassar,Mallorca,,,,U
2024-M12,2024,12,mensual,07052,Sant Lluís,Menorca,0.0,0.0,0.0,A
2024-M12,2024,12,mensual,07054,Santa Eulària des Riu,Eivissa,,,,U
2024-M12,2024,12,mensual,07055,Santa Margalida,Mallorca,,,,U
2024-M12,2024,12,mensual,07057,Santanyí,Mallorca,,,,U
2024-M12,2024,12,mensual,07059,Ses Salines,Mallorca,0.0,0.0,0.0,A
2024-M12,2024,12,mensual,07061,Sóller,Mallorca,,,,U
2024-M12,2024,12,mensual,07062,Son Servera,Mallorca,,,,U
2025,2025,,anual,07002,Alaior,Menorca,71.06,74.59,69.86,P
2025,2025,,anual,07003,Alcúdia,Mallorca,78.09,87.84,78.79,P
2025,2025,,anual,07005,Andratx,Mallorca,67.47,74.88,69.18,P
2025,2025,,anual,07011,Calvià,Mallorca,80.95,84.41,82.24,P
2025,2025,,anual,07014,Capdepera,Mallorca,67.36,73.47,67.69,P
2025,2025,,anual,07015,Ciutadella de Menorca,Menorca,75.16,80.97,75.66,P
2025,2025,,anual,07022,Felanitx,Mallorca,72.59,75.89,69.96,P
2025,2025,,anual,07024,Formentera,Formentera,68.3,70.29,72.4,P
2025,2025,,anual,07026,Eivissa,Eivissa,70.6,78.47,76.77,P
2025,2025,,anual,07031,Llucmajor,Mallorca,79.75,83.7,80.51,P
2025,2025,,anual,07032,Maó,Menorca,58.15,75.15,67.31,P
2025,2025,,anual,07033,Manacor,Mallorca,76.96,77.77,73.0,P
2025,2025,,anual,07039,Muro,Mallorca,81.48,85.1,81.46,P
2025,2025,,anual,07040,Palma,Mallorca,75.47,81.46,80.17,P
2025,2025,,anual,07042,Pollença,Mallorca,78.14,79.04,80.63,P
2025,2025,,anual,07046,Sant Antoni de Portmany,Eivissa,72.59,76.07,76.02,P
2025,2025,,anual,07048,Sant Josep de sa Talaia,Eivissa,75.53,79.39,76.38,P
2025,2025,,anual,07050,Sant Joan de Labritja,Eivissa,71.49,74.65,74.67,P
2025,2025,,anual,07051,Sant Llorenç des Cardassar,Mallorca,81.75,86.42,81.25,P
2025,2025,,anual,07052,Sant Lluís,Menorca,64.81,76.53,61.51,P
2025,2025,,anual,07054,Santa Eulària des Riu,Eivissa,75.02,77.85,75.14,P
2025,2025,,anual,07055,Santa Margalida,Mallorca,77.69,82.36,79.0,P
2025,2025,,anual,07057,Santanyí,Mallorca,72.49,75.3,73.74,P
2025,2025,,anual,07059,Ses Salines,Mallorca,63.89,73.81,65.91,P
2025,2025,,anual,07061,Sóller,Mallorca,82.95,87.23,84.92,P
2025,2025,,anual,07062,Son Servera,Mallorca,76.66,84.65,77.85,P
2025-M01,2025,1,mensual,07002,Alaior,Menorca,,,,U
2025-M01,2025,1,mensual,07003,Alcúdia,Mallorca,,,,U
2025-M01,2025,1,mensual,07005,Andratx,Mallorca,,,,U
2025-M01,2025,1,mensual,07011,Calvià,Mallorca,23.67,41.5,23.08,P
2025-M01,2025,1,mensual,07014,Capdepera,Mallorca,,,,U
2025-M01,2025,1,mensual,07015,Ciutadella de Menorca,Menorca,,,,U
2025-M01,2025,1,mensual,07022,Felanitx,Mallorca,,,,U
2025-M01,2025,1,mensual,07024,Formentera,Formentera,,,,U
2025-M01,2025,1,mensual,07026,Eivissa,Eivissa,,,,U
2025-M01,2025,1,mensual,07031,Llucmajor,Mallorca,,,,U
2025-M01,2025,1,mensual,07032,Maó,Menorca,,,,U
2025-M01,2025,1,mensual,07033,Manacor,Mallorca,,,,U
2025-M01,2025,1,mensual,07039,Muro,Mallorca,,,,U
2025-M01,2025,1,mensual,07040,Palma,Mallorca,43.6,52.02,49.8,P
2025-M01,2025,1,mensual,07042,Pollença,Mallorca,,,,U
2025-M01,2025,1,mensual,07046,Sant Antoni de Portmany,Eivissa,,,,U
2025-M01,2025,1,mensual,07048,Sant Josep de sa Talaia,Eivissa,,,,U
2025-M01,2025,1,mensual,07050,Sant Joan de Labritja,Eivissa,,,,U
2025-M01,2025,1,mensual,07051,Sant Llorenç des Cardassar,Mallorca,,,,U
2025-M01,2025,1,mensual,07052,Sant Lluís,Menorca,,,,U
2025-M01,2025,1,mensual,07054,Santa Eulària des Riu,Eivissa,,,,U
2025-M01,2025,1,mensual,07055,Santa Margalida,Mallorca,,,,U
2025-M01,2025,1,mensual,07057,Santanyí,Mallorca,,,,U
2025-M01,2025,1,mensual,07059,Ses Salines,Mallorca,,,,U
2025-M01,2025,1,mensual,07061,Sóller,Mallorca,,,,U
2025-M01,2025,1,mensual,07062,Son Servera,Mallorca,,,,U
2025-M02,2025,2,mensual,07002,Alaior,Menorca,,,,U
2025-M02,2025,2,mensual,07003,Alcúdia,Mallorca,47.98,56.15,72.31,P
2025-M02,2025,2,mensual,07005,Andratx,Mallorca,,,,U
2025-M02,2025,2,mensual,07011,Calvià,Mallorca,63.75,65.19,61.98,P
2025-M02,2025,2,mensual,07014,Capdepera,Mallorca,,,,U
2025-M02,2025,2,mensual,07015,Ciutadella de Menorca,Menorca,,,,U
2025-M02,2025,2,mensual,07022,Felanitx,Mallorca,,,,U
2025-M02,2025,2,mensual,07024,Formentera,Formentera,,,,U
2025-M02,2025,2,mensual,07026,Eivissa,Eivissa,,,,U
2025-M02,2025,2,mensual,07031,Llucmajor,Mallorca,,,,U
2025-M02,2025,2,mensual,07032,Maó,Menorca,,,,U
2025-M02,2025,2,mensual,07033,Manacor,Mallorca,,,,U
2025-M02,2025,2,mensual,07039,Muro,Mallorca,,,,U
2025-M02,2025,2,mensual,07040,Palma,Mallorca,56.96,64.81,58.11,P
2025-M02,2025,2,mensual,07042,Pollença,Mallorca,,,,U
2025-M02,2025,2,mensual,07046,Sant Antoni de Portmany,Eivissa,,,,U
2025-M02,2025,2,mensual,07048,Sant Josep de sa Talaia,Eivissa,,,,U
2025-M02,2025,2,mensual,07050,Sant Joan de Labritja,Eivissa,,,,U
2025-M02,2025,2,mensual,07051,Sant Llorenç des Cardassar,Mallorca,,,,U
2025-M02,2025,2,mensual,07052,Sant Lluís,Menorca,,,,U
2025-M02,2025,2,mensual,07054,Santa Eulària des Riu,Eivissa,,,,U
2025-M02,2025,2,mensual,07055,Santa Margalida,Mallorca,,,,U
2025-M02,2025,2,mensual,07057,Santanyí,Mallorca,,,,U
2025-M02,2025,2,mensual,07059,Ses Salines,Mallorca,,,,U
2025-M02,2025,2,mensual,07061,Sóller,Mallorca,,,,U
2025-M02,2025,2,mensual,07062,Son Servera,Mallorca,,,,U
2025-M03,2025,3,mensual,07002,Alaior,Menorca,,,,U
2025-M03,2025,3,mensual,07003,Alcúdia,Mallorca,47.84,69.09,50.28,P
2025-M03,2025,3,mensual,07005,Andratx,Mallorca,,,,U
2025-M03,2025,3,mensual,07011,Calvià,Mallorca,60.44,65.62,63.01,P
2025-M03,2025,3,mensual,07014,Capdepera,Mallorca,,,,U
2025-M03,2025,3,mensual,07015,Ciutadella de Menorca,Menorca,23.59,27.65,24.63,P
2025-M03,2025,3,mensual,07022,Felanitx,Mallorca,,,,U
2025-M03,2025,3,mensual,07024,Formentera,Formentera,,,,U
2025-M03,2025,3,mensual,07026,Eivissa,Eivissa,42.31,54.02,52.39,P
2025-M03,2025,3,mensual,07031,Llucmajor,Mallorca,,,,U
2025-M03,2025,3,mensual,07032,Maó,Menorca,,,,U
2025-M03,2025,3,mensual,07033,Manacor,Mallorca,,,,U
2025-M03,2025,3,mensual,07039,Muro,Mallorca,,,,U
2025-M03,2025,3,mensual,07040,Palma,Mallorca,61.45,70.65,65.09,P
2025-M03,2025,3,mensual,07042,Pollença,Mallorca,19.56,17.86,23.06,P
2025-M03,2025,3,mensual,07046,Sant Antoni de Portmany,Eivissa,,,,U
2025-M03,2025,3,mensual,07048,Sant Josep de sa Talaia,Eivissa,,,,U
2025-M03,2025,3,mensual,07050,Sant Joan de Labritja,Eivissa,,,,U
2025-M03,2025,3,mensual,07051,Sant Llorenç des Cardassar,Mallorca,53.37,59.93,51.23,P
2025-M03,2025,3,mensual,07052,Sant Lluís,Menorca,,,,U
2025-M03,2025,3,mensual,07054,Santa Eulària des Riu,Eivissa,,,,U
2025-M03,2025,3,mensual,07055,Santa Margalida,Mallorca,26.39,31.51,30.1,P
2025-M03,2025,3,mensual,07057,Santanyí,Mallorca,,,,U
2025-M03,2025,3,mensual,07059,Ses Salines,Mallorca,,,,U
2025-M03,2025,3,mensual,07061,Sóller,Mallorca,64.48,73.72,65.52,P
2025-M03,2025,3,mensual,07062,Son Servera,Mallorca,,,,U
2025-M04,2025,4,mensual,07002,Alaior,Menorca,,,,U
2025-M04,2025,4,mensual,07003,Alcúdia,Mallorca,66.19,82.89,71.4,P
2025-M04,2025,4,mensual,07005,Andratx,Mallorca,49.74,61.93,51.92,P
2025-M04,2025,4,mensual,07011,Calvià,Mallorca,76.56,77.71,78.17,P
2025-M04,2025,4,mensual,07014,Capdepera,Mallorca,55.54,56.55,51.81,P
2025-M04,2025,4,mensual,07015,Ciutadella de Menorca,Menorca,68.6,67.84,76.37,P
2025-M04,2025,4,mensual,07022,Felanitx,Mallorca,,,,U
2025-M04,2025,4,mensual,07024,Formentera,Formentera,,,,U
2025-M04,2025,4,mensual,07026,Eivissa,Eivissa,56.23,62.59,71.01,P
2025-M04,2025,4,mensual,07031,Llucmajor,Mallorca,,,,U
2025-M04,2025,4,mensual,07032,Maó,Menorca,53.66,69.21,76.3,P
2025-M04,2025,4,mensual,07033,Manacor,Mallorca,57.55,61.98,34.64,P
2025-M04,2025,4,mensual,07039,Muro,Mallorca,80.52,82.03,85.3,P
2025-M04,2025,4,mensual,07040,Palma,Mallorca,75.22,81.83,79.57,P
2025-M04,2025,4,mensual,07042,Pollença,Mallorca,68.44,72.9,74.31,P
2025-M04,2025,4,mensual,07046,Sant Antoni de Portmany,Eivissa,45.1,52.3,49.53,P
2025-M04,2025,4,mensual,07048,Sant Josep de sa Talaia,Eivissa,,,,U
2025-M04,2025,4,mensual,07050,Sant Joan de Labritja,Eivissa,,,,U
2025-M04,2025,4,mensual,07051,Sant Llorenç des Cardassar,Mallorca,85.87,88.36,84.84,P
2025-M04,2025,4,mensual,07052,Sant Lluís,Menorca,,,,U
2025-M04,2025,4,mensual,07054,Santa Eulària des Riu,Eivissa,,,,U
2025-M04,2025,4,mensual,07055,Santa Margalida,Mallorca,46.27,50.26,48.43,P
2025-M04,2025,4,mensual,07057,Santanyí,Mallorca,,,,U
2025-M04,2025,4,mensual,07059,Ses Salines,Mallorca,,,,U
2025-M04,2025,4,mensual,07061,Sóller,Mallorca,89.43,89.29,91.82,P
2025-M04,2025,4,mensual,07062,Son Servera,Mallorca,69.15,69.7,62.44,P
2025-M05,2025,5,mensual,07002,Alaior,Menorca,62.23,67.44,48.34,P
2025-M05,2025,5,mensual,07003,Alcúdia,Mallorca,75.94,83.96,78.03,P
2025-M05,2025,5,mensual,07005,Andratx,Mallorca,63.44,75.53,64.71,P
2025-M05,2025,5,mensual,07011,Calvià,Mallorca,74.95,80.62,77.43,P
2025-M05,2025,5,mensual,07014,Capdepera,Mallorca,55.34,64.86,55.71,P
2025-M05,2025,5,mensual,07015,Ciutadella de Menorca,Menorca,62.87,69.6,61.7,P
2025-M05,2025,5,mensual,07022,Felanitx,Mallorca,74.74,78.25,65.78,P
2025-M05,2025,5,mensual,07024,Formentera,Formentera,43.18,46.8,50.54,P
2025-M05,2025,5,mensual,07026,Eivissa,Eivissa,67.57,78.25,70.74,P
2025-M05,2025,5,mensual,07031,Llucmajor,Mallorca,,,,U
2025-M05,2025,5,mensual,07032,Maó,Menorca,49.81,69.52,60.12,P
2025-M05,2025,5,mensual,07033,Manacor,Mallorca,69.47,69.36,69.1,P
2025-M05,2025,5,mensual,07039,Muro,Mallorca,72.87,76.37,66.39,P
2025-M05,2025,5,mensual,07040,Palma,Mallorca,77.01,84.95,83.15,P
2025-M05,2025,5,mensual,07042,Pollença,Mallorca,78.33,82.25,80.73,P
2025-M05,2025,5,mensual,07046,Sant Antoni de Portmany,Eivissa,58.09,61.33,58.76,P
2025-M05,2025,5,mensual,07048,Sant Josep de sa Talaia,Eivissa,72.33,73.07,73.6,P
2025-M05,2025,5,mensual,07050,Sant Joan de Labritja,Eivissa,,,,U
2025-M05,2025,5,mensual,07051,Sant Llorenç des Cardassar,Mallorca,68.64,78.47,72.64,P
2025-M05,2025,5,mensual,07052,Sant Lluís,Menorca,,,,U
2025-M05,2025,5,mensual,07054,Santa Eulària des Riu,Eivissa,72.3,72.25,69.0,P
2025-M05,2025,5,mensual,07055,Santa Margalida,Mallorca,74.88,79.44,77.27,P
2025-M05,2025,5,mensual,07057,Santanyí,Mallorca,61.33,62.64,60.27,P
2025-M05,2025,5,mensual,07059,Ses Salines,Mallorca,57.37,67.32,59.42,P
2025-M05,2025,5,mensual,07061,Sóller,Mallorca,85.49,88.65,88.58,P
2025-M05,2025,5,mensual,07062,Son Servera,Mallorca,62.72,69.68,60.9,P
2025-M06,2025,6,mensual,07002,Alaior,Menorca,78.12,81.47,79.68,P
2025-M06,2025,6,mensual,07003,Alcúdia,Mallorca,88.04,92.94,82.8,P
2025-M06,2025,6,mensual,07005,Andratx,Mallorca,74.01,80.2,76.58,P
2025-M06,2025,6,mensual,07011,Calvià,Mallorca,84.43,89.3,86.25,P
2025-M06,2025,6,mensual,07014,Capdepera,Mallorca,72.67,79.44,75.36,P
2025-M06,2025,6,mensual,07015,Ciutadella de Menorca,Menorca,80.64,88.2,79.5,P
2025-M06,2025,6,mensual,07022,Felanitx,Mallorca,84.59,86.98,85.8,P
2025-M06,2025,6,mensual,07024,Formentera,Formentera,73.74,73.43,73.52,P
2025-M06,2025,6,mensual,07026,Eivissa,Eivissa,76.88,84.94,86.94,P
2025-M06,2025,6,mensual,07031,Llucmajor,Mallorca,82.08,85.38,84.71,P
2025-M06,2025,6,mensual,07032,Maó,Menorca,66.91,89.4,79.65,P
2025-M06,2025,6,mensual,07033,Manacor,Mallorca,83.16,81.91,79.16,P
2025-M06,2025,6,mensual,07039,Muro,Mallorca,90.81,92.24,87.6,P
2025-M06,2025,6,mensual,07040,Palma,Mallorca,84.92,89.82,89.82,P
2025-M06,2025,6,mensual,07042,Pollença,Mallorca,86.29,85.4,90.03,P
2025-M06,2025,6,mensual,07046,Sant Antoni de Portmany,Eivissa,80.74,85.18,88.44,P
2025-M06,2025,6,mensual,07048,Sant Josep de sa Talaia,Eivissa,78.58,84.82,81.49,P
2025-M06,2025,6,mensual,07050,Sant Joan de Labritja,Eivissa,73.45,76.8,75.39,P
2025-M06,2025,6,mensual,07051,Sant Llorenç des Cardassar,Mallorca,85.16,89.56,85.49,P
2025-M06,2025,6,mensual,07052,Sant Lluís,Menorca,69.64,82.35,70.99,P
2025-M06,2025,6,mensual,07054,Santa Eulària des Riu,Eivissa,80.94,84.09,82.94,P
2025-M06,2025,6,mensual,07055,Santa Margalida,Mallorca,84.21,91.22,86.53,P
2025-M06,2025,6,mensual,07057,Santanyí,Mallorca,76.88,81.6,78.03,P
2025-M06,2025,6,mensual,07059,Ses Salines,Mallorca,69.19,79.47,67.71,P
2025-M06,2025,6,mensual,07061,Sóller,Mallorca,88.58,93.3,91.08,P
2025-M06,2025,6,mensual,07062,Son Servera,Mallorca,87.99,92.4,88.77,P
2025-M07,2025,7,mensual,07002,Alaior,Menorca,76.26,77.64,77.97,P
2025-M07,2025,7,mensual,07003,Alcúdia,Mallorca,86.67,93.25,84.97,P
2025-M07,2025,7,mensual,07005,Andratx,Mallorca,79.65,82.76,81.09,P
2025-M07,2025,7,mensual,07011,Calvià,Mallorca,88.51,89.58,89.42,P
2025-M07,2025,7,mensual,07014,Capdepera,Mallorca,87.69,88.93,86.14,P
2025-M07,2025,7,mensual,07015,Ciutadella de Menorca,Menorca,88.2,89.28,87.31,P
2025-M07,2025,7,mensual,07022,Felanitx,Mallorca,87.88,93.09,86.74,P
2025-M07,2025,7,mensual,07024,Formentera,Formentera,81.97,82.77,88.69,P
2025-M07,2025,7,mensual,07026,Eivissa,Eivissa,82.96,88.9,88.11,P
2025-M07,2025,7,mensual,07031,Llucmajor,Mallorca,92.35,92.47,90.68,P
2025-M07,2025,7,mensual,07032,Maó,Menorca,73.2,89.15,74.41,P
2025-M07,2025,7,mensual,07033,Manacor,Mallorca,80.47,82.51,85.18,P
2025-M07,2025,7,mensual,07039,Muro,Mallorca,87.62,91.77,89.41,P
2025-M07,2025,7,mensual,07040,Palma,Mallorca,89.05,91.42,91.91,P
2025-M07,2025,7,mensual,07042,Pollença,Mallorca,90.96,87.69,91.54,P
2025-M07,2025,7,mensual,07046,Sant Antoni de Portmany,Eivissa,83.11,84.67,85.18,P
2025-M07,2025,7,mensual,07048,Sant Josep de sa Talaia,Eivissa,83.24,87.45,86.0,P
2025-M07,2025,7,mensual,07050,Sant Joan de Labritja,Eivissa,76.67,77.9,76.0,P
2025-M07,2025,7,mensual,07051,Sant Llorenç des Cardassar,Mallorca,94.21,92.3,88.76,P
2025-M07,2025,7,mensual,07052,Sant Lluís,Menorca,81.01,88.06,77.39,P
2025-M07,2025,7,mensual,07054,Santa Eulària des Riu,Eivissa,83.08,85.55,88.31,P
2025-M07,2025,7,mensual,07055,Santa Margalida,Mallorca,91.42,93.15,93.34,P
2025-M07,2025,7,mensual,07057,Santanyí,Mallorca,82.12,87.14,88.4,P
2025-M07,2025,7,mensual,07059,Ses Salines,Mallorca,72.53,81.03,75.26,P
2025-M07,2025,7,mensual,07061,Sóller,Mallorca,91.47,94.88,93.5,P
2025-M07,2025,7,mensual,07062,Son Servera,Mallorca,87.67,94.03,89.18,P
2025-M08,2025,8,mensual,07002,Alaior,Menorca,88.97,89.33,79.48,P
2025-M08,2025,8,mensual,07003,Alcúdia,Mallorca,88.73,95.43,88.31,P
2025-M08,2025,8,mensual,07005,Andratx,Mallorca,83.52,85.32,83.38,P
2025-M08,2025,8,mensual,07011,Calvià,Mallorca,93.1,93.25,92.66,P
2025-M08,2025,8,mensual,07014,Capdepera,Mallorca,85.25,88.48,83.75,P
2025-M08,2025,8,mensual,07015,Ciutadella de Menorca,Menorca,86.06,91.65,88.87,P
2025-M08,2025,8,mensual,07022,Felanitx,Mallorca,89.17,92.15,87.33,P
2025-M08,2025,8,mensual,07024,Formentera,Formentera,87.31,89.39,85.37,P
2025-M08,2025,8,mensual,07026,Eivissa,Eivissa,84.62,90.14,87.07,P
2025-M08,2025,8,mensual,07031,Llucmajor,Mallorca,93.5,94.66,90.85,P
2025-M08,2025,8,mensual,07032,Maó,Menorca,78.07,91.8,71.89,P
2025-M08,2025,8,mensual,07033,Manacor,Mallorca,90.1,86.06,79.53,P
2025-M08,2025,8,mensual,07039,Muro,Mallorca,89.67,94.3,91.01,P
2025-M08,2025,8,mensual,07040,Palma,Mallorca,91.7,93.23,93.39,P
2025-M08,2025,8,mensual,07042,Pollença,Mallorca,91.87,87.35,91.31,P
2025-M08,2025,8,mensual,07046,Sant Antoni de Portmany,Eivissa,86.58,89.7,88.32,P
2025-M08,2025,8,mensual,07048,Sant Josep de sa Talaia,Eivissa,88.64,90.6,84.07,P
2025-M08,2025,8,mensual,07050,Sant Joan de Labritja,Eivissa,81.81,82.93,85.07,P
2025-M08,2025,8,mensual,07051,Sant Llorenç des Cardassar,Mallorca,91.92,92.56,91.32,P
2025-M08,2025,8,mensual,07052,Sant Lluís,Menorca,82.61,89.7,79.35,P
2025-M08,2025,8,mensual,07054,Santa Eulària des Riu,Eivissa,84.81,87.14,83.47,P
2025-M08,2025,8,mensual,07055,Santa Margalida,Mallorca,92.82,96.04,92.41,P
2025-M08,2025,8,mensual,07057,Santanyí,Mallorca,81.85,86.88,86.81,P
2025-M08,2025,8,mensual,07059,Ses Salines,Mallorca,78.32,85.6,78.33,P
2025-M08,2025,8,mensual,07061,Sóller,Mallorca,90.57,93.83,92.33,P
2025-M08,2025,8,mensual,07062,Son Servera,Mallorca,91.01,94.09,91.61,P
2025-M09,2025,9,mensual,07002,Alaior,Menorca,67.81,76.16,78.41,P
2025-M09,2025,9,mensual,07003,Alcúdia,Mallorca,79.72,93.96,80.01,P
2025-M09,2025,9,mensual,07005,Andratx,Mallorca,77.32,87.71,79.93,P
2025-M09,2025,9,mensual,07011,Calvià,Mallorca,87.6,91.91,89.2,P
2025-M09,2025,9,mensual,07014,Capdepera,Mallorca,72.52,87.87,74.07,P
2025-M09,2025,9,mensual,07015,Ciutadella de Menorca,Menorca,78.31,89.56,79.72,P
2025-M09,2025,9,mensual,07022,Felanitx,Mallorca,85.15,92.34,79.48,P
2025-M09,2025,9,mensual,07024,Formentera,Formentera,79.15,84.15,84.87,P
2025-M09,2025,9,mensual,07026,Eivissa,Eivissa,78.14,85.66,82.78,P
2025-M09,2025,9,mensual,07031,Llucmajor,Mallorca,89.35,93.67,87.11,P
2025-M09,2025,9,mensual,07032,Maó,Menorca,61.51,85.66,80.93,P
2025-M09,2025,9,mensual,07033,Manacor,Mallorca,83.07,86.55,75.33,P
2025-M09,2025,9,mensual,07039,Muro,Mallorca,83.7,93.18,85.59,P
2025-M09,2025,9,mensual,07040,Palma,Mallorca,82.54,88.73,87.55,P
2025-M09,2025,9,mensual,07042,Pollença,Mallorca,88.38,91.48,89.79,P
2025-M09,2025,9,mensual,07046,Sant Antoni de Portmany,Eivissa,82.41,86.74,83.59,P
2025-M09,2025,9,mensual,07048,Sant Josep de sa Talaia,Eivissa,79.61,85.22,79.1,P
2025-M09,2025,9,mensual,07050,Sant Joan de Labritja,Eivissa,74.74,77.85,75.36,P
2025-M09,2025,9,mensual,07051,Sant Llorenç des Cardassar,Mallorca,83.93,92.4,82.59,P
2025-M09,2025,9,mensual,07052,Sant Lluís,Menorca,68.69,85.64,68.63,P
2025-M09,2025,9,mensual,07054,Santa Eulària des Riu,Eivissa,78.09,83.61,78.84,P
2025-M09,2025,9,mensual,07055,Santa Margalida,Mallorca,84.48,91.88,84.5,P
2025-M09,2025,9,mensual,07057,Santanyí,Mallorca,75.83,85.97,78.87,P
2025-M09,2025,9,mensual,07059,Ses Salines,Mallorca,83.87,95.34,90.78,P
2025-M09,2025,9,mensual,07061,Sóller,Mallorca,87.07,93.88,88.11,P
2025-M09,2025,9,mensual,07062,Son Servera,Mallorca,74.7,90.83,76.08,P
2025-M10,2025,10,mensual,07002,Alaior,Menorca,,,,U
2025-M10,2025,10,mensual,07003,Alcúdia,Mallorca,69.49,80.34,73.66,P
2025-M10,2025,10,mensual,07005,Andratx,Mallorca,65.13,70.66,68.52,P
2025-M10,2025,10,mensual,07011,Calvià,Mallorca,74.05,77.11,73.55,P
2025-M10,2025,10,mensual,07014,Capdepera,Mallorca,46.37,52.37,47.81,P
2025-M10,2025,10,mensual,07015,Ciutadella de Menorca,Menorca,53.4,58.49,54.79,P
2025-M10,2025,10,mensual,07022,Felanitx,Mallorca,65.77,70.23,72.48,P
2025-M10,2025,10,mensual,07024,Formentera,Formentera,47.41,51.37,59.58,P
2025-M10,2025,10,mensual,07026,Eivissa,Eivissa,60.98,69.4,66.49,P
2025-M10,2025,10,mensual,07031,Llucmajor,Mallorca,67.75,69.54,79.1,P
2025-M10,2025,10,mensual,07032,Maó,Menorca,49.37,68.33,63.1,P
2025-M10,2025,10,mensual,07033,Manacor,Mallorca,66.27,66.66,64.78,P
2025-M10,2025,10,mensual,07039,Muro,Mallorca,78.88,78.31,78.75,P
2025-M10,2025,10,mensual,07040,Palma,Mallorca,70.65,77.66,78.68,P
2025-M10,2025,10,mensual,07042,Pollença,Mallorca,68.79,71.97,74.21,P
2025-M10,2025,10,mensual,07046,Sant Antoni de Portmany,Eivissa,58.34,63.92,66.46,P
2025-M10,2025,10,mensual,07048,Sant Josep de sa Talaia,Eivissa,60.83,64.75,65.06,P
2025-M10,2025,10,mensual,07050,Sant Joan de Labritja,Eivissa,60.56,66.31,68.3,P
2025-M10,2025,10,mensual,07051,Sant Llorenç des Cardassar,Mallorca,68.97,75.85,69.81,P
2025-M10,2025,10,mensual,07052,Sant Lluís,Menorca,45.94,57.33,47.43,P
2025-M10,2025,10,mensual,07054,Santa Eulària des Riu,Eivissa,61.31,66.03,59.88,P
2025-M10,2025,10,mensual,07055,Santa Margalida,Mallorca,68.94,71.97,68.61,P
2025-M10,2025,10,mensual,07057,Santanyí,Mallorca,66.62,74.99,75.44,P
2025-M10,2025,10,mensual,07059,Ses Salines,Mallorca,62.59,74.88,65.29,P
2025-M10,2025,10,mensual,07061,Sóller,Mallorca,82.97,89.41,85.96,P
2025-M10,2025,10,mensual,07062,Son Servera,Mallorca,63.81,77.14,71.01,P
2025-M11,2025,11,mensual,07002,Alaior,Menorca,,,,U
2025-M11,2025,11,mensual,07003,Alcúdia,Mallorca,,,,U
2025-M11,2025,11,mensual,07005,Andratx,Mallorca,,,,U
2025-M11,2025,11,mensual,07011,Calvià,Mallorca,36.53,49.19,54.98,P
2025-M11,2025,11,mensual,07014,Capdepera,Mallorca,,,,U
2025-M11,2025,11,mensual,07015,Ciutadella de Menorca,Menorca,,,,U
2025-M11,2025,11,mensual,07022,Felanitx,Mallorca,,,,U
2025-M11,2025,11,mensual,07024,Formentera,Formentera,,,,U
2025-M11,2025,11,mensual,07026,Eivissa,Eivissa,40.57,53.83,50.74,P
2025-M11,2025,11,mensual,07031,Llucmajor,Mallorca,,,,U
2025-M11,2025,11,mensual,07032,Maó,Menorca,,,,U
2025-M11,2025,11,mensual,07033,Manacor,Mallorca,,,,U
2025-M11,2025,11,mensual,07039,Muro,Mallorca,,,,U
2025-M11,2025,11,mensual,07040,Palma,Mallorca,49.85,60.3,58.44,P
2025-M11,2025,11,mensual,07042,Pollença,Mallorca,,,,U
2025-M11,2025,11,mensual,07046,Sant Antoni de Portmany,Eivissa,,,,U
2025-M11,2025,11,mensual,07048,Sant Josep de sa Talaia,Eivissa,,,,U
2025-M11,2025,11,mensual,07050,Sant Joan de Labritja,Eivissa,,,,U
2025-M11,2025,11,mensual,07051,Sant Llorenç des Cardassar,Mallorca,,,,U
2025-M11,2025,11,mensual,07052,Sant Lluís,Menorca,,,,U
2025-M11,2025,11,mensual,07054,Santa Eulària des Riu,Eivissa,,,,U
2025-M11,2025,11,mensual,07055,Santa Margalida,Mallorca,,,,U
2025-M11,2025,11,mensual,07057,Santanyí,Mallorca,,,,U
2025-M11,2025,11,mensual,07059,Ses Salines,Mallorca,,,,U
2025-M11,2025,11,mensual,07061,Sóller,Mallorca,,,,U
2025-M11,2025,11,mensual,07062,Son Servera,Mallorca,,,,U
2025-M12,2025,12,mensual,07002,Alaior,Menorca,,,,U
2025-M12,2025,12,mensual,07003,Alcúdia,Mallorca,,,,U
2025-M12,2025,12,mensual,07005,Andratx,Mallorca,,,,U
2025-M12,2025,12,mensual,07011,Calvià,Mallorca,26.17,36.99,32.62,P
2025-M12,2025,12,mensual,07014,Capdepera,Mallorca,,,,U
2025-M12,2025,12,mensual,07015,Ciutadella de Menorca,Menorca,,,,U
2025-M12,2025,12,mensual,07022,Felanitx,Mallorca,,,,U
2025-M12,2025,12,mensual,07024,Formentera,Formentera,,,,U
2025-M12,2025,12,mensual,07026,Eivissa,Eivissa,40.39,50.01,45.83,P
2025-M12,2025,12,mensual,07031,Llucmajor,Mallorca,,,,U
2025-M12,2025,12,mensual,07032,Maó,Menorca,,,,U
2025-M12,2025,12,mensual,07033,Manacor,Mallorca,,,,U
2025-M12,2025,12,mensual,07039,Muro,Mallorca,,,,U
2025-M12,2025,12,mensual,07040,Palma,Mallorca,43.87,50.18,49.38,P
2025-M12,2025,12,mensual,07042,Pollença,Mallorca,,,,U
2025-M12,2025,12,mensual,07046,Sant Antoni de Portmany,Eivissa,,,,U
2025-M12,2025,12,mensual,07048,Sant Josep de sa Talaia,Eivissa,,,,U
2025-M12,2025,12,mensual,07050,Sant Joan de Labritja,Eivissa,,,,U
2025-M12,2025,12,mensual,07051,Sant Llorenç des Cardassar,Mallorca,,,,U
2025-M12,2025,12,mensual,07052,Sant Lluís,Menorca,,,,U
2025-M12,2025,12,mensual,07054,Santa Eulària des Riu,Eivissa,,,,U
2025-M12,2025,12,mensual,07055,Santa Margalida,Mallorca,,,,U
2025-M12,2025,12,mensual,07057,Santanyí,Mallorca,,,,U
2025-M12,2025,12,mensual,07059,Ses Salines,Mallorca,,,,U
2025-M12,2025,12,mensual,07061,Sóller,Mallorca,,,,U
2025-M12,2025,12,mensual,07062,Son Servera,Mallorca,,,,U
